CustomerAccountNumber,TotalAmount,AvgAmount,TransactionCount,AvgBalance
CUST10000311359,749.31,749.31,1,367692.56
CUST10001035414,140.32,140.32,1,250125.92
CUST10003181749,1140.51,1140.51,1,444927.74
CUST10008125098,1041.07,1041.07,1,344391.83
CUST10009880661,10666.3,10666.3,1,88878.89
CUST10011476578,581.81,581.81,1,221954.66
CUST10011615533,5411.49,5411.49,1,109936.74
CUST10019987833,1131.76,1131.76,1,303202.82
CUST10022655151,2160.54,2160.54,1,440962.61
CUST10025907735,9518.63,9518.63,1,237076.8
CUST10026284897,310.44,310.44,1,407331.08
CUST10034027379,3371.41,3371.41,1,336438.54
CUST10036643373,2773.41,2773.41,1,222437.66
CUST10036744539,55.16,55.16,1,25521.29
CUST10044093982,1770.81,1770.81,1,258681.57
CUST10047502721,596.62,596.62,1,97322.34
CUST10051533964,4100.68,4100.68,1,450432.59
CUST10057105522,981.24,981.24,1,87134.14
CUST10060512248,140.13,140.13,1,92893.08
CUST10069344242,550.91,550.91,1,471952.61
CUST10076890829,1920.57,1920.57,1,27639.9
CUST10082050139,232.96,232.96,1,378389.72
CUST10084417464,3851.61,3851.61,1,385367.34
CUST10085286025,632.71,632.71,1,496.23
CUST10087742758,320.01,320.01,1,249591.73
CUST10095277815,140.17,140.17,1,89081.07
CUST10102289326,579.88,579.88,1,68096.15
CUST10108962996,127.95,127.95,1,100101.32
CUST10112393230,413.87,413.87,1,433123.53
CUST10120428747,265.9,265.9,1,336188.11
CUST10136222604,3688.36,3688.36,1,148468.15
CUST10140001852,4087.17,4087.17,1,136120.28
CUST10145354599,397.65,397.65,1,120333.45
CUST10149968821,5827.48,5827.48,1,458100.04
CUST10156565014,181.45,181.45,1,482953.8
CUST10165517230,1972.95,1972.95,1,238040.33
CUST10165867662,935.78,935.78,1,191996.28
CUST10166799721,191.97,191.97,1,233529.71
CUST10172972616,521.41,521.41,1,159698.33
CUST10175728329,356.4,356.4,1,149440.3
CUST10185159136,333.78,333.78,1,305590.77
CUST10189026772,855.94,855.94,1,228726.51
CUST10190340599,231.98,231.98,1,328691.29
CUST10190722812,1544.22,1544.22,1,496079.17
CUST10195189896,4075.1,4075.1,1,437276.96
CUST10198241583,471.66,471.66,1,218268.14
CUST10205736765,382.11,382.11,1,28611.88
CUST10206966465,1018.11,1018.11,1,261409.36
CUST10209822668,2835.54,2835.54,1,22043.61
CUST10221037656,104.15,104.15,1,429888.52
CUST10221577028,336.16,336.16,1,78800.71
CUST10232192470,2159.72,2159.72,1,143944.15
CUST10235189064,89.25,89.25,1,448304.36
CUST10251114647,164.52,164.52,1,319641.24
CUST10253777066,282.74,282.74,1,412937.67
CUST10256285901,129.08,129.08,1,375693.56
CUST10259116298,426.37,426.37,1,203436.44
CUST10264170355,500.4,500.4,1,91601.68
CUST10266805568,817.93,817.93,1,414082.27
CUST10276908072,929.89,929.89,1,89703.69
CUST10289456747,660.49,660.49,1,141477.65
CUST10291382218,2580.39,2580.39,1,53071.83
CUST10293683581,280.77,280.77,1,274719.51
CUST10303402682,877.26,877.26,1,103299.08
CUST10304401362,281.49,281.49,1,303089.37
CUST10305747533,38.89,38.89,1,474598.06
CUST10311615344,578.47,578.47,1,67820.36
CUST10312949285,7470.11,7470.11,1,197698.87
CUST10314008759,558.07,558.07,1,329272.96
CUST10316334327,1073.92,1073.92,1,67910.4
CUST10323591513,488.15,488.15,1,423435.87
CUST10330370539,4124.89,4124.89,1,414009.53
CUST10331071020,954.6,954.6,1,283203.21
CUST10333170859,559.27,559.27,1,416919.73
CUST10333218071,147.09,147.09,1,316885.62
CUST10337158737,141.55,141.55,1,417618.81
CUST10341600690,1960.65,1960.65,1,6604.71
CUST10343776650,12765.24,12765.24,1,373521.65
CUST10345115695,1590.83,1590.83,1,233637.48
CUST10353459142,2168.23,2168.23,1,319866.91
CUST10366493417,137.64,137.64,1,251737.51
CUST10369129114,579.38,579.38,1,337838.07
CUST10371529741,655.92,655.92,1,478469.03
CUST10377069278,372.89,372.89,1,408054.37
CUST10379491471,400.98,400.98,1,470306.15
CUST10382998899,1088.12,1088.12,1,167347.7
CUST10388163863,1136.23,1136.23,1,9182.66
CUST10394415627,2749.95,2749.95,1,111294.75
CUST10399067830,645.61,645.61,1,440776.26
CUST10408765253,1317.83,1317.83,1,253855.86
CUST10412272923,188.66,188.66,1,67906.97
CUST10432124894,2218.36,2218.36,1,127117.43
CUST10435593570,1885.45,1885.45,1,17876.11
CUST10439477069,1918.06,1918.06,1,80758.0
CUST10450192992,1167.22,1167.22,1,309481.97
CUST10452971172,797.29,797.29,1,139451.69
CUST10462187954,654.58,654.58,1,430131.07
CUST10463760812,910.77,910.77,1,321493.54
CUST10465345678,734.72,734.72,1,14969.17
CUST10467469333,354.77,354.77,1,379757.19
CUST10469819958,1532.62,1532.62,1,139053.64
CUST10470735539,772.46,772.46,1,109740.59
CUST10477934395,506.34,506.34,1,236740.4
CUST10490651227,1119.36,1119.36,1,226428.19
CUST10492586078,414.72,414.72,1,128414.79
CUST10499081800,1502.04,1502.04,1,359032.81
CUST10507695800,204.68,204.68,1,97379.48
CUST10510934068,3601.6,3601.6,1,19358.64
CUST10514626702,211.19,211.19,1,426055.01
CUST10517499461,536.24,536.24,1,13244.88
CUST10521096133,57.22,57.22,1,453244.62
CUST10537297767,234.42,234.42,1,147731.36
CUST10537948211,1379.63,1379.63,1,322475.19
CUST10539091909,242.92,242.92,1,320153.68
CUST10539367598,1929.98,1929.98,1,27138.92
CUST10541368739,1215.94,1215.94,1,236140.46
CUST10551449413,3524.51,3524.51,1,374687.02
CUST10567683268,1393.89,1393.89,1,174980.57
CUST10573321170,1265.42,1265.42,1,239619.26
CUST10573850048,1007.22,1007.22,1,127459.6
CUST10577164644,2443.25,2443.25,1,183572.21
CUST10587424958,273.26,273.26,1,433648.27
CUST10594570956,430.01,430.01,1,86503.21
CUST10598535785,130.57,130.57,1,146058.67
CUST10601324819,6342.93,6342.93,1,1624.62
CUST10603408522,3583.36,3583.36,1,184578.34
CUST10604531840,983.5,983.5,1,74077.58
CUST10610712844,1027.65,1027.65,1,146827.38
CUST10612339970,1196.41,1196.41,1,469103.38
CUST10612679764,1178.94,1178.94,1,76018.16
CUST10620217813,274.68,274.68,1,456167.72
CUST10624574344,429.25,429.25,1,473915.15
CUST10624834883,131.39,131.39,1,18575.31
CUST10625793362,1079.02,1079.02,1,376611.38
CUST10626093045,3690.44,3690.44,1,402621.85
CUST10627550645,465.34,465.34,1,133690.13
CUST10629441341,749.53,749.53,1,341295.95
CUST10633820988,552.85,552.85,1,129610.72
CUST10636219431,1704.88,1704.88,1,327496.62
CUST10638919858,1016.44,1016.44,1,323643.66
CUST10640610646,734.43,734.43,1,180357.08
CUST10645046796,211.47,211.47,1,51611.91
CUST10659754058,1202.76,1202.76,1,181384.59
CUST10662315900,596.61,596.61,1,63208.83
CUST10669549567,693.27,693.27,1,446725.91
CUST10676355839,170.18,170.18,1,254143.59
CUST10685406210,919.2,919.2,1,371973.92
CUST10688652241,4367.11,4367.11,1,20503.76
CUST10689987258,597.08,597.08,1,175030.52
CUST10690107935,416.5,416.5,1,382704.25
CUST10702137902,100.79,100.79,1,185136.25
CUST10714778370,61.16,61.16,1,67673.88
CUST10720340728,233.26,233.26,1,407683.64
CUST10723581006,1014.49,1014.49,1,354995.32
CUST10725652986,896.87,896.87,1,41846.35
CUST10744783113,2603.71,2603.71,1,275015.18
CUST10746818154,459.88,459.88,1,377534.45
CUST10747131724,1720.81,1720.81,1,129338.05
CUST10758621486,789.98,789.98,1,408427.91
CUST10761283052,824.68,824.68,1,40987.7
CUST10764109064,288.22,288.22,1,146571.82
CUST10766291598,1131.87,1131.87,1,96566.95
CUST10766734367,137.31,137.31,1,20320.47
CUST10786072383,1297.17,1297.17,1,37546.93
CUST10793480168,79.81,79.81,1,54199.13
CUST10802868871,95.67,95.67,1,14056.32
CUST10804813847,595.32,595.32,1,400575.47
CUST10814784490,2844.17,2844.17,1,347146.86
CUST10820718127,178.28,178.28,1,349194.94
CUST10821902865,2081.48,2081.48,1,484979.5
CUST10825031046,1668.54,1668.54,1,315758.8
CUST10826186404,10286.58,10286.58,1,488602.2
CUST10834754826,1357.18,1357.18,1,492188.07
CUST10838907890,109.2,109.2,1,351247.48
CUST10839138714,204.1,204.1,1,309528.29
CUST10844191262,396.26,396.26,1,200511.69
CUST10851408375,1949.98,1949.98,1,416898.67
CUST10854178824,111.25,111.25,1,205048.54
CUST10865708455,740.92,740.92,1,92058.39
CUST10869274621,313.37,313.37,1,434321.1
CUST10874853002,695.96,695.96,1,429085.83
CUST10875254812,2742.82,2742.82,1,173132.69
CUST10877094717,1316.02,1316.02,1,244036.71
CUST10882019889,410.19,410.19,1,479334.63
CUST10888926973,1275.24,1275.24,1,360467.9
CUST10895933654,2708.28,2708.28,1,324681.55
CUST10902276603,681.68,681.68,1,468104.99
CUST10904588768,2250.82,2250.82,1,282857.71
CUST10909638977,544.41,544.41,1,433126.48
CUST10913597811,57.68,57.68,1,255954.14
CUST10914531554,2006.29,2006.29,1,278777.35
CUST10925653691,115.98,115.98,1,316443.65
CUST10929675548,242.92,242.92,1,347971.68
CUST10930347708,55.45,55.45,1,495718.82
CUST10941035418,634.22,634.22,1,379044.78
CUST10942618856,1610.33,1610.33,1,80768.67
CUST10964673457,8083.46,8083.46,1,233509.7
CUST10970620689,426.31,426.31,1,396461.0
CUST10984451244,738.27,738.27,1,133408.2
CUST10987685194,12365.41,12365.41,1,128636.02
CUST10993540220,10150.72,10150.72,1,381815.34
CUST10994531301,457.8,457.8,1,138379.17
CUST10997451438,3438.5,3438.5,1,174380.25
CUST11016236492,1625.37,1625.37,1,182390.61
CUST11022700569,422.41,422.41,1,489857.68
CUST11026915121,635.72,635.72,1,331262.91
CUST11029085622,248.1,248.1,1,329349.35
CUST11029942452,1076.9,1076.9,1,426457.81
CUST11036360593,412.61,412.61,1,130431.32
CUST11038393500,201.28,201.28,1,336917.52
CUST11049197365,13922.97,13922.97,1,22646.83
CUST11054799243,164.97,164.97,1,151534.28
CUST11056330356,178.95,178.95,1,195091.44
CUST11060046983,109.69,109.69,1,257294.68
CUST11062540358,1371.14,1371.14,1,298225.93
CUST11063040147,2084.88,2084.88,1,184669.9
CUST11072651266,12676.29,12676.29,1,432097.21
CUST11072962633,594.01,594.01,1,114500.47
CUST11089487104,4793.76,4793.76,1,196821.81
CUST11092172803,3549.96,3549.96,1,39796.49
CUST11095425745,736.83,736.83,1,202861.77
CUST11098967986,165.22,165.22,1,331392.61
CUST11100112748,878.86,878.86,1,149534.19
CUST11103215004,232.98,232.98,1,291392.27
CUST11104955228,771.41,771.41,1,467126.01
CUST11110068103,161.05,161.05,1,126498.55
CUST11110540001,3114.05,3114.05,1,230450.16
CUST11117883154,144.34,144.34,1,483804.0
CUST11118543669,492.5,492.5,1,440818.43
CUST11119593140,7458.67,7458.67,1,68706.99
CUST11125663333,2477.13,2477.13,1,500261.36
CUST11133273976,485.12,485.12,1,109298.15
CUST11134897407,2664.53,2664.53,1,169875.83
CUST11147977942,1548.31,1548.31,1,101115.21
CUST11148100051,187.3,187.3,1,21705.86
CUST11148759741,10202.99,10202.99,1,472475.22
CUST11155695211,163.77,163.77,1,411145.92
CUST11158747593,148.04,148.04,1,74425.84
CUST11160194401,151.59,151.59,1,485904.69
CUST11162061416,165.19,165.19,1,262054.17
CUST11166005485,710.97,710.97,1,47390.14
CUST11168407047,4301.89,4301.89,1,375743.95
CUST11170382112,798.8,798.8,1,274897.15
CUST11173421551,3107.4,3107.4,1,64180.04
CUST11177472540,749.81,749.81,1,145511.43
CUST11181216309,1723.51,1723.51,1,403711.81
CUST11184769487,115.68,115.68,1,447667.48
CUST11192796784,1116.8,1116.8,1,144255.26
CUST11196269593,448.66,448.66,1,386120.57
CUST11201811593,2788.31,2788.31,1,76047.86
CUST11203511660,7132.79,7132.79,1,345773.1
CUST11204631770,992.37,992.37,1,438799.31
CUST11206787984,1621.62,1621.62,1,406540.21
CUST11208571812,372.32,372.32,1,278856.43
CUST11213749881,220.81,220.81,1,196733.22
CUST11214741296,2513.7,2513.7,1,268806.64
CUST11219377735,230.64,230.64,1,278246.49
CUST11221706736,136.03,136.03,1,6150.1
CUST11222463450,249.04,249.04,1,359492.3
CUST11227364147,970.62,970.62,1,261869.68
CUST11237973828,1084.93,1084.93,1,371412.86
CUST11239551042,3071.39,3071.39,1,428287.47
CUST11239696228,2607.4,2607.4,1,261689.75
CUST11242580227,2986.84,2986.84,1,318955.62
CUST11245307832,144.57,144.57,1,401221.66
CUST11247112947,3736.66,3736.66,1,343644.33
CUST11247437523,1068.16,1068.16,1,450276.79
CUST11247560494,536.75,536.75,1,217367.2
CUST11255408882,625.18,625.18,1,446503.47
CUST11262486889,186.27,186.27,1,197819.78
CUST11266524738,1808.63,1808.63,1,179516.99
CUST11271387818,2245.15,2245.15,1,344304.68
CUST11287220681,1841.06,1841.06,1,150377.69
CUST11291808858,290.55,290.55,1,337157.87
CUST11291819397,10235.13,10235.13,1,78141.2
CUST11300356413,695.71,695.71,1,342792.2
CUST11310088696,491.5,491.5,1,119201.96
CUST11311872452,1835.58,1835.58,1,125872.79
CUST11312471946,906.93,906.93,1,446097.13
CUST11312538792,556.94,556.94,1,396581.69
CUST11313637433,1397.82,1397.82,1,257167.9
CUST11317112818,947.03,947.03,1,452401.87
CUST11326096869,600.85,600.85,1,187204.04
CUST11331195345,219.43,219.43,1,207806.31
CUST11333039229,147.49,147.49,1,492845.19
CUST11333992835,4632.17,4632.17,1,136112.9
CUST11334933648,868.04,868.04,1,254271.21
CUST11343253218,21.22,21.22,1,39795.08
CUST11346506180,654.59,654.59,1,7165.93
CUST11357998798,93.58,93.58,1,212487.94
CUST11359422830,887.98,887.98,1,161654.57
CUST11361566608,627.43,627.43,1,154961.55
CUST11370825328,336.87,336.87,1,443882.95
CUST11384589009,994.39,994.39,1,113228.65
CUST11399267596,229.05,229.05,1,179660.75
CUST11399522129,8788.3,8788.3,1,46005.39
CUST11404842324,1262.9,1262.9,1,14642.85
CUST11409732062,4044.58,4044.58,1,431891.29
CUST11412784711,2211.84,2211.84,1,455612.33
CUST11420336973,132.12,132.12,1,69043.87
CUST11421071001,3113.4,3113.4,1,359253.66
CUST11421312425,561.95,561.95,1,362903.97
CUST11422766558,796.97,796.97,1,253452.99
CUST11423829685,124.68,124.68,1,319965.56
CUST11438888667,896.8,896.8,1,4891.02
CUST11443723091,356.67,356.67,1,343254.63
CUST11453346882,2165.93,2165.93,1,187582.19
CUST11461892961,205.01,205.01,1,227461.33
CUST11464963563,1091.53,1091.53,1,472692.26
CUST11473802737,635.86,635.86,1,351661.38
CUST11480812161,166.85,166.85,1,289050.39
CUST11487522988,2114.93,2114.93,1,193953.2
CUST11491167147,157.01,157.01,1,294307.5
CUST11493011621,712.83,712.83,1,2660.21
CUST11495121821,1583.42,1583.42,1,80630.04
CUST11497473523,317.34,317.34,1,30415.01
CUST11500494813,42.51,42.51,1,20192.85
CUST11515179159,11596.23,11596.23,1,19778.29
CUST11528023707,1646.66,1646.66,1,492567.75
CUST11537725028,386.6,386.6,1,374895.32
CUST11538826413,373.95,373.95,1,422396.37
CUST11548511978,290.53,290.53,1,310815.36
CUST11548577051,205.71,205.71,1,462496.15
CUST11553490351,132.43,132.43,1,91991.12
CUST11560191187,3149.45,3149.45,1,325347.03
CUST11574677415,445.03,445.03,1,110538.57
CUST11578699555,76.39,76.39,1,100751.85
CUST11582467319,161.71,161.71,1,65157.79
CUST11583430720,72.58,72.58,1,470235.41
CUST11590181914,702.54,702.54,1,150324.65
CUST11594577205,102.49,102.49,1,315604.09
CUST11596408868,76.62,76.62,1,394342.1
CUST11601335287,684.43,684.43,1,98762.07
CUST11604063728,1847.78,1847.78,1,146924.25
CUST11604807502,785.11,785.11,1,278263.09
CUST11604911430,1293.02,1293.02,1,387967.14
CUST11614351139,2932.58,2932.58,1,429217.0
CUST11618720252,734.43,734.43,1,277941.53
CUST11628345299,1714.11,1714.11,1,375223.92
CUST11629095461,219.05,219.05,1,421483.04
CUST11637086445,3701.55,3701.55,1,275465.87
CUST11648793280,43.96,43.96,1,229532.57
CUST11649371548,898.47,898.47,1,429268.57
CUST11650896535,641.3,641.3,1,440451.95
CUST11654551451,294.28,294.28,1,151876.13
CUST11654996488,273.89,273.89,1,352193.64
CUST11660867458,907.27,907.27,1,488907.18
CUST11661950007,1477.78,1477.78,1,339636.46
CUST11668515320,193.78,193.78,1,393687.44
CUST11670900528,36.91,36.91,1,198681.33
CUST11671080841,7466.09,7466.09,1,491511.36
CUST11687993419,1259.52,1259.52,1,106565.91
CUST11692071039,16137.21,16137.21,1,122436.36
CUST11694686414,4279.56,4279.56,1,129829.12
CUST11700478682,3411.13,3411.13,1,54774.95
CUST11723897606,3728.12,3728.12,1,27017.9
CUST11727720315,157.63,157.63,1,463976.53
CUST11729305677,487.58,487.58,1,153307.65
CUST11729523526,2224.68,2224.68,1,388950.28
CUST11732553940,3308.69,3308.69,1,456072.83
CUST11736234904,235.87,235.87,1,340385.07
CUST11739505047,5134.11,5134.11,1,470438.24
CUST11750141122,58680.89,58680.89,1,375984.76
CUST11766305678,953.77,953.77,1,40860.77
CUST11770228155,43.71,43.71,1,143534.65
CUST11775636070,604.37,604.37,1,59493.11
CUST11778661469,1806.37,1806.37,1,400990.55
CUST11785741849,462.21,462.21,1,199231.95
CUST11786609942,4978.46,4978.46,1,84586.1
CUST11790628626,612.03,612.03,1,176346.29
CUST11791357815,107592.07,107592.07,1,201095.41
CUST11791782643,61.77,61.77,1,72051.76
CUST11794176039,459.57,459.57,1,205683.51
CUST11794969091,1227.61,1227.61,1,15262.56
CUST11799966696,319.16,319.16,1,364913.1
CUST11806436910,144.69,144.69,1,223488.47
CUST11807935628,781.78,781.78,1,209517.48
CUST11811364085,322.79,322.79,1,136283.67
CUST11812361945,3110.07,3110.07,1,182164.59
CUST11815005904,606.76,606.76,1,6024.36
CUST11817393686,1414.96,1414.96,1,474031.0
CUST11819230165,626.81,626.81,1,429812.54
CUST11824981769,245.35,245.35,1,143044.8
CUST11830706597,532.9,532.9,1,167945.13
CUST11835700439,1612.92,1612.92,1,442890.17
CUST11840596835,904.63,904.63,1,400955.51
CUST11841683152,3333.04,3333.04,1,498462.96
CUST11841823558,1376.55,1376.55,1,410573.85
CUST11848089232,399.23,399.23,1,41139.02
CUST11856646104,1865.76,1865.76,1,306548.38
CUST11866107051,2822.65,2822.65,1,485731.31
CUST11867393644,3202.65,3202.65,1,266045.49
CUST11873593613,506.02,506.02,1,224208.35
CUST11882253253,799.63,799.63,1,118859.83
CUST11882967331,176.92,176.92,1,339156.03
CUST11887099343,94.0,94.0,1,378871.6
CUST11898674102,332.37,332.37,1,206974.71
CUST11912365732,2813.79,2813.79,1,322337.96
CUST11912374618,138.77,138.77,1,133048.76
CUST11914221814,127.41,127.41,1,470267.95
CUST11915531025,660.39,660.39,1,382977.83
CUST11922780654,19202.17,19202.17,1,193557.85
CUST11931320992,999.28,999.28,1,64436.88
CUST11936851587,838.45,838.45,1,185798.2
CUST11937160689,474.29,474.29,1,487170.32
CUST11956032515,378.73,378.73,1,127341.57
CUST11957772996,248.17,248.17,1,444065.05
CUST11963200272,550.5,550.5,1,320711.0
CUST11964933099,361.25,361.25,1,204723.51
CUST11970172981,1684.5,1684.5,1,211755.64
CUST11971139932,1001.11,1001.11,1,9105.63
CUST11971608803,624.24,624.24,1,248533.26
CUST11974282279,213.12,213.12,1,123058.64
CUST11975920582,434.92,434.92,1,433882.83
CUST11976556539,394.27,394.27,1,3489.33
CUST11981639435,4659.86,4659.86,1,63205.39
CUST11984470169,2253.59,2253.59,1,452101.52
CUST11985906498,583.62,583.62,1,76161.02
CUST11990369975,419.08,419.08,1,292895.93
CUST11992533910,433.6,433.6,1,99858.67
CUST11999588120,354.8,354.8,1,229523.26
CUST12000183006,365.27,365.27,1,69055.51
CUST12005547544,422.26,422.26,1,413584.67
CUST12023486529,547.69,547.69,1,169563.54
CUST12030552698,42.57,42.57,1,115778.01
CUST12031313702,702.52,702.52,1,342709.46
CUST12032208630,452.9,452.9,1,373680.37
CUST12040919886,332.44,332.44,1,199060.9
CUST12046169433,508.81,508.81,1,436599.6
CUST12055537051,541.92,541.92,1,231676.84
CUST12056662800,183.79,183.79,1,157750.98
CUST12060749745,1372.93,1372.93,1,448341.09
CUST12061760942,22062.08,22062.08,1,407105.59
CUST12066796804,4596.07,4596.07,1,278998.58
CUST12067304893,2448.36,2448.36,1,414179.84
CUST12069720401,350.46,350.46,1,367934.62
CUST12070177372,938.5,938.5,1,475988.28
CUST12076564736,2357.7,2357.7,1,33755.32
CUST12087571994,11764.53,11764.53,1,308522.79
CUST12092409893,774.62,774.62,1,422423.79
CUST12094705972,571.85,571.85,1,48580.78
CUST12095368833,1726.83,1726.83,1,117417.02
CUST12107860133,168.2,168.2,1,161374.16
CUST12110518103,682.89,682.89,1,16517.14
CUST12118324402,146.57,146.57,1,445774.53
CUST12119330639,379.74,379.74,1,473625.15
CUST12124236232,118.99,118.99,1,193522.06
CUST12124378175,12.43,12.43,1,120515.88
CUST12136678744,15702.84,15702.84,1,457953.33
CUST12142998889,4184.96,4184.96,1,439756.32
CUST12154832067,2101.08,2101.08,1,92149.65
CUST12170991077,773.78,773.78,1,412339.72
CUST12173380498,9156.31,9156.31,1,277241.07
CUST12182063594,1319.93,1319.93,1,500468.79
CUST12182207354,918.5,918.5,1,411940.45
CUST12189158951,174.55,174.55,1,123099.31
CUST12190453309,847.69,847.69,1,91133.97
CUST12193812427,2223.14,2223.14,1,67755.66
CUST12195475289,674.27,674.27,1,63709.38
CUST12198132653,265.25,265.25,1,175151.61
CUST12201519772,1636.4,1636.4,1,417154.25
CUST12204109012,486.53,486.53,1,246582.31
CUST12205598115,14447.08,14447.08,1,295621.58
CUST12211320756,176.86,176.86,1,202785.79
CUST12211713695,2536.51,2536.51,1,423720.01
CUST12213747479,161.31,161.31,1,257185.78
CUST12215853564,71.96,71.96,1,89479.51
CUST12216801141,3019.59,3019.59,1,281937.32
CUST12217300890,63.96,63.96,1,291836.06
CUST12222957197,505.0,505.0,1,81403.93
CUST12223152638,635.59,635.59,1,237828.04
CUST12223941106,3688.99,3688.99,1,158982.66
CUST12227985830,260.8,260.8,1,86212.12
CUST12233287731,37967.02,37967.02,1,329629.78
CUST12234922939,862.09,862.09,1,48755.57
CUST12237951358,114.43,114.43,1,5545.48
CUST12240957810,669.78,669.78,1,9380.55
CUST12242275591,309.93,309.93,1,267305.08
CUST12246779266,809.98,809.98,1,15943.86
CUST12252182490,1637.98,1637.98,1,309346.74
CUST12281193318,3160.85,3160.85,1,385704.48
CUST12281240041,293.12,293.12,1,153226.82
CUST12298864548,288.25,288.25,1,36056.61
CUST12301979780,416.61,416.61,1,307925.92
CUST12307012677,448.41,448.41,1,378226.1
CUST12311484844,214.72,214.72,1,369688.82
CUST12318363917,332.11,332.11,1,437071.67
CUST12324342254,910.17,910.17,1,184212.16
CUST12326593388,15083.45,15083.45,1,167303.61
CUST12334071425,2206.61,2206.61,1,433621.36
CUST12334422676,168.06,168.06,1,286106.45
CUST12339189727,484.41,484.41,1,379551.06
CUST12342779703,684.68,684.68,1,397442.44
CUST12349345090,678.81,678.81,1,250998.0
CUST12355146624,300.0,300.0,1,105819.8
CUST12356499858,419.53,419.53,1,393639.82
CUST12362657890,213.15,213.15,1,273482.06
CUST12373872939,690.81,690.81,1,373742.72
CUST12374124588,133.94,133.94,1,443712.59
CUST12392006084,1340.89,1340.89,1,60351.84
CUST12395868830,890.69,890.69,1,269497.32
CUST12403766478,1612.94,1612.94,1,284106.87
CUST12408626636,2068.0,2068.0,1,262468.59
CUST12419150540,205.66,205.66,1,394836.74
CUST12427292327,1121.83,1121.83,1,326677.88
CUST12429250022,1199.51,1199.51,1,108786.64
CUST12440288308,883.67,883.67,1,202634.08
CUST12441572471,1971.91,1971.91,1,346994.84
CUST12443216281,13725.36,13725.36,1,292237.09
CUST12445803421,226.87,226.87,1,405112.09
CUST12453367814,463.0,463.0,1,392848.35
CUST12454165583,1442.85,1442.85,1,287840.93
CUST12455450949,1332.5,1332.5,1,490380.09
CUST12458583307,10974.56,10974.56,1,47498.06
CUST12459713184,881.49,881.49,1,8696.75
CUST12459980187,2600.39,2600.39,1,148001.78
CUST12462139838,358.72,358.72,1,335646.27
CUST12470535013,42349.96,42349.96,1,103810.05
CUST12479353737,947.38,947.38,1,271704.88
CUST12481817739,351.28,351.28,1,68479.66
CUST12486989235,2194.94,2194.94,1,25228.9
CUST12489535332,3476.56,3476.56,1,150138.66
CUST12493889295,275.34,275.34,1,120133.74
CUST12504898846,447.92,447.92,1,473432.48
CUST12507607714,6068.82,6068.82,1,253728.88
CUST12521926262,130.86,130.86,1,286115.86
CUST12536050206,16.22,16.22,1,250639.2
CUST12541687076,5505.5,5505.5,1,427512.6
CUST12550969421,142.43,142.43,1,353124.5
CUST12554947458,1328.76,1328.76,1,123356.48
CUST12556371051,4753.48,4753.48,1,47731.3
CUST12556609233,667.0,667.0,1,2148.46
CUST12557253090,136.45,136.45,1,483341.54
CUST12559402688,313.17,313.17,1,92750.42
CUST12559789984,2889.19,2889.19,1,453107.71
CUST12564418312,514.95,514.95,1,206060.89
CUST12566948814,502.75,502.75,1,401733.71
CUST12578785317,248.97,248.97,1,401016.21
CUST12586045617,32.55,32.55,1,179514.65
CUST12598187816,464.65,464.65,1,441725.71
CUST12605497677,721.39,721.39,1,215367.94
CUST12611336587,270.24,270.24,1,391160.48
CUST12612521451,127.67,127.67,1,23110.42
CUST12627254482,258.58,258.58,1,431213.64
CUST12631841596,1828.95,1828.95,1,370518.38
CUST12633753118,1387.31,1387.31,1,153169.92
CUST12640779088,2891.11,2891.11,1,486068.85
CUST12651803394,177.14,177.14,1,76504.17
CUST12653155898,8625.03,8625.03,1,341280.64
CUST12655164931,503.6,503.6,1,464785.39
CUST12663480708,2919.93,2919.93,1,295311.29
CUST12673049346,1100.65,1100.65,1,94151.39
CUST12677743243,374.7,374.7,1,219845.13
CUST12680094643,559.87,559.87,1,431866.92
CUST12680370404,1124.95,1124.95,1,34152.45
CUST12682284271,277.52,277.52,1,234717.35
CUST12698105523,955.81,955.81,1,478059.91
CUST12705028705,745.25,745.25,1,105284.62
CUST12715744496,644.7,644.7,1,278539.12
CUST12718951471,392.46,392.46,1,263384.4
CUST12719251177,150.67,150.67,1,162736.56
CUST12721805433,154.06,154.06,1,455879.27
CUST12722591742,10361.46,10361.46,1,162998.8
CUST12722911670,733.12,733.12,1,326546.41
CUST12725112498,93.84,93.84,1,143171.88
CUST12726040647,2612.67,2612.67,1,239071.96
CUST12735717608,946.68,946.68,1,353294.48
CUST12748284256,621.6,621.6,1,100298.69
CUST12748292357,5424.97,5424.97,1,31933.41
CUST12749252456,103.04,103.04,1,434015.29
CUST12751756165,908.28,908.28,1,99755.61
CUST12752280980,218.37,218.37,1,48405.35
CUST12766381407,5562.05,5562.05,1,442331.08
CUST12787922193,170.25,170.25,1,182449.02
CUST12790406988,908.83,908.83,1,101739.45
CUST12795943204,2728.63,2728.63,1,96742.25
CUST12795979879,714.19,714.19,1,387826.51
CUST12798547300,8491.45,8491.45,1,481347.61
CUST12817271787,330.73,330.73,1,431830.54
CUST12819430190,1028.33,1028.33,1,8387.24
CUST12820736252,1297.42,1297.42,1,419648.33
CUST12832322188,590.99,590.99,1,274307.67
CUST12837990400,6198.04,6198.04,1,464801.13
CUST12839339984,11415.04,11415.04,1,71520.24
CUST12846937749,304.79,304.79,1,274089.66
CUST12853412878,1035.42,1035.42,1,20170.12
CUST12855310984,513.03,513.03,1,374927.59
CUST12859549723,2454.85,2454.85,1,318635.47
CUST12862233014,927.28,927.28,1,37958.51
CUST12862480683,451.12,451.12,1,386602.26
CUST12863703547,173.28,173.28,1,234347.29
CUST12864636027,1083.55,1083.55,1,188237.61
CUST12865689148,502.21,502.21,1,223027.24
CUST12866845729,1924.04,1924.04,1,439535.69
CUST12867422496,1372.3,1372.3,1,263086.53
CUST12875670245,2270.19,2270.19,1,220900.88
CUST12875770153,541.11,541.11,1,364816.75
CUST12885805971,400.41,400.41,1,202954.59
CUST12891649044,296.42,296.42,1,370398.38
CUST12901836726,1167.83,1167.83,1,20055.49
CUST12909427777,456.96,456.96,1,341659.58
CUST12911035770,310.14,310.14,1,211688.97
CUST12916309771,15543.9,15543.9,1,303772.45
CUST12919344399,7053.09,7053.09,1,402288.58
CUST12935645667,2142.88,2142.88,1,388344.37
CUST12937199261,1344.2,1344.2,1,102578.1
CUST12940460125,5492.56,5492.56,1,154840.03
CUST12963240620,1379.54,1379.54,1,61853.13
CUST12965572185,513.1,513.1,1,303675.86
CUST12968207078,871.21,871.21,1,394733.65
CUST12970434209,195.4,195.4,1,325308.42
CUST12971158711,278.23,278.23,1,434435.91
CUST12971330146,4495.46,4495.46,1,112494.55
CUST12975519300,661.37,661.37,1,225532.82
CUST12984662402,3403.51,3403.51,1,82074.92
CUST12985979647,978.81,978.81,1,161790.4
CUST12987653602,269.82,269.82,1,352091.32
CUST12989649632,671.64,671.64,1,275580.11
CUST12994292782,429.09,429.09,1,229378.72
CUST12994996386,886.27,886.27,1,202800.06
CUST12995156644,865.43,865.43,1,367356.91
CUST13004669688,1338.91,1338.91,1,306946.36
CUST13004851297,17.42,17.42,1,409657.2
CUST13011204942,2822.76,2822.76,1,353293.35
CUST13014839556,179.85,179.85,1,106745.69
CUST13024145803,1830.59,1830.59,1,116249.4
CUST13033090123,9693.68,9693.68,1,295386.36
CUST13033524076,653.45,653.45,1,415377.71
CUST13033928000,1090.33,1090.33,1,238269.82
CUST13041525264,1033.37,1033.37,1,320330.15
CUST13047011185,684.21,684.21,1,61731.18
CUST13052163662,310.69,310.69,1,10578.4
CUST13053593522,1391.97,1391.97,1,493543.81
CUST13063771266,305.09,305.09,1,65312.65
CUST13064610872,242.99,242.99,1,217446.09
CUST13067931255,2448.38,2448.38,1,257528.09
CUST13068262799,11711.64,11711.64,1,152075.94
CUST13074047727,240.14,240.14,1,191396.19
CUST13076124878,632.66,632.66,1,89483.97
CUST13078435970,207.33,207.33,1,196226.3
CUST13091301369,244.79,244.79,1,216700.06
CUST13096261626,2091.09,2091.09,1,382940.67
CUST13097280753,19516.32,19516.32,1,436686.37
CUST13102480345,92.43,92.43,1,426147.1
CUST13102693976,9000.88,9000.88,1,31205.21
CUST13103138427,1588.98,1588.98,1,11323.44
CUST13105710733,1025.31,1025.31,1,476890.19
CUST13111771399,6923.14,6923.14,1,286834.63
CUST13112940889,1784.06,1784.06,1,243852.54
CUST13116056606,6926.77,6926.77,1,387360.25
CUST13116958083,366.31,366.31,1,46816.67
CUST13118802311,151.98,151.98,1,237235.93
CUST13119105610,366.31,366.31,1,431137.64
CUST13119544987,894.56,894.56,1,346893.2
CUST13120105350,2494.38,2494.38,1,213188.38
CUST13121203389,2193.43,2193.43,1,274748.05
CUST13126014455,14544.77,14544.77,1,445783.34
CUST13127641253,2129.92,2129.92,1,475429.36
CUST13128477262,338.99,338.99,1,391223.5
CUST13148576603,11.68,11.68,1,142332.71
CUST13149347855,1237.43,1237.43,1,6632.4
CUST13154088920,4158.64,4158.64,1,478170.88
CUST13157135344,4618.34,4618.34,1,17732.57
CUST13163841703,1275.49,1275.49,1,137181.63
CUST13173221282,1020.28,1020.28,1,96981.48
CUST13174201257,715.28,715.28,1,314871.61
CUST13186557242,686.57,686.57,1,458049.8
CUST13188572874,1158.8,1158.8,1,441070.76
CUST13191325196,1007.78,1007.78,1,273187.79
CUST13191359303,277.28,277.28,1,455739.8
CUST13195490662,186.45,186.45,1,11836.31
CUST13200481805,1028.15,1028.15,1,106771.5
CUST13210242543,826.86,826.86,1,448203.72
CUST13214472918,154.16,154.16,1,300587.06
CUST13224276687,1187.33,1187.33,1,435448.35
CUST13226361338,78.87,78.87,1,224358.41
CUST13227894703,1055.78,1055.78,1,181665.83
CUST13229902784,2385.32,2385.32,1,148217.29
CUST13229940028,476.28,476.28,1,168546.89
CUST13237791921,163.53,163.53,1,492852.97
CUST13241487104,280.9,280.9,1,329866.22
CUST13247280015,22.02,22.02,1,460989.04
CUST13248544393,572.38,572.38,1,155910.78
CUST13264974686,684.46,684.46,1,251066.54
CUST13269619432,478.78,478.78,1,321226.74
CUST13276490776,710.23,710.23,1,398016.26
CUST13277173349,3688.49,3688.49,1,347033.84
CUST13277891116,732.45,732.45,1,327732.13
CUST13278108191,3154.51,3154.51,1,407225.9
CUST13279590011,1117.9,1117.9,1,195048.74
CUST13296384537,1065.41,1065.41,1,150827.74
CUST13305341833,1150.33,1150.33,1,205731.9
CUST13306234655,469.99,469.99,1,194314.56
CUST13309289925,260.12,260.12,1,218103.64
CUST13314252766,135.56,135.56,1,152008.59
CUST13327561429,3286.72,3286.72,1,466510.26
CUST13328030735,806.52,806.52,1,443774.69
CUST13336409392,381.18,381.18,1,247569.43
CUST13348925441,3855.09,3855.09,1,425036.01
CUST13356180186,3280.34,3280.34,1,71964.48
CUST13369343721,133.7,133.7,1,108070.02
CUST13370904531,1040.71,1040.71,1,419728.87
CUST13374752901,564.17,564.17,1,276291.01
CUST13379767222,174.79,174.79,1,460925.54
CUST13395302985,13736.1,13736.1,1,301125.49
CUST13400256371,733.07,733.07,1,90475.63
CUST13408399928,1876.37,1876.37,1,100342.57
CUST13411393967,351.58,351.58,1,134876.55
CUST13411925406,251.58,251.58,1,149273.4
CUST13420969352,381.74,381.74,1,410468.32
CUST13432676920,250.34,250.34,1,72073.88
CUST13437105617,8329.8,8329.8,1,180669.21
CUST13439474719,312.8,312.8,1,132360.15
CUST13445276366,4229.85,4229.85,1,176307.17
CUST13447283430,464.09,464.09,1,195176.22
CUST13452049237,617.75,617.75,1,206883.64
CUST13454680844,9937.44,9937.44,1,119751.36
CUST13454971560,3123.99,3123.99,1,259120.76
CUST13457320928,1138.71,1138.71,1,168160.45
CUST13466096192,259.4,259.4,1,305403.14
CUST13469737787,1262.72,1262.72,1,208125.61
CUST13475641005,315.15,315.15,1,276956.81
CUST13484672068,4960.91,4960.91,1,12666.77
CUST13487152179,88.55,88.55,1,110734.47
CUST13493598410,976.55,976.55,1,128040.91
CUST13507478693,867.12,867.12,1,28303.83
CUST13509054841,121.94,121.94,1,208471.22
CUST13509549842,481.85,481.85,1,69588.51
CUST13517686421,523.04,523.04,1,452446.03
CUST13520073513,969.03,969.03,1,465687.07
CUST13525269816,337.04,337.04,1,195562.63
CUST13543408131,157.16,157.16,1,178465.26
CUST13550057836,835.11,835.11,1,10502.13
CUST13562642278,2948.36,2948.36,1,345202.9
CUST13570177339,5174.21,5174.21,1,140110.37
CUST13570449895,886.7,886.7,1,260153.36
CUST13579859094,196.31,196.31,1,152126.19
CUST13582475407,588.12,588.12,1,176187.38
CUST13584014860,736.94,736.94,1,468278.22
CUST13584513701,4322.77,4322.77,1,424243.31
CUST13587336125,180.33,180.33,1,274938.25
CUST13588267224,190.86,190.86,1,127676.83
CUST13590866579,2955.13,2955.13,1,230785.5
CUST13593490189,2453.73,2453.73,1,292103.45
CUST13593551669,2810.91,2810.91,1,462868.91
CUST13599762395,251.63,251.63,1,121642.16
CUST13602321021,1727.3,1727.3,1,183733.64
CUST13602805444,1269.68,1269.68,1,321858.69
CUST13609423123,318.17,318.17,1,120296.6
CUST13611384009,1257.29,1257.29,1,481583.0
CUST13622057118,2210.22,2210.22,1,176281.46
CUST13627550247,438.07,438.07,1,306752.22
CUST13632959610,4060.85,4060.85,1,16051.49
CUST13639490878,512.47,512.47,1,262537.61
CUST13641567591,1331.59,1331.59,1,355620.36
CUST13642026429,4076.77,4076.77,1,82320.98
CUST13643354308,981.82,981.82,1,273825.48
CUST13644445546,4519.73,4519.73,1,491525.13
CUST13649712827,1327.28,1327.28,1,83520.93
CUST13650022492,525.83,525.83,1,394561.14
CUST13653552455,587.09,587.09,1,376380.69
CUST13653718979,99.12,99.12,1,213900.09
CUST13659682941,2341.12,2341.12,1,339226.73
CUST13660349277,3339.35,3339.35,1,129539.76
CUST13666264289,163.45,163.45,1,204236.34
CUST13677161167,1071.95,1071.95,1,151254.13
CUST13679461704,2170.46,2170.46,1,277092.21
CUST13701700425,394.61,394.61,1,174182.52
CUST13702324451,1821.6,1821.6,1,65644.5
CUST13704071210,15267.53,15267.53,1,405777.64
CUST13707910180,141.28,141.28,1,451668.48
CUST13710851750,649.95,649.95,1,11934.98
CUST13718953738,421.96,421.96,1,301580.87
CUST13719149420,2029.11,2029.11,1,38217.88
CUST13737379863,507.42,507.42,1,442456.79
CUST13740355213,948.2,948.2,1,265879.91
CUST13746122073,6036.86,6036.86,1,462868.29
CUST13750174605,1194.65,1194.65,1,155486.8
CUST13751509023,582.53,582.53,1,138241.68
CUST13759233881,222.21,222.21,1,384846.86
CUST13762766064,246.24,246.24,1,143795.3
CUST13764987358,1738.55,1738.55,1,261312.28
CUST13766466385,1227.31,1227.31,1,404268.16
CUST13771295822,259.52,259.52,1,97179.34
CUST13778023253,1909.06,1909.06,1,51426.94
CUST13779966855,195.54,195.54,1,172243.56
CUST13795408776,414.75,414.75,1,54264.9
CUST13803315121,661.62,661.62,1,66308.29
CUST13803532695,611.0,611.0,1,76209.96
CUST13806400038,403.67,403.67,1,160667.56
CUST13815986982,189.61,189.61,1,450400.95
CUST13816481362,1975.09,1975.09,1,127526.51
CUST13820789990,195.87,195.87,1,407187.41
CUST13831845850,1156.3,1156.3,1,166389.88
CUST13839526832,2380.17,2380.17,1,97658.73
CUST13842109655,591.45,591.45,1,193545.8
CUST13849725003,616.11,616.11,1,364690.41
CUST13850402048,1332.81,1332.81,1,392800.84
CUST13859561129,707.27,707.27,1,23034.46
CUST13866411723,1464.69,1464.69,1,113987.37
CUST13870549747,823.23,823.23,1,485296.55
CUST13871939414,11423.82,11423.82,1,453962.56
CUST13874121352,4439.81,4439.81,1,319838.89
CUST13877931622,330.45,330.45,1,257595.42
CUST13882313972,238.07,238.07,1,190249.56
CUST13887165671,303.78,303.78,1,488692.9
CUST13894499587,146.99,146.99,1,448721.75
CUST13899841759,416.13,416.13,1,379643.28
CUST13904554290,304.7,304.7,1,357661.17
CUST13905547300,1435.47,1435.47,1,461853.46
CUST13906463598,389.6,389.6,1,117226.75
CUST13912834306,2181.48,2181.48,1,355256.12
CUST13916740713,8635.65,8635.65,1,237238.41
CUST13917675308,1344.53,1344.53,1,1368.0
CUST13918153484,366.06,366.06,1,381189.9
CUST13925618479,115.6,115.6,1,378909.5
CUST13932867835,332.94,332.94,1,306713.09
CUST13933874830,1758.96,1758.96,1,430949.09
CUST13937421070,873.11,873.11,1,340372.32
CUST13945432939,192.06,192.06,1,42286.65
CUST13955213125,2767.77,2767.77,1,392178.91
CUST13958358292,3703.63,3703.63,1,443598.56
CUST13959618533,246.83,246.83,1,273918.34
CUST13966214660,2383.14,2383.14,1,270764.74
CUST13972827602,111.06,111.06,1,479747.66
CUST13974460167,844.28,844.28,1,120758.59
CUST13980322777,1718.27,1718.27,1,325543.0
CUST13981755703,2727.03,2727.03,1,359946.71
CUST13983601168,215.14,215.14,1,144652.98
CUST13984628629,1708.48,1708.48,1,2297.93
CUST13987655058,5455.3,5455.3,1,443159.02
CUST13989395723,7108.47,7108.47,1,264485.5
CUST13991837274,6050.03,6050.03,1,88310.63
CUST14003224088,1808.99,1808.99,1,89680.81
CUST14028422701,954.06,954.06,1,398042.28
CUST14030146758,2763.97,2763.97,1,59049.19
CUST14040903047,391.1,391.1,1,489591.52
CUST14041230033,427.85,427.85,1,166494.62
CUST14041351472,5908.46,5908.46,1,287676.94
CUST14042546768,1395.01,1395.01,1,52209.55
CUST14042594928,205.52,205.52,1,205574.91
CUST14045709170,542.62,542.62,1,351495.41
CUST14049189382,184.93,184.93,1,238201.23
CUST14053429021,417.38,417.38,1,104561.77
CUST14061400527,570.41,570.41,1,185889.98
CUST14064787285,1467.39,1467.39,1,273258.67
CUST14065650836,2378.95,2378.95,1,345142.24
CUST14067381341,1545.59,1545.59,1,374297.11
CUST14068157156,524.54,524.54,1,395045.09
CUST14076861612,74.25,74.25,1,117397.31
CUST14079560593,86.87,86.87,1,333121.93
CUST14080129429,655.18,655.18,1,48152.87
CUST14107150168,4882.38,4882.38,1,140609.3
CUST14114461076,1022.95,1022.95,1,241298.09
CUST14114851535,141.87,141.87,1,363068.88
CUST14117609913,393.77,393.77,1,405617.52
CUST14118284238,1652.3,1652.3,1,192643.21
CUST14127098234,520.05,520.05,1,489670.58
CUST14140504463,13910.97,13910.97,1,166580.78
CUST14146002671,239.34,239.34,1,313179.47
CUST14152233423,1604.39,1604.39,1,343759.21
CUST14154589472,313.74,313.74,1,221270.99
CUST14156686131,180.28,180.28,1,156985.15
CUST14156826580,881.09,881.09,1,4023.3
CUST14163892930,1450.12,1450.12,1,379119.0
CUST14166324392,355.1,355.1,1,106155.85
CUST14170679174,721.31,721.31,1,491745.53
CUST14172527256,524.46,524.46,1,492710.09
CUST14173107724,2207.13,2207.13,1,294941.64
CUST14175421264,432.15,432.15,1,374129.3
CUST14177273628,436.77,436.77,1,200294.67
CUST14178229051,341.87,341.87,1,161121.68
CUST14180733371,217.15,217.15,1,447265.51
CUST14181396958,19039.51,19039.51,1,172042.56
CUST14183484480,1013.63,1013.63,1,116956.62
CUST14193952271,725.2,725.2,1,394979.58
CUST14203920795,621.91,621.91,1,309318.72
CUST14205680331,386.56,386.56,1,458029.97
CUST14207986409,1111.16,1111.16,1,173941.67
CUST14211844236,702.63,702.63,1,412936.27
CUST14212727314,1273.15,1273.15,1,458508.83
CUST14214791929,1234.61,1234.61,1,461009.39
CUST14224829352,275.34,275.34,1,150003.07
CUST14225884103,1175.41,1175.41,1,347695.1
CUST14238778927,2501.76,2501.76,1,181625.78
CUST14241177193,5404.97,5404.97,1,266636.31
CUST14241485458,272.02,272.02,1,207341.19
CUST14245278487,15755.89,15755.89,1,123360.03
CUST14249200648,244.5,244.5,1,109928.78
CUST14249633536,4069.88,4069.88,1,369011.42
CUST14249815064,638.44,638.44,1,407336.09
CUST14258546504,2067.55,2067.55,1,90816.79
CUST14258783535,226.66,226.66,1,288040.59
CUST14267119550,407.71,407.71,1,213392.23
CUST14268447342,1418.63,1418.63,1,343726.9
CUST14272691035,505.13,505.13,1,486970.27
CUST14276056233,903.64,903.64,1,111909.01
CUST14277072865,72.72,72.72,1,154630.43
CUST14281889063,8907.27,8907.27,1,185399.78
CUST14284444518,440.92,440.92,1,487118.42
CUST14291101111,567.69,567.69,1,364257.91
CUST14291796474,1176.77,1176.77,1,275116.46
CUST14296904130,4958.82,4958.82,1,295883.26
CUST14298466060,835.05,835.05,1,406295.34
CUST14299802241,1759.71,1759.71,1,441751.07
CUST14300989082,305.82,305.82,1,420665.09
CUST14304736119,941.55,941.55,1,306324.75
CUST14309590687,684.79,684.79,1,151058.76
CUST14309622194,115.92,115.92,1,179243.73
CUST14311426155,2825.89,2825.89,1,372627.43
CUST14314847564,372.37,372.37,1,105994.61
CUST14316031659,8377.38,8377.38,1,71858.63
CUST14319153624,2022.77,2022.77,1,180949.24
CUST14328125912,2619.91,2619.91,1,296073.7
CUST14330145449,181.03,181.03,1,232096.03
CUST14330493432,198.07,198.07,1,161136.87
CUST14332335528,242.33,242.33,1,235178.4
CUST14332576976,236.98,236.98,1,332198.66
CUST14336212932,11319.47,11319.47,1,467953.46
CUST14341217202,719.79,719.79,1,338104.38
CUST14363838905,1143.65,1143.65,1,256701.15
CUST14370876858,854.57,854.57,1,435556.51
CUST14376129455,333.72,333.72,1,46036.96
CUST14376176581,1455.77,1455.77,1,304213.76
CUST14379493406,163.79,163.79,1,140633.53
CUST14387949722,2174.82,2174.82,1,250171.03
CUST14391366774,690.56,690.56,1,368966.2
CUST14393720193,1715.8,1715.8,1,450114.47
CUST14393945613,126.82,126.82,1,156670.42
CUST14394964038,2996.77,2996.77,1,277065.89
CUST14398438274,113.78,113.78,1,467633.34
CUST14399835930,127.05,127.05,1,142377.53
CUST14414801610,1195.84,1195.84,1,148528.59
CUST14415901439,1273.33,1273.33,1,129370.28
CUST14416955891,505.21,505.21,1,209629.51
CUST14418019669,622.49,622.49,1,80227.18
CUST14420876181,948.47,948.47,1,140204.53
CUST14427394976,407.68,407.68,1,140784.63
CUST14432267170,3988.36,3988.36,1,490484.19
CUST14437807889,939.11,939.11,1,194597.19
CUST14439370786,1913.84,1913.84,1,284431.56
CUST14440263510,253.79,253.79,1,14046.32
CUST14455729186,2097.69,2097.69,1,113810.22
CUST14456288018,2685.83,2685.83,1,250652.59
CUST14469907700,1559.02,1559.02,1,255651.46
CUST14476979605,1777.36,1777.36,1,260357.7
CUST14477754427,234.15,234.15,1,59751.7
CUST14487320168,466.25,466.25,1,332146.63
CUST14490950583,756.42,756.42,1,470404.81
CUST14493321328,239.34,239.34,1,359258.18
CUST14494240156,81.28,81.28,1,407282.95
CUST14495760745,328.72,328.72,1,79681.94
CUST14496328963,182.65,182.65,1,90444.1
CUST14501415428,1850.91,1850.91,1,368993.79
CUST14502883490,72.64,72.64,1,289316.25
CUST14512138736,1061.44,1061.44,1,455948.93
CUST14519278508,14682.84,14682.84,1,340667.62
CUST14527611709,741.47,741.47,1,361969.83
CUST14529052248,588.18,588.18,1,91371.26
CUST14535233605,1512.55,1512.55,1,6556.88
CUST14535384752,1217.32,1217.32,1,53062.04
CUST14540341243,903.7,903.7,1,17139.0
CUST14540490283,846.59,846.59,1,373393.21
CUST14544054613,1409.05,1409.05,1,127492.14
CUST14549520479,1919.55,1919.55,1,136611.31
CUST14553277601,303.56,303.56,1,2548.52
CUST14554191716,749.42,749.42,1,4039.63
CUST14563438860,1128.28,1128.28,1,371134.46
CUST14570879936,279.78,279.78,1,455588.71
CUST14574158500,276.95,276.95,1,8629.44
CUST14576567047,89.18,89.18,1,478369.44
CUST14581015218,35281.88,35281.88,1,427189.68
CUST14588091667,1487.83,1487.83,1,172908.7
CUST14591675564,111.94,111.94,1,406804.21
CUST14596763270,136.69,136.69,1,241161.45
CUST14597299383,497.57,497.57,1,363171.84
CUST14603592113,329.23,329.23,1,11192.06
CUST14607863028,1512.77,1512.77,1,370114.65
CUST14609355242,612.65,612.65,1,161405.38
CUST14612006581,2130.55,2130.55,1,217643.42
CUST14613796470,391.55,391.55,1,374054.99
CUST14613812729,455.61,455.61,1,413711.47
CUST14614409633,2949.77,2949.77,1,113108.07
CUST14616763792,6314.23,6314.23,1,248897.3
CUST14617480758,1235.17,1235.17,1,281774.32
CUST14618578894,2395.07,2395.07,1,240480.85
CUST14619752926,735.17,735.17,1,190749.95
CUST14620246452,1059.42,1059.42,1,285897.46
CUST14624420728,134.27,134.27,1,438165.04
CUST14627535905,1547.7,1547.7,1,198205.34
CUST14630542115,117.01,117.01,1,120783.61
CUST14637956727,439.94,439.94,1,287933.05
CUST14639190292,284.77,284.77,1,479975.9
CUST14642622213,3622.25,3622.25,1,305474.95
CUST14646666467,1779.95,1779.95,1,231577.07
CUST14652794213,561.21,561.21,1,367920.73
CUST14656094862,844.17,844.17,1,55715.94
CUST14656477504,1530.03,1530.03,1,315288.96
CUST14656746413,633.55,633.55,1,224993.72
CUST14656985318,2197.16,2197.16,1,189185.13
CUST14658130941,991.1,991.1,1,31422.05
CUST14660628960,186.49,186.49,1,432188.43
CUST14661519498,447.33,447.33,1,192179.23
CUST14662361652,4625.19,4625.19,1,232052.89
CUST14666391443,12633.25,12633.25,1,118700.86
CUST14671647483,887.45,887.45,1,165336.98
CUST14671683568,298.84,298.84,1,118055.13
CUST14674113919,13578.13,13578.13,1,419875.6
CUST14674887840,215.76,215.76,1,42753.57
CUST14675642901,857.23,857.23,1,16632.25
CUST14681067421,1850.09,1850.09,1,136153.24
CUST14681936500,12582.4,12582.4,1,324465.73
CUST14686114482,5714.55,5714.55,1,306180.1
CUST14694756071,630.63,630.63,1,71004.0
CUST14695128258,171.36,171.36,1,339713.4
CUST14704892007,2799.39,2799.39,1,111427.09
CUST14705096020,429.37,429.37,1,358340.9
CUST14710280055,378.52,378.52,1,483065.85
CUST14712578437,403.6,403.6,1,480239.39
CUST14737012339,770.6,770.6,1,89630.82
CUST14739168893,13342.15,13342.15,1,383044.58
CUST14739841472,1806.36,1806.36,1,139387.25
CUST14752786751,105.77,105.77,1,53392.11
CUST14761999843,2466.79,2466.79,1,395677.12
CUST14762101454,276.74,276.74,1,117881.52
CUST14762137959,1728.72,1728.72,1,378396.14
CUST14772881380,55009.51,55009.51,1,104855.86
CUST14775212648,375.81,375.81,1,120650.84
CUST14783152996,420.26,420.26,1,99486.44
CUST14784314517,728.95,728.95,1,400504.73
CUST14786229762,758.13,758.13,1,285592.43
CUST14791814566,230.56,230.56,1,140874.91
CUST14800115207,369.83,369.83,1,237487.94
CUST14800198742,1321.17,1321.17,1,217893.97
CUST14808468304,643.74,643.74,1,375146.9
CUST14810317120,1467.82,1467.82,1,281823.83
CUST14826619530,584.8,584.8,1,441505.49
CUST14826740164,1495.73,1495.73,1,256031.32
CUST14828132220,326.51,326.51,1,323249.16
CUST14830228967,3362.11,3362.11,1,175590.84
CUST14834676945,358.16,358.16,1,429354.45
CUST14838583604,1703.15,1703.15,1,320084.21
CUST14848690892,1527.19,1527.19,1,484754.58
CUST14849620823,4143.39,4143.39,1,483675.93
CUST14855569188,1294.6,1294.6,1,53495.21
CUST14863148667,1826.01,1826.01,1,37139.7
CUST14863293127,2081.16,2081.16,1,252850.43
CUST14865671033,1195.28,1195.28,1,383141.76
CUST14870604110,224.34,224.34,1,117674.91
CUST14872944254,119.13,119.13,1,354745.6
CUST14877972790,77279.91,77279.91,1,69226.63
CUST14886816248,2389.9,2389.9,1,249022.31
CUST14903595245,827.89,827.89,1,194356.55
CUST14907698002,572.75,572.75,1,96391.99
CUST14912974381,1684.21,1684.21,1,485662.78
CUST14913372901,316.49,316.49,1,403236.28
CUST14921905212,443.13,443.13,1,47843.96
CUST14923978585,1244.01,1244.01,1,380292.32
CUST14935444059,3472.28,3472.28,1,255569.69
CUST14937780762,3425.88,3425.88,1,340508.43
CUST14937955238,232.92,232.92,1,214358.85
CUST14942218512,1363.89,1363.89,1,380799.27
CUST14946536354,1946.17,1946.17,1,154545.2
CUST14967356625,138.44,138.44,1,244647.59
CUST14968268797,5265.11,5265.11,1,141071.49
CUST14968886860,247.17,247.17,1,489597.5
CUST14971865848,1811.6,1811.6,1,336467.72
CUST14975554510,184.28,184.28,1,495767.23
CUST14979500311,380.14,380.14,1,146118.36
CUST14983248111,53.35,53.35,1,7166.76
CUST14993104778,4739.32,4739.32,1,58530.66
CUST14995883546,1099.12,1099.12,1,199833.79
CUST14997275118,258.55,258.55,1,190597.49
CUST15001155205,170.79,170.79,1,272053.91
CUST15002035945,347.75,347.75,1,324684.72
CUST15004973602,798.0,798.0,1,310354.24
CUST15019768628,69208.2,69208.2,1,85491.63
CUST15022683401,1411.57,1411.57,1,474351.65
CUST15028138385,436.79,436.79,1,167741.14
CUST15032710726,2045.15,2045.15,1,292961.86
CUST15046707383,633.96,633.96,1,311242.88
CUST15052427195,5503.89,5503.89,1,459764.59
CUST15059370775,5942.24,5942.24,1,116183.92
CUST15060121812,1040.02,1040.02,1,432717.73
CUST15061252891,370.23,370.23,1,227377.97
CUST15064007849,2753.85,2753.85,1,423207.9
CUST15075414306,19355.7,19355.7,1,461230.71
CUST15084514439,278.97,278.97,1,282623.52
CUST15094335989,706.09,706.09,1,436014.83
CUST15098455871,79.65,79.65,1,296650.1
CUST15098578848,11776.15,11776.15,1,165083.19
CUST15105047766,778.32,778.32,1,3090.07
CUST15107145437,11575.54,11575.54,1,330646.22
CUST15111667497,1066.53,1066.53,1,61633.91
CUST15116836878,107.96,107.96,1,76195.84
CUST15120020931,747.82,747.82,1,481845.22
CUST15127574319,8924.63,8924.63,1,304218.85
CUST15136783466,11523.44,11523.44,1,382645.84
CUST15138567588,8851.92,8851.92,1,419227.56
CUST15138914423,1734.73,1734.73,1,363260.32
CUST15150418639,129.62,129.62,1,211307.25
CUST15155391371,326.43,326.43,1,65924.8
CUST15156127539,197.7,197.7,1,411970.33
CUST15156456310,219.71,219.71,1,82463.63
CUST15160876549,545.81,545.81,1,152688.69
CUST15169068626,195.22,195.22,1,323274.62
CUST15183917516,414.6,414.6,1,134592.04
CUST15186075114,133.69,133.69,1,120316.83
CUST15187190550,1474.04,1474.04,1,64250.32
CUST15196563461,689.07,689.07,1,195541.02
CUST15202783635,1177.6,1177.6,1,92459.0
CUST15203007031,818.86,818.86,1,228660.43
CUST15207729931,4487.33,4487.33,1,259888.48
CUST15220189413,5512.1,5512.1,1,288399.55
CUST15226680287,193.31,193.31,1,488297.9
CUST15229958190,94016.34,94016.34,1,358013.25
CUST15243404715,2032.2,2032.2,1,182459.21
CUST15248451707,393.69,393.69,1,251035.84
CUST15255622236,22839.1,22839.1,1,55750.89
CUST15263235674,1311.5,1311.5,1,213353.74
CUST15266598180,2640.04,2640.04,1,37713.19
CUST15274015516,2826.63,2826.63,1,275184.24
CUST15275997507,2985.86,2985.86,1,479338.04
CUST15279467091,327.35,327.35,1,289566.33
CUST15284347668,4782.84,4782.84,1,225601.59
CUST15291358633,1821.42,1821.42,1,369189.41
CUST15298400063,325.71,325.71,1,29053.08
CUST15301675025,2189.52,2189.52,1,202180.29
CUST15304447998,2246.18,2246.18,1,54358.74
CUST15321870167,2401.51,2401.51,1,155414.71
CUST15326993246,1304.41,1304.41,1,121599.15
CUST15328416603,271.13,271.13,1,171818.89
CUST15357150257,166.56,166.56,1,115606.05
CUST15357394380,279.26,279.26,1,89732.96
CUST15361025160,1015.91,1015.91,1,472657.51
CUST15361843886,415.69,415.69,1,10744.2
CUST15366739120,2893.79,2893.79,1,65267.45
CUST15366861083,231.99,231.99,1,455826.04
CUST15372951871,5049.28,5049.28,1,164940.07
CUST15375280387,990.17,990.17,1,137216.43
CUST15386109202,836.3,836.3,1,63648.71
CUST15386962235,348.69,348.69,1,244067.99
CUST15392688140,5238.96,5238.96,1,79634.08
CUST15392866802,227.6,227.6,1,483112.74
CUST15392887636,1545.64,1545.64,1,252828.3
CUST15395368864,521.37,521.37,1,354668.79
CUST15396153230,684.02,684.02,1,378305.74
CUST15396906904,996.46,996.46,1,189129.96
CUST15398372941,738.26,738.26,1,251168.99
CUST15399675636,1046.11,1046.11,1,187358.39
CUST15405773458,255.81,255.81,1,454508.84
CUST15409887596,2181.42,2181.42,1,448025.77
CUST15412454496,4813.79,4813.79,1,348269.06
CUST15415776299,579.43,579.43,1,4101.82
CUST15415831929,185.95,185.95,1,207875.84
CUST15419043660,1499.88,1499.88,1,140360.83
CUST15421698250,6226.99,6226.99,1,73593.93
CUST15421897079,152.79,152.79,1,88155.86
CUST15428177777,936.09,936.09,1,489946.53
CUST15440696689,2012.58,2012.58,1,372808.97
CUST15446601677,1208.03,1208.03,1,487603.65
CUST15446782248,3110.16,3110.16,1,129578.7
CUST15446918109,212.24,212.24,1,447899.86
CUST15447628015,398.25,398.25,1,43341.51
CUST15464185268,648.36,648.36,1,196512.78
CUST15472570263,1438.88,1438.88,1,266546.04
CUST15475163385,43.94,43.94,1,353595.65
CUST15475829275,1062.8,1062.8,1,414987.7
CUST15485264550,437.63,437.63,1,357078.41
CUST15486889927,93.47,93.47,1,170372.64
CUST15489643087,42.28,42.28,1,160953.99
CUST15489982706,1444.66,1444.66,1,448274.83
CUST15492070752,9664.77,9664.77,1,477601.76
CUST15500388978,1195.38,1195.38,1,247864.41
CUST15501683210,810.4,810.4,1,347646.17
CUST15501834756,667.3,667.3,1,266257.45
CUST15511238791,289.67,289.67,1,216827.24
CUST15513848656,1003.94,1003.94,1,112889.19
CUST15522963860,283.9,283.9,1,466345.57
CUST15523078572,2153.59,2153.59,1,162778.89
CUST15534306903,1098.8,1098.8,1,390860.66
CUST15535635801,96.38,96.38,1,194840.43
CUST15537169798,145.71,145.71,1,276014.39
CUST15540084741,1109.63,1109.63,1,237730.34
CUST15549758963,4503.79,4503.79,1,222215.72
CUST15556610058,2115.59,2115.59,1,210705.67
CUST15558235742,844.97,844.97,1,106044.4
CUST15562275055,12878.61,12878.61,1,158594.32
CUST15565643348,153.96,153.96,1,307313.26
CUST15567002570,2864.03,2864.03,1,231181.3
CUST15573340717,1615.22,1615.22,1,362417.8
CUST15582781359,626.7,626.7,1,127420.37
CUST15590425443,249.06,249.06,1,330895.83
CUST15594263640,703.32,703.32,1,15857.68
CUST15601746278,1987.03,1987.03,1,369743.65
CUST15601997327,104.76,104.76,1,322185.49
CUST15609557603,2327.23,2327.23,1,104295.79
CUST15616340349,276.44,276.44,1,87073.25
CUST15619942270,738.63,738.63,1,192744.6
CUST15620910683,493.93,493.93,1,289073.8
CUST15630453384,21460.76,21460.76,1,207075.68
CUST15631072494,679.14,679.14,1,472854.66
CUST15631669799,1524.32,1524.32,1,181416.84
CUST15635334075,77.45,77.45,1,136963.92
CUST15645688444,457.4,457.4,1,269043.54
CUST15654064034,719.25,719.25,1,288642.06
CUST15656634541,339.79,339.79,1,12289.56
CUST15662738809,1223.22,1223.22,1,329844.36
CUST15666486001,135.79,135.79,1,190883.6
CUST15668412008,779.11,779.11,1,360577.89
CUST15673675766,2134.01,2134.01,1,435139.27
CUST15680019094,1254.0,1254.0,1,330474.88
CUST15683405398,1237.52,1237.52,1,322913.95
CUST15686621626,177.49,177.49,1,385918.8
CUST15686890463,11826.24,11826.24,1,403737.9
CUST15688007796,7436.56,7436.56,1,464187.03
CUST15694608829,325.45,325.45,1,420108.27
CUST15696129901,6969.03,6969.03,1,313002.2
CUST15697062784,82.66,82.66,1,89771.61
CUST15698810370,377.71,377.71,1,94323.31
CUST15704962838,361.22,361.22,1,469006.09
CUST15705539991,143.26,143.26,1,328499.86
CUST15711951133,6630.7,6630.7,1,387514.22
CUST15713198567,707.17,707.17,1,183376.48
CUST15718407286,931.39,931.39,1,245727.15
CUST15718777011,20928.17,20928.17,1,164268.53
CUST15723563348,8565.33,8565.33,1,210209.84
CUST15727935166,210.72,210.72,1,138609.62
CUST15732862226,1602.26,1602.26,1,107094.13
CUST15744702650,90.8,90.8,1,35698.09
CUST15748646493,6131.57,6131.57,1,43071.7
CUST15749653065,413.72,413.72,1,203531.16
CUST15752399807,13798.36,13798.36,1,46178.32
CUST15753307954,3337.11,3337.11,1,329408.9
CUST15761363997,165.23,165.23,1,46872.85
CUST15763174350,1313.67,1313.67,1,74186.82
CUST15765219478,1095.3,1095.3,1,39093.2
CUST15765257764,274.94,274.94,1,8213.29
CUST15768465058,1577.38,1577.38,1,420665.77
CUST15770174625,355.8,355.8,1,351549.94
CUST15777630351,1408.06,1408.06,1,133466.91
CUST15786004421,48.84,48.84,1,52904.71
CUST15789268126,628.31,628.31,1,185569.04
CUST15790034324,224.03,224.03,1,190655.0
CUST15791903311,11456.22,11456.22,1,381852.32
CUST15793071069,1550.49,1550.49,1,95591.76
CUST15794167066,46122.85,46122.85,1,220909.75
CUST15799122038,1537.31,1537.31,1,375682.0
CUST15807536085,4284.36,4284.36,1,275088.33
CUST15816905373,666.57,666.57,1,182092.8
CUST15833064444,1361.38,1361.38,1,467911.35
CUST15836077576,1666.8,1666.8,1,1887.19
CUST15843909230,362.8,362.8,1,306341.68
CUST15848755766,237.25,237.25,1,435502.95
CUST15851868396,292.33,292.33,1,130788.03
CUST15857776260,674.1,674.1,1,454577.77
CUST15862555575,56.18,56.18,1,4420.51
CUST15864913916,137.2,137.2,1,439814.72
CUST15868707636,3882.1,3882.1,1,51994.42
CUST15869509560,1196.7,1196.7,1,199335.59
CUST15870095233,2469.25,2469.25,1,221130.11
CUST15875892237,1002.19,1002.19,1,451445.65
CUST15893128383,1607.08,1607.08,1,35227.25
CUST15894831942,572.14,572.14,1,126136.96
CUST15895114090,2384.55,2384.55,1,455975.56
CUST15897654245,2181.39,2181.39,1,415993.49
CUST15899629777,92.36,92.36,1,85391.91
CUST15906769762,2926.13,2926.13,1,428253.25
CUST15915733071,722.44,722.44,1,94378.93
CUST15923976071,491.8,491.8,1,89393.94
CUST15928853075,3479.46,3479.46,1,389057.24
CUST15937912991,2838.01,2838.01,1,413174.35
CUST15944978875,142.47,142.47,1,355325.41
CUST15946157706,6499.81,6499.81,1,325993.92
CUST15950155533,572.0,572.0,1,45424.42
CUST15953470787,229.11,229.11,1,312573.75
CUST15957592203,769.5,769.5,1,133279.79
CUST15957989364,1224.37,1224.37,1,460406.18
CUST15959526362,235.37,235.37,1,306309.21
CUST15962981542,21173.83,21173.83,1,506022.36
CUST15966796320,810.26,810.26,1,99325.61
CUST15966896309,125.21,125.21,1,1725.18
CUST15969340903,1401.13,1401.13,1,457996.97
CUST15990116482,2967.36,2967.36,1,326168.75
CUST15990543094,903.87,903.87,1,400970.85
CUST15998691900,669.92,669.92,1,404372.77
CUST16001875616,3332.96,3332.96,1,49637.78
CUST16013552254,16096.29,16096.29,1,291534.9
CUST16015452279,4026.75,4026.75,1,181558.54
CUST16017985294,1065.82,1065.82,1,420445.42
CUST16019856071,346.18,346.18,1,112042.99
CUST16020003833,125.09,125.09,1,253643.93
CUST16020341143,831.87,831.87,1,308672.13
CUST16022164335,7748.92,7748.92,1,389040.12
CUST16024330518,4134.61,4134.61,1,293653.33
CUST16029536245,553.49,553.49,1,170654.55
CUST16040006632,78.39,78.39,1,177819.87
CUST16044244246,617.18,617.18,1,494446.82
CUST16045663893,55.44,55.44,1,154439.31
CUST16051867210,428.66,428.66,1,356492.61
CUST16061110429,2867.14,2867.14,1,254926.03
CUST16062087555,10457.5,10457.5,1,260149.82
CUST16064227352,97.12,97.12,1,223430.5
CUST16068296000,137.99,137.99,1,247094.34
CUST16084408596,1987.75,1987.75,1,360568.25
CUST16087053100,232.04,232.04,1,424730.83
CUST16089553581,460.85,460.85,1,36880.71
CUST16100886477,90.98,90.98,1,394783.42
CUST16103488222,1934.59,1934.59,1,414535.48
CUST16103668483,417.0,417.0,1,45204.88
CUST16106605377,358.02,358.02,1,382001.55
CUST16112730947,505.68,505.68,1,117517.8
CUST16114589026,324.59,324.59,1,382384.24
CUST16118264032,1167.29,1167.29,1,81231.65
CUST16118665207,1032.45,1032.45,1,373607.73
CUST16119337180,895.8,895.8,1,371480.35
CUST16128284043,1272.95,1272.95,1,385702.23
CUST16135768097,16435.01,16435.01,1,133139.91
CUST16138554120,5589.98,5589.98,1,351227.83
CUST16138824200,2084.08,2084.08,1,242102.85
CUST16147012263,5525.87,5525.87,1,315717.63
CUST16149839292,549.15,549.15,1,30227.69
CUST16161309269,1725.16,1725.16,1,215662.35
CUST16162133829,302.56,302.56,1,405947.6
CUST16162797241,435.32,435.32,1,435795.07
CUST16166200921,213.38,213.38,1,37055.9
CUST16172499580,2702.03,2702.03,1,292532.4
CUST16195295195,1471.95,1471.95,1,76812.44
CUST16195586964,92.5,92.5,1,488488.2
CUST16198470827,586.61,586.61,1,176058.41
CUST16199194006,41.29,41.29,1,2348.35
CUST16201963130,5626.33,5626.33,1,48756.37
CUST16206366158,765.46,765.46,1,431449.67
CUST16207192660,783.34,783.34,1,107309.76
CUST16218858732,272.49,272.49,1,429962.32
CUST16223521639,1431.31,1431.31,1,286777.0
CUST16228799423,1459.93,1459.93,1,377337.97
CUST16235361694,357.62,357.62,1,38816.91
CUST16240497220,432.01,432.01,1,298255.53
CUST16244743234,300.96,300.96,1,364132.66
CUST16249152056,1766.75,1766.75,1,277993.74
CUST16261908254,2271.47,2271.47,1,456232.27
CUST16262586665,5524.84,5524.84,1,48105.68
CUST16276969122,1358.43,1358.43,1,115276.01
CUST16280053669,3451.11,3451.11,1,338597.54
CUST16290193878,30.41,30.41,1,348290.39
CUST16303930675,1634.99,1634.99,1,386016.74
CUST16306650797,2984.61,2984.61,1,319939.19
CUST16308403766,396.4,396.4,1,1580.96
CUST16309520613,384.73,384.73,1,319653.91
CUST16311690510,989.64,989.64,1,314933.47
CUST16312693529,40.25,40.25,1,50746.2
CUST16313371178,1674.01,1674.01,1,234805.26
CUST16319824018,406.52,406.52,1,260400.24
CUST16323366050,84.59,84.59,1,440923.19
CUST16328315716,1183.42,1183.42,1,57121.53
CUST16333513580,236.17,236.17,1,52429.01
CUST16337858877,661.03,661.03,1,424700.26
CUST16340171215,497.82,497.82,1,237043.07
CUST16342082279,3588.98,3588.98,1,55437.94
CUST16342886549,2686.15,2686.15,1,128967.68
CUST16350270468,21571.52,21571.52,1,374719.24
CUST16351186914,434.15,434.15,1,328835.58
CUST16351661805,928.68,928.68,1,401646.38
CUST16352261261,1195.72,1195.72,1,315990.98
CUST16357680691,665.42,665.42,1,98668.29
CUST16367108031,1055.59,1055.59,1,126980.21
CUST16368675072,29.03,29.03,1,493419.84
CUST16372902512,89.62,89.62,1,23302.77
CUST16381118659,1354.95,1354.95,1,303298.47
CUST16385448129,1556.49,1556.49,1,38897.9
CUST16390214334,2346.87,2346.87,1,99413.83
CUST16390850205,642.53,642.53,1,261112.29
CUST16390995508,213.89,213.89,1,480586.46
CUST16395443974,145.52,145.52,1,138063.21
CUST16402993857,3318.6,3318.6,1,282642.06
CUST16410571599,231.54,231.54,1,322117.82
CUST16411689820,548.68,548.68,1,141292.43
CUST16412718955,2429.91,2429.91,1,468957.35
CUST16415756748,320.36,320.36,1,282610.04
CUST16423275682,1354.09,1354.09,1,412245.38
CUST16423871720,387.84,387.84,1,219438.38
CUST16424708990,2899.09,2899.09,1,52758.77
CUST16427329509,696.81,696.81,1,485845.15
CUST16431588783,1636.56,1636.56,1,205452.01
CUST16439077774,789.26,789.26,1,280223.34
CUST16443651708,3112.01,3112.01,1,374521.11
CUST16455935178,368.83,368.83,1,117137.17
CUST16464624412,74.91,74.91,1,164222.53
CUST16465059056,773.77,773.77,1,431685.02
CUST16465637487,624.62,624.62,1,96916.7
CUST16467101231,377.17,377.17,1,493642.21
CUST16471052258,1205.84,1205.84,1,402712.84
CUST16475490532,1366.4,1366.4,1,133641.89
CUST16485092624,2501.47,2501.47,1,117586.34
CUST16487671657,229.06,229.06,1,177258.61
CUST16497675409,6356.49,6356.49,1,495032.39
CUST16498827130,1179.22,1179.22,1,51334.61
CUST16501029190,1144.18,1144.18,1,352941.03
CUST16501689530,10142.79,10142.79,1,238159.69
CUST16505813707,27478.48,27478.48,1,160173.5
CUST16521005717,129.35,129.35,1,310908.82
CUST16525317483,447.82,447.82,1,487575.04
CUST16526062876,781.61,781.61,1,112208.37
CUST16537620038,1028.86,1028.86,1,248535.15
CUST16538401064,443.32,443.32,1,214275.68
CUST16542592282,382.64,382.64,1,123099.19
CUST16555748330,35.78,35.78,1,191284.54
CUST16566571617,1094.61,1094.61,1,103457.53
CUST16570719277,1042.52,1042.52,1,228564.26
CUST16573271032,2450.87,2450.87,1,341274.75
CUST16580971179,774.48,774.48,1,74291.33
CUST16585810894,7018.55,7018.55,1,423310.64
CUST16590916028,1360.67,1360.67,1,88057.51
CUST16592181710,716.08,716.08,1,110173.61
CUST16594317738,153.3,153.3,1,281571.98
CUST16605675785,7168.69,7168.69,1,461908.99
CUST16607502005,635.38,635.38,1,276483.74
CUST16612096708,96.99,96.99,1,398566.59
CUST16633338438,345.33,345.33,1,359357.16
CUST16651780761,986.23,986.23,1,69746.4
CUST16660198980,2090.39,2090.39,1,164269.94
CUST16660569783,238.0,238.0,1,459786.3
CUST16677551854,107.19,107.19,1,285561.18
CUST16680262651,210.8,210.8,1,170646.35
CUST16680795621,3862.44,3862.44,1,415419.34
CUST16692365452,1002.82,1002.82,1,54869.69
CUST16696589474,130.73,130.73,1,89013.24
CUST16701499635,10501.69,10501.69,1,302935.69
CUST16703821835,4060.72,4060.72,1,355357.01
CUST16715030946,1302.51,1302.51,1,119194.82
CUST16727049914,1502.8,1502.8,1,415898.23
CUST16727848618,119.77,119.77,1,322794.28
CUST16738819902,166.02,166.02,1,72806.59
CUST16739634689,229.59,229.59,1,342891.0
CUST16739965223,780.58,780.58,1,331545.09
CUST16744066754,7741.15,7741.15,1,430790.57
CUST16752057596,2949.88,2949.88,1,67509.91
CUST16754158833,1477.75,1477.75,1,244341.12
CUST16761444299,1543.28,1543.28,1,269091.31
CUST16770320981,432.23,432.23,1,469207.85
CUST16773945670,128.95,128.95,1,230459.82
CUST16781037151,533.1,533.1,1,15411.1
CUST16783081101,2282.4,2282.4,1,31825.81
CUST16793458275,4640.75,4640.75,1,301654.09
CUST16795782724,297.23,297.23,1,441087.73
CUST16799950791,678.99,678.99,1,99038.6
CUST16800291388,252.6,252.6,1,443108.72
CUST16808849697,646.45,646.45,1,259546.99
CUST16812654295,1175.02,1175.02,1,34328.84
CUST16824712003,183.65,183.65,1,317245.38
CUST16827703678,199.86,199.86,1,90641.59
CUST16828402431,580.67,580.67,1,467727.58
CUST16830969520,369.46,369.46,1,216902.42
CUST16834846439,1712.8,1712.8,1,129498.04
CUST16836679692,329.48,329.48,1,269025.64
CUST16837545152,433.84,433.84,1,292512.89
CUST16843025396,591.53,591.53,1,123614.28
CUST16844672216,266.6,266.6,1,74481.27
CUST16854271820,9663.78,9663.78,1,400770.17
CUST16856741833,336.19,336.19,1,320667.74
CUST16868090551,7574.21,7574.21,1,282380.62
CUST16872187955,62.78,62.78,1,242716.4
CUST16876632769,1340.36,1340.36,1,364701.78
CUST16876635475,8254.89,8254.89,1,362298.69
CUST16876995501,147.31,147.31,1,132412.44
CUST16884602692,610.49,610.49,1,349625.41
CUST16884761071,109.99,109.99,1,95700.14
CUST16886480648,157.82,157.82,1,139024.94
CUST16892962053,968.53,968.53,1,466486.27
CUST16893107003,928.25,928.25,1,98995.5
CUST16895564056,585.02,585.02,1,377776.44
CUST16897707977,12917.11,12917.11,1,396829.86
CUST16905930841,1269.44,1269.44,1,176191.83
CUST16911345638,4952.12,4952.12,1,272747.84
CUST16913155474,100.29,100.29,1,340879.25
CUST16913822899,126.83,126.83,1,239848.87
CUST16915827598,260.35,260.35,1,359538.03
CUST16921322162,586.78,586.78,1,9947.81
CUST16927116499,33.63,33.63,1,136328.71
CUST16930429717,198.46,198.46,1,408289.03
CUST16931574561,1204.4,1204.4,1,12903.79
CUST16933876597,3334.0,3334.0,1,52903.61
CUST16935265902,108.74,108.74,1,117630.52
CUST16935673199,345.79,345.79,1,194747.54
CUST16936831070,908.5,908.5,1,225646.86
CUST16940489309,2188.41,2188.41,1,292985.19
CUST16944312000,251.97,251.97,1,244899.05
CUST16950855188,925.04,925.04,1,9611.96
CUST16955312924,296.97,296.97,1,420853.65
CUST16957326617,4324.63,4324.63,1,375022.09
CUST16957697774,33.9,33.9,1,218949.07
CUST16957735404,345.2,345.2,1,425466.25
CUST16961703000,181.3,181.3,1,158560.08
CUST16961904256,1619.41,1619.41,1,434506.06
CUST16964411181,96.53,96.53,1,73887.35
CUST16970110294,1064.12,1064.12,1,244122.62
CUST16975357082,1118.77,1118.77,1,103370.81
CUST16975521801,723.26,723.26,1,256908.93
CUST16976192099,218.76,218.76,1,293524.07
CUST16976614550,5992.05,5992.05,1,166176.27
CUST16977146382,5160.6,5160.6,1,411826.12
CUST16979373622,270.04,270.04,1,224192.49
CUST16979890208,196.04,196.04,1,498293.54
CUST16987171098,2229.68,2229.68,1,477782.95
CUST16995740416,575.59,575.59,1,189848.68
CUST16998364395,293.16,293.16,1,150145.09
CUST16998506977,1428.52,1428.52,1,428110.44
CUST17008595948,520.26,520.26,1,34222.68
CUST17014597269,191.29,191.29,1,246409.64
CUST17015679674,15101.57,15101.57,1,176518.1
CUST17020253120,204.52,204.52,1,291257.75
CUST17025053799,292.53,292.53,1,21187.61
CUST17030922388,571.93,571.93,1,429073.44
CUST17035355654,45.0,45.0,1,316033.94
CUST17035823156,155.49,155.49,1,21355.64
CUST17039800543,1011.41,1011.41,1,144626.12
CUST17043059363,9998.59,9998.59,1,384003.98
CUST17044569425,211.13,211.13,1,308116.28
CUST17045186969,237.09,237.09,1,413946.65
CUST17052855998,511.66,511.66,1,99095.28
CUST17055935030,2063.24,2063.24,1,169886.02
CUST17057262314,1424.12,1424.12,1,206823.16
CUST17063230637,1727.19,1727.19,1,288682.86
CUST17065109534,1124.66,1124.66,1,418822.47
CUST17066051694,175.3,175.3,1,275663.61
CUST17069524992,773.46,773.46,1,54095.07
CUST17087007372,78.65,78.65,1,209694.24
CUST17095927880,548.01,548.01,1,452074.09
CUST17099246624,3778.23,3778.23,1,407629.78
CUST17100544731,238.1,238.1,1,54677.05
CUST17100598842,526.09,526.09,1,192797.8
CUST17104440914,112.17,112.17,1,400411.68
CUST17105991573,3162.71,3162.71,1,114044.06
CUST17106349901,288.78,288.78,1,407655.38
CUST17107482694,3948.58,3948.58,1,196562.45
CUST17110307597,541.71,541.71,1,105028.48
CUST17111414401,232.13,232.13,1,193617.94
CUST17116980665,190.75,190.75,1,201981.72
CUST17126183107,235.56,235.56,1,114303.79
CUST17129244585,273.3,273.3,1,157190.98
CUST17133116831,457.83,457.83,1,17723.99
CUST17147557143,1928.39,1928.39,1,126994.03
CUST17153438969,217.51,217.51,1,230234.44
CUST17162412902,238.72,238.72,1,398491.83
CUST17163360530,1190.36,1190.36,1,488127.6
CUST17164618916,909.8,909.8,1,76859.63
CUST17164910538,2800.85,2800.85,1,143136.25
CUST17166600076,489.01,489.01,1,206983.41
CUST17166607557,980.1,980.1,1,439761.11
CUST17174733139,765.47,765.47,1,189104.61
CUST17178188315,3618.96,3618.96,1,456508.3
CUST17181248638,1844.79,1844.79,1,338652.93
CUST17187887377,278.35,278.35,1,277560.95
CUST17189630937,1863.0,1863.0,1,202306.85
CUST17195571152,13274.29,13274.29,1,5505.68
CUST17207148372,842.93,842.93,1,42004.54
CUST17207626771,1758.1,1758.1,1,314272.88
CUST17209450683,2492.02,2492.02,1,482621.1
CUST17209893212,60.33,60.33,1,40955.79
CUST17213521928,142.11,142.11,1,107626.4
CUST17228017940,64.94,64.94,1,243469.16
CUST17229197270,20.46,20.46,1,243290.82
CUST17239481438,2612.26,2612.26,1,70744.84
CUST17239858600,853.43,853.43,1,248423.28
CUST17241314394,201.31,201.31,1,323213.65
CUST17243338523,582.94,582.94,1,7328.03
CUST17244127580,486.53,486.53,1,62486.61
CUST17246220138,712.38,712.38,1,154122.79
CUST17252716819,509.87,509.87,1,394716.99
CUST17256160551,218.23,218.23,1,416111.05
CUST17259603497,585.74,585.74,1,454420.11
CUST17262100210,177.54,177.54,1,17578.78
CUST17264152647,335.08,335.08,1,200888.77
CUST17273900178,355.83,355.83,1,238965.55
CUST17278287007,339.88,339.88,1,384630.03
CUST17285797928,617.74,617.74,1,104253.04
CUST17296142236,2776.42,2776.42,1,172981.18
CUST17298470231,18.25,18.25,1,388137.73
CUST17308482642,172.48,172.48,1,458834.19
CUST17310203183,1151.54,1151.54,1,430005.03
CUST17310219860,6449.0,6449.0,1,276243.51
CUST17319834815,860.67,860.67,1,466737.84
CUST17321184001,916.26,916.26,1,232255.25
CUST17323406390,280.91,280.91,1,305575.83
CUST17326067141,437.73,437.73,1,23540.69
CUST17332865637,80.72,80.72,1,16169.52
CUST17345195779,165.6,165.6,1,437179.62
CUST17347602207,2145.44,2145.44,1,273366.56
CUST17350369752,409.11,409.11,1,276639.11
CUST17351636299,6704.34,6704.34,1,289049.62
CUST17358947102,373.57,373.57,1,264259.74
CUST17361722604,1233.61,1233.61,1,386288.51
CUST17365704691,1053.26,1053.26,1,412036.39
CUST17366724706,299.97,299.97,1,390374.29
CUST17369370869,2018.28,2018.28,1,195145.82
CUST17376747101,952.36,952.36,1,15000.87
CUST17378770401,1378.22,1378.22,1,241111.57
CUST17379284660,933.22,933.22,1,372890.42
CUST17382790995,5505.3,5505.3,1,309320.77
CUST17384448187,142.77,142.77,1,473077.76
CUST17396388776,6614.11,6614.11,1,234492.87
CUST17402914897,542.21,542.21,1,30645.39
CUST17413141802,5034.73,5034.73,1,321185.64
CUST17417570123,1249.99,1249.99,1,272050.3
CUST17420225291,329.93,329.93,1,461004.35
CUST17425803253,1162.58,1162.58,1,196518.37
CUST17439743205,417.79,417.79,1,172732.69
CUST17441426204,155.5,155.5,1,429514.07
CUST17443039494,50.9,50.9,1,406819.89
CUST17443834261,401.6,401.6,1,24522.92
CUST17449367538,392.19,392.19,1,137523.45
CUST17452038750,164.43,164.43,1,244174.19
CUST17453816590,279.08,279.08,1,32527.58
CUST17458549342,266.67,266.67,1,259543.22
CUST17459384884,6518.3,6518.3,1,197104.54
CUST17460640478,609.35,609.35,1,379121.09
CUST17466206510,536.75,536.75,1,62516.27
CUST17470264682,1295.37,1295.37,1,80844.69
CUST17473791951,3592.35,3592.35,1,270913.21
CUST17479013749,2480.36,2480.36,1,28341.26
CUST17479099848,6086.46,6086.46,1,356828.66
CUST17483637564,779.02,779.02,1,3320.04
CUST17485832192,1369.79,1369.79,1,488307.67
CUST17490083977,157.06,157.06,1,311214.98
CUST17491115350,1577.78,1577.78,1,421049.57
CUST17497742490,3085.51,3085.51,1,69363.05
CUST17503197168,4135.19,4135.19,1,123694.52
CUST17509727634,2750.67,2750.67,1,86693.27
CUST17514252848,106.89,106.89,1,377001.9
CUST17520042682,7529.83,7529.83,1,182156.59
CUST17521072720,3415.63,3415.63,1,331685.51
CUST17533579826,679.29,679.29,1,284230.54
CUST17551667206,1495.88,1495.88,1,76067.91
CUST17558309093,193.07,193.07,1,197846.03
CUST17566580564,181.7,181.7,1,139455.95
CUST17574493112,717.29,717.29,1,212819.4
CUST17580928156,394.29,394.29,1,366001.46
CUST17581315600,207.69,207.69,1,117131.93
CUST17581395377,1371.87,1371.87,1,415809.92
CUST17582911670,272.04,272.04,1,364633.25
CUST17583479090,1868.64,1868.64,1,168326.41
CUST17584461275,1902.36,1902.36,1,416325.92
CUST17584564472,1575.3,1575.3,1,379935.98
CUST17585073519,511.84,511.84,1,123578.04
CUST17587360466,273.56,273.56,1,110502.95
CUST17593303632,813.08,813.08,1,331732.2
CUST17595433087,293.76,293.76,1,294972.98
CUST17595944689,416.41,416.41,1,319492.55
CUST17596363530,221.77,221.77,1,144966.08
CUST17607931813,3944.68,3944.68,1,199326.93
CUST17611251879,152.96,152.96,1,45470.08
CUST17616925766,75.82,75.82,1,338287.21
CUST17618040797,199.79,199.79,1,12589.43
CUST17618172101,150.04,150.04,1,51113.69
CUST17625722103,1357.15,1357.15,1,362333.71
CUST17627238748,438.29,438.29,1,224354.04
CUST17633422966,826.36,826.36,1,317620.09
CUST17635814029,468.57,468.57,1,219305.8
CUST17638764951,3798.86,3798.86,1,448378.28
CUST17645015823,1931.45,1931.45,1,235472.17
CUST17648712598,543.48,543.48,1,22789.02
CUST17652259903,24276.61,24276.61,1,255688.75
CUST17655895689,91.11,91.11,1,246712.85
CUST17656182652,3519.61,3519.61,1,195205.09
CUST17661064064,400.53,400.53,1,427124.74
CUST17665372133,254.14,254.14,1,25878.64
CUST17671568364,3161.29,3161.29,1,21790.92
CUST17672607877,211.54,211.54,1,323328.94
CUST17674344491,538.88,538.88,1,264532.22
CUST17675515295,110.83,110.83,1,205670.04
CUST17682428737,100.01,100.01,1,474250.4
CUST17694110583,2677.09,2677.09,1,496310.29
CUST17696171732,1237.5,1237.5,1,314992.23
CUST17696781144,278.22,278.22,1,487959.16
CUST17698064714,5864.19,5864.19,1,121370.51
CUST17700291525,310.33,310.33,1,349221.28
CUST17700763763,579.6,579.6,1,93948.64
CUST17706194078,9175.21,9175.21,1,480779.02
CUST17706740222,3794.63,3794.63,1,242956.47
CUST17714021716,590.81,590.81,1,433344.51
CUST17715065934,3094.36,3094.36,1,388838.01
CUST17720365564,321.96,321.96,1,279684.54
CUST17727126251,5114.09,5114.09,1,445895.12
CUST17729036663,2783.74,2783.74,1,108803.06
CUST17732912005,241.98,241.98,1,70252.68
CUST17742257613,238.33,238.33,1,402044.3
CUST17744864261,14108.73,14108.73,1,183365.47
CUST17751723306,1042.87,1042.87,1,249392.23
CUST17754082239,808.76,808.76,1,68385.44
CUST17760329622,1552.69,1552.69,1,131164.81
CUST17768133306,1986.98,1986.98,1,476300.24
CUST17776373430,148.82,148.82,1,312059.48
CUST17777515784,401.81,401.81,1,1902.44
CUST17791615524,1568.06,1568.06,1,251772.35
CUST17798252173,8613.53,8613.53,1,145334.67
CUST17807308339,605.16,605.16,1,135150.98
CUST17807578930,199.38,199.38,1,128782.13
CUST17818605478,1481.04,1481.04,1,386374.25
CUST17820357808,880.3,880.3,1,99201.97
CUST17832178935,665.66,665.66,1,367579.72
CUST17834761249,1043.91,1043.91,1,168272.48
CUST17840780598,146.05,146.05,1,144925.5
CUST17840902565,199.57,199.57,1,378376.68
CUST17843447649,1311.64,1311.64,1,344291.67
CUST17844281777,326.12,326.12,1,451181.16
CUST17846814490,489.45,489.45,1,104938.43
CUST17852979164,1606.55,1606.55,1,123144.43
CUST17854065879,1301.23,1301.23,1,90165.57
CUST17855494762,2103.03,2103.03,1,211573.23
CUST17869785669,2700.41,2700.41,1,4455.34
CUST17875183454,203.49,203.49,1,157516.51
CUST17879737302,148.79,148.79,1,241565.91
CUST17885490097,3069.57,3069.57,1,173005.6
CUST17886340517,276.36,276.36,1,202841.38
CUST17896043968,92.13,92.13,1,412476.48
CUST17899061040,1881.79,1881.79,1,198561.21
CUST17900028996,3634.26,3634.26,1,307764.27
CUST17906182683,288.83,288.83,1,354796.84
CUST17907778611,169.3,169.3,1,494062.83
CUST17921167315,2547.26,2547.26,1,248422.7
CUST17928928196,33927.13,33927.13,1,286651.74
CUST17930158237,745.42,745.42,1,229853.13
CUST17934409055,173.02,173.02,1,145258.16
CUST17937808919,704.69,704.69,1,439457.35
CUST17943294517,237.28,237.28,1,478760.57
CUST17943358097,251.64,251.64,1,67328.81
CUST17948269697,323.99,323.99,1,369480.49
CUST17954179311,465.96,465.96,1,477299.92
CUST17959177456,512.44,512.44,1,272726.78
CUST17968396885,8448.66,8448.66,1,429523.56
CUST17969635213,516.45,516.45,1,260422.86
CUST17970338911,2555.8,2555.8,1,166877.27
CUST17978898352,561.26,561.26,1,101141.87
CUST17980073689,7544.09,7544.09,1,278865.23
CUST17982552362,378.4,378.4,1,379157.64
CUST17984886418,2335.82,2335.82,1,449025.31
CUST17985384069,1994.38,1994.38,1,270964.54
CUST17987756320,243.0,243.0,1,412120.97
CUST18000213024,2607.32,2607.32,1,361819.79
CUST18003320461,1432.48,1432.48,1,335014.14
CUST18007121916,853.75,853.75,1,151450.12
CUST18009292640,419.46,419.46,1,128774.27
CUST18010525654,1570.06,1570.06,1,143182.68
CUST18011254988,343.04,343.04,1,135550.58
CUST18013887984,714.68,714.68,1,3865.53
CUST18025331856,3378.06,3378.06,1,295248.9
CUST18028812942,342.11,342.11,1,336555.09
CUST18029692826,180.12,180.12,1,4637.07
CUST18036429111,176.44,176.44,1,401807.02
CUST18040895120,2624.75,2624.75,1,59102.78
CUST18042534847,369.93,369.93,1,413049.21
CUST18044461746,8754.31,8754.31,1,60679.21
CUST18055088361,609.19,609.19,1,498065.69
CUST18058855286,5709.03,5709.03,1,456126.11
CUST18059889620,91.66,91.66,1,288737.56
CUST18061930253,494.04,494.04,1,87437.71
CUST18065988434,1244.15,1244.15,1,273877.21
CUST18067319547,103.2,103.2,1,252705.52
CUST18071442702,573.95,573.95,1,408785.75
CUST18077362759,448.07,448.07,1,27466.47
CUST18078281128,839.68,839.68,1,388492.9
CUST18081747190,4060.71,4060.71,1,258897.12
CUST18088407818,3311.75,3311.75,1,42804.57
CUST18089034854,82.94,82.94,1,26819.42
CUST18090179557,389.09,389.09,1,188703.54
CUST18096065638,853.43,853.43,1,179531.65
CUST18109954384,1528.21,1528.21,1,214196.66
CUST18110828351,585.23,585.23,1,436095.12
CUST18114509650,251.21,251.21,1,33842.77
CUST18114870122,239.15,239.15,1,220054.79
CUST18115165146,425.2,425.2,1,215928.28
CUST18115226364,10306.69,10306.69,1,174589.82
CUST18122546561,190.68,190.68,1,157568.33
CUST18127898999,5737.9,5737.9,1,400772.57
CUST18128421685,1833.3,1833.3,1,225061.6
CUST18132167780,300.83,300.83,1,479307.51
CUST18134529138,155.74,155.74,1,400235.78
CUST18139801114,660.27,660.27,1,498681.07
CUST18139882201,132.69,132.69,1,212344.14
CUST18143752447,151.33,151.33,1,126089.34
CUST18150054589,237.94,237.94,1,431237.76
CUST18152696086,795.32,795.32,1,338966.28
CUST18153916901,535.56,535.56,1,467036.7
CUST18155824676,1287.54,1287.54,1,152852.27
CUST18159042560,821.06,821.06,1,99175.39
CUST18160556377,490.87,490.87,1,472353.63
CUST18163601511,707.01,707.01,1,85306.67
CUST18169103564,216.68,216.68,1,264607.39
CUST18171786659,616.34,616.34,1,151692.22
CUST18181082557,12533.01,12533.01,1,97509.7
CUST18182289702,2488.56,2488.56,1,169528.58
CUST18187110243,868.64,868.64,1,132434.98
CUST18187705828,169.88,169.88,1,428194.94
CUST18194803031,783.26,783.26,1,63303.84
CUST18200398290,421.61,421.61,1,55331.56
CUST18211339629,1966.04,1966.04,1,155231.59
CUST18234755211,2975.23,2975.23,1,195321.49
CUST18237835665,704.15,704.15,1,343677.47
CUST18239689188,427.73,427.73,1,2851.92
CUST18242254650,974.02,974.02,1,303046.73
CUST18247930731,900.99,900.99,1,364219.48
CUST18251616773,116.04,116.04,1,225881.42
CUST18255138425,1591.13,1591.13,1,366071.67
CUST18260144227,707.4,707.4,1,382992.52
CUST18263038200,634.25,634.25,1,110473.47
CUST18277496200,3434.86,3434.86,1,174102.14
CUST18279212252,3845.4,3845.4,1,339431.83
CUST18284476629,196.32,196.32,1,70559.42
CUST18284851145,7398.28,7398.28,1,33372.22
CUST18292621794,251.06,251.06,1,398438.15
CUST18295310835,3341.79,3341.79,1,77429.8
CUST18298997871,8873.07,8873.07,1,448109.07
CUST18308633327,581.26,581.26,1,249051.19
CUST18309526463,3429.09,3429.09,1,189249.05
CUST18309596964,1728.36,1728.36,1,81341.11
CUST18310938982,1144.5,1144.5,1,347199.75
CUST18313461089,2018.99,2018.99,1,100032.29
CUST18316814499,3640.65,3640.65,1,43000.27
CUST18317810826,197.7,197.7,1,180709.22
CUST18320143621,252.86,252.86,1,497576.36
CUST18323926813,548.62,548.62,1,297877.45
CUST18324258615,1970.76,1970.76,1,299581.03
CUST18327434659,1053.21,1053.21,1,110649.02
CUST18330265553,4098.09,4098.09,1,85730.78
CUST18349782644,120.13,120.13,1,425693.65
CUST18351993267,311.22,311.22,1,60938.63
CUST18365165992,1351.74,1351.74,1,212415.03
CUST18366717724,1214.85,1214.85,1,292999.96
CUST18371968595,755.18,755.18,1,132258.61
CUST18376612012,231.41,231.41,1,172879.22
CUST18377694177,233.79,233.79,1,218852.3
CUST18379405464,134.47,134.47,1,60084.42
CUST18379787954,1239.69,1239.69,1,70658.71
CUST18384139358,931.3,931.3,1,159932.5
CUST18391036780,2074.1,2074.1,1,148369.49
CUST18393169482,1896.94,1896.94,1,265639.47
CUST18395973533,697.02,697.02,1,257473.04
CUST18402153386,297.94,297.94,1,341622.29
CUST18405832731,2081.02,2081.02,1,446013.15
CUST18409451084,450.44,450.44,1,315567.17
CUST18416480214,216.83,216.83,1,444019.5
CUST18418963648,741.79,741.79,1,369549.15
CUST18419360207,645.98,645.98,1,114112.95
CUST18421708430,176.78,176.78,1,337094.07
CUST18426378866,3873.63,3873.63,1,21626.17
CUST18427436020,80.81,80.81,1,67133.85
CUST18431095057,397.25,397.25,1,365492.76
CUST18431971134,1360.62,1360.62,1,465485.38
CUST18436482825,394.12,394.12,1,422442.53
CUST18443085955,674.14,674.14,1,196281.97
CUST18451160141,4193.19,4193.19,1,218295.85
CUST18453341231,1046.15,1046.15,1,51958.6
CUST18453587785,569.2,569.2,1,191917.54
CUST18458473403,13308.63,13308.63,1,247243.74
CUST18460548962,662.36,662.36,1,63257.21
CUST18464156368,575.07,575.07,1,406036.76
CUST18469644911,476.6,476.6,1,253654.08
CUST18470794381,1904.36,1904.36,1,111057.6
CUST18475454782,1032.4,1032.4,1,335894.63
CUST18477226498,266.82,266.82,1,465319.81
CUST18477230895,660.62,660.62,1,378705.07
CUST18478663529,980.59,980.59,1,391196.22
CUST18490269726,2923.88,2923.88,1,269910.46
CUST18494403272,3228.2,3228.2,1,467908.94
CUST18498540534,857.11,857.11,1,234365.67
CUST18503439183,7213.34,7213.34,1,453332.64
CUST18509826913,1257.35,1257.35,1,193166.88
CUST18515004645,4315.47,4315.47,1,17391.75
CUST18516143332,518.79,518.79,1,496053.81
CUST18529818898,1062.11,1062.11,1,351977.44
CUST18533987005,14012.15,14012.15,1,349069.86
CUST18549686459,2410.6,2410.6,1,357365.6
CUST18552832163,14622.1,14622.1,1,147195.54
CUST18559213794,2462.79,2462.79,1,421083.62
CUST18568560905,158.41,158.41,1,235773.14
CUST18577736495,447.35,447.35,1,320892.58
CUST18588808702,62.67,62.67,1,141270.57
CUST18596736283,5608.65,5608.65,1,433252.79
CUST18603905932,220.02,220.02,1,29835.6
CUST18614401550,502.95,502.95,1,133129.35
CUST18615153706,2846.51,2846.51,1,410943.71
CUST18623500668,718.23,718.23,1,436695.38
CUST18623748887,2022.48,2022.48,1,324410.96
CUST18625293316,10853.16,10853.16,1,4934.45
CUST18627096107,5291.19,5291.19,1,376110.4
CUST18631078070,1339.95,1339.95,1,219218.99
CUST18634228471,1615.74,1615.74,1,217256.3
CUST18639210227,215.67,215.67,1,32040.56
CUST18640357874,771.57,771.57,1,368855.52
CUST18641638671,262.81,262.81,1,423821.54
CUST18643716841,4212.45,4212.45,1,401320.19
CUST18653786230,115.96,115.96,1,402960.27
CUST18658398795,9945.09,9945.09,1,95310.94
CUST18663309632,1491.87,1491.87,1,459135.01
CUST18664855500,119.02,119.02,1,104810.27
CUST18667827297,1093.71,1093.71,1,448756.84
CUST18672874296,1462.43,1462.43,1,339904.39
CUST18676228730,388.69,388.69,1,315507.7
CUST18679658116,2152.53,2152.53,1,174869.21
CUST18684839466,387.33,387.33,1,173635.12
CUST18685867414,3902.42,3902.42,1,38834.13
CUST18688180634,182.39,182.39,1,248416.56
CUST18691716887,18531.38,18531.38,1,253325.12
CUST18692071594,812.19,812.19,1,206663.61
CUST18702032648,155.33,155.33,1,369759.34
CUST18709177298,1003.19,1003.19,1,461699.11
CUST18713361994,2429.33,2429.33,1,42125.74
CUST18725837943,522.37,522.37,1,105179.1
CUST18726803619,266.5,266.5,1,260167.46
CUST18731066639,4013.6,4013.6,1,362412.74
CUST18732443631,1115.1,1115.1,1,70865.31
CUST18738616664,6276.0,6276.0,1,217202.51
CUST18739831698,5627.81,5627.81,1,8171.78
CUST18741368233,4382.88,4382.88,1,440576.84
CUST18741645179,8603.05,8603.05,1,471218.89
CUST18745124636,190.64,190.64,1,426214.48
CUST18758606268,65.62,65.62,1,3714.47
CUST18758635618,304.35,304.35,1,333637.45
CUST18765775357,6257.5,6257.5,1,361115.92
CUST18767365875,1146.98,1146.98,1,276509.24
CUST18773502794,372.96,372.96,1,137654.23
CUST18775611579,766.58,766.58,1,136644.26
CUST18775827231,850.85,850.85,1,453505.27
CUST18778052027,307.89,307.89,1,244275.26
CUST18780154658,2101.77,2101.77,1,243781.4
CUST18792805011,184.05,184.05,1,387195.05
CUST18793127143,2784.31,2784.31,1,243854.91
CUST18793161719,397.01,397.01,1,87162.8
CUST18799361054,315.21,315.21,1,10174.86
CUST18802529676,1050.91,1050.91,1,312933.74
CUST18808093521,2629.98,2629.98,1,109083.23
CUST18808114191,4008.55,4008.55,1,250728.03
CUST18815793636,95.51,95.51,1,222359.62
CUST18818976460,1277.05,1277.05,1,178621.09
CUST18823908879,503.94,503.94,1,222391.76
CUST18830052760,1003.4,1003.4,1,347352.4
CUST18834492004,287.12,287.12,1,86248.03
CUST18842461863,1045.9,1045.9,1,476322.79
CUST18844692817,852.26,852.26,1,387004.7
CUST18844722207,42.07,42.07,1,325424.12
CUST18845342139,1239.85,1239.85,1,245041.82
CUST18855917438,704.22,704.22,1,19852.78
CUST18856275024,307.99,307.99,1,269491.75
CUST18866401149,27.34,27.34,1,1982.15
CUST18866409867,1886.92,1886.92,1,199534.36
CUST18883039035,1798.8,1798.8,1,345265.62
CUST18884525426,264.76,264.76,1,274526.89
CUST18892387712,252.12,252.12,1,41362.51
CUST18895763847,32054.42,32054.42,1,184089.75
CUST18896321052,174.47,174.47,1,388432.33
CUST18899066048,2980.05,2980.05,1,15297.98
CUST18914336334,1091.44,1091.44,1,425218.68
CUST18917625735,755.14,755.14,1,452618.49
CUST18925653785,604.02,604.02,1,327146.79
CUST18931550699,716.13,716.13,1,232026.83
CUST18932196891,662.21,662.21,1,457276.57
CUST18932803864,951.38,951.38,1,21025.83
CUST18935034361,530.86,530.86,1,157333.87
CUST18952353916,621.18,621.18,1,173603.9
CUST18954006800,2740.0,2740.0,1,188527.81
CUST18964118691,77.36,77.36,1,231469.69
CUST18964835056,6928.01,6928.01,1,95187.96
CUST18985281355,672.5,672.5,1,126153.53
CUST18993694405,273.42,273.42,1,315197.72
CUST19005269202,698.77,698.77,1,349237.77
CUST19005895292,332.83,332.83,1,170204.94
CUST19006439442,382.15,382.15,1,268523.76
CUST19016368315,670.0,670.0,1,437402.56
CUST19020502413,2074.63,2074.63,1,25124.98
CUST19021901497,4040.7,4040.7,1,286010.49
CUST19025835981,90.76,90.76,1,220596.38
CUST19028089039,2128.28,2128.28,1,451901.39
CUST19028568881,1102.56,1102.56,1,440259.31
CUST19033721753,5452.95,5452.95,1,227989.22
CUST19038329442,251.44,251.44,1,135941.3
CUST19039698480,358.93,358.93,1,292491.98
CUST19040255100,161.66,161.66,1,118499.99
CUST19043526262,372.62,372.62,1,442950.75
CUST19059375005,206.55,206.55,1,129653.05
CUST19075581733,2810.81,2810.81,1,249882.52
CUST19075800004,13046.83,13046.83,1,146793.95
CUST19088781251,1299.14,1299.14,1,484737.43
CUST19092079164,794.69,794.69,1,108184.85
CUST19093095446,184.29,184.29,1,457463.99
CUST19094995300,214.8,214.8,1,122786.34
CUST19124027250,2923.96,2923.96,1,60561.48
CUST19127505250,1080.56,1080.56,1,400586.61
CUST19135814175,347.93,347.93,1,3359.65
CUST19138802138,217.55,217.55,1,286068.45
CUST19140254568,211.61,211.61,1,276588.63
CUST19145320658,1409.65,1409.65,1,34137.06
CUST19163471812,945.71,945.71,1,315821.46
CUST19164975756,83.07,83.07,1,418685.77
CUST19165973458,588.05,588.05,1,25203.76
CUST19166714366,19934.94,19934.94,1,2691.58
CUST19168388435,477.15,477.15,1,249459.78
CUST19171913824,1499.31,1499.31,1,31605.85
CUST19172082877,1238.92,1238.92,1,445535.25
CUST19173728892,616.43,616.43,1,481578.4
CUST19179464726,1889.64,1889.64,1,172202.69
CUST19188388082,240.21,240.21,1,426208.58
CUST19191801069,707.67,707.67,1,315588.5
CUST19205363140,564.89,564.89,1,126304.38
CUST19207737750,1405.77,1405.77,1,459033.59
CUST19213995455,2212.02,2212.02,1,453302.45
CUST19219963081,987.2,987.2,1,288525.29
CUST19222452869,95.48,95.48,1,122678.83
CUST19222694096,117.72,117.72,1,51364.02
CUST19230165015,1398.35,1398.35,1,389122.27
CUST19232570492,697.92,697.92,1,213169.07
CUST19241428585,162.83,162.83,1,453211.33
CUST19243461550,610.18,610.18,1,56433.56
CUST19250577987,755.6,755.6,1,10520.01
CUST19252395236,2357.29,2357.29,1,145747.77
CUST19271420707,302.6,302.6,1,174678.84
CUST19272661269,1253.32,1253.32,1,432314.39
CUST19275471459,241.47,241.47,1,239018.86
CUST19275703454,267.67,267.67,1,6028.26
CUST19278880578,29307.47,29307.47,1,365724.28
CUST19283052271,519.66,519.66,1,170805.29
CUST19283485841,463.6,463.6,1,5755.6
CUST19286999177,5406.03,5406.03,1,294369.12
CUST19288494413,5704.18,5704.18,1,180787.91
CUST19294909106,1374.52,1374.52,1,254363.31
CUST19306795121,2925.31,2925.31,1,309093.56
CUST19321661646,2136.44,2136.44,1,234257.62
CUST19322438198,487.49,487.49,1,144882.06
CUST19326808652,335.25,335.25,1,459401.22
CUST19337077223,715.24,715.24,1,356906.36
CUST19344496176,2782.66,2782.66,1,143146.83
CUST19349640520,313.67,313.67,1,408523.81
CUST19351678100,1388.86,1388.86,1,92954.7
CUST19371921134,983.96,983.96,1,386650.36
CUST19374483340,1110.62,1110.62,1,161735.47
CUST19375916245,674.81,674.81,1,227767.06
CUST19378879941,98.62,98.62,1,34337.87
CUST19388314029,917.84,917.84,1,383778.22
CUST19394197057,191.2,191.2,1,32827.97
CUST19395127406,1227.97,1227.97,1,245585.59
CUST19399726315,1116.39,1116.39,1,407951.7
CUST19401848219,198.17,198.17,1,124937.0
CUST19417997976,82.77,82.77,1,84586.1
CUST19420176675,2239.06,2239.06,1,287031.71
CUST19424079233,1773.79,1773.79,1,434052.65
CUST19427622843,5809.44,5809.44,1,321628.47
CUST19429935960,359.03,359.03,1,118687.42
CUST19430960444,3820.39,3820.39,1,421589.92
CUST19431212143,13289.93,13289.93,1,426808.4
CUST19434695935,1100.59,1100.59,1,69828.72
CUST19439002684,3280.77,3280.77,1,209350.15
CUST19451737180,27.26,27.26,1,169995.57
CUST19454360217,273.95,273.95,1,271557.67
CUST19455873055,291.65,291.65,1,217239.62
CUST19457879576,781.23,781.23,1,364307.47
CUST19461140333,66.77,66.77,1,325921.75
CUST19464311512,509.4,509.4,1,182973.47
CUST19469098022,25299.97,25299.97,1,256258.35
CUST19469305845,643.37,643.37,1,175512.72
CUST19480267059,487.99,487.99,1,56776.68
CUST19481110754,3943.63,3943.63,1,319070.64
CUST19483899300,551.49,551.49,1,497811.94
CUST19488425541,2263.26,2263.26,1,50883.98
CUST19490092444,1656.18,1656.18,1,150935.53
CUST19497195603,3615.85,3615.85,1,266430.28
CUST19498833594,494.16,494.16,1,456240.46
CUST19500371899,258.74,258.74,1,363829.07
CUST19501243654,2987.46,2987.46,1,234540.01
CUST19507959387,788.68,788.68,1,194887.61
CUST19510398905,440.96,440.96,1,354716.43
CUST19511987419,5696.02,5696.02,1,85695.25
CUST19516125960,355.96,355.96,1,346782.82
CUST19517895031,912.06,912.06,1,341262.44
CUST19524246660,896.14,896.14,1,71984.69
CUST19532000722,220.45,220.45,1,450168.84
CUST19534798323,441.45,441.45,1,398521.87
CUST19539333143,807.8,807.8,1,200723.31
CUST19540733599,68.19,68.19,1,256054.78
CUST19545817626,1161.48,1161.48,1,279276.87
CUST19561777694,149.61,149.61,1,414701.34
CUST19567985183,2214.7,2214.7,1,226482.46
CUST19572216894,4468.87,4468.87,1,311718.72
CUST19573870935,88.87,88.87,1,404767.04
CUST19580937346,510.76,510.76,1,141884.64
CUST19583721981,107.02,107.02,1,205958.02
CUST19589965241,332.81,332.81,1,256972.88
CUST19593719811,212.86,212.86,1,330856.74
CUST19596906472,2455.06,2455.06,1,121394.08
CUST19600047978,129.25,129.25,1,149225.7
CUST19600429446,499.81,499.81,1,296563.27
CUST19603305501,916.08,916.08,1,283239.2
CUST19604862067,281.36,281.36,1,331401.96
CUST19604903130,672.22,672.22,1,353725.94
CUST19606858748,374.25,374.25,1,145620.58
CUST19609162273,226.41,226.41,1,192219.31
CUST19612443136,187.5,187.5,1,152094.97
CUST19617465227,361.82,361.82,1,468572.78
CUST19620213457,432.82,432.82,1,194055.14
CUST19626413865,617.68,617.68,1,160062.64
CUST19626801852,533.19,533.19,1,14022.86
CUST19626893836,104.11,104.11,1,473923.71
CUST19627764688,1376.52,1376.52,1,500903.03
CUST19631631281,366.76,366.76,1,77536.84
CUST19634464035,71.35,71.35,1,35918.69
CUST19637979479,617.34,617.34,1,493558.4
CUST19640977052,6316.34,6316.34,1,104557.07
CUST19654873754,2159.24,2159.24,1,222875.45
CUST19664973871,1127.69,1127.69,1,407594.02
CUST19670440259,3904.41,3904.41,1,36930.07
CUST19671621795,12010.22,12010.22,1,50885.86
CUST19676193915,1942.14,1942.14,1,197782.03
CUST19679664158,173.62,173.62,1,470379.02
CUST19680657549,619.44,619.44,1,246732.14
CUST19680707278,334.57,334.57,1,484171.57
CUST19684925597,3979.86,3979.86,1,320474.26
CUST19687796137,737.68,737.68,1,328285.89
CUST19688365060,156.49,156.49,1,42920.09
CUST19693650633,1100.71,1100.71,1,168463.85
CUST19701603736,584.71,584.71,1,485636.27
CUST19704436052,9310.74,9310.74,1,219210.98
CUST19704535262,4160.06,4160.06,1,450238.02
CUST19704623319,158.31,158.31,1,12537.37
CUST19730960723,15974.6,15974.6,1,131197.89
CUST19735127192,39.76,39.76,1,74609.46
CUST19736779809,182.44,182.44,1,31806.43
CUST19745365855,2535.85,2535.85,1,184222.1
CUST19750196398,979.86,979.86,1,65462.64
CUST19752091439,1068.8,1068.8,1,234752.27
CUST19757548228,119.55,119.55,1,383752.25
CUST19758501433,62.45,62.45,1,302344.28
CUST19760699832,2698.85,2698.85,1,414374.68
CUST19766354756,139.56,139.56,1,383489.83
CUST19790949493,374.68,374.68,1,64109.5
CUST19795282282,1338.87,1338.87,1,79922.9
CUST19798415542,7241.92,7241.92,1,184208.62
CUST19800049237,2605.12,2605.12,1,42757.84
CUST19807457099,432.74,432.74,1,175184.26
CUST19816881016,1081.87,1081.87,1,492590.58
CUST19824043590,155.5,155.5,1,406326.31
CUST19825230826,46.5,46.5,1,139237.54
CUST19828946285,232.14,232.14,1,195098.59
CUST19830798890,718.4,718.4,1,31060.11
CUST19831827588,1924.43,1924.43,1,172429.42
CUST19838138150,809.51,809.51,1,51394.47
CUST19839741829,789.6,789.6,1,50200.51
CUST19840267353,760.5,760.5,1,274817.04
CUST19842266197,995.49,995.49,1,328605.34
CUST19846045899,225.37,225.37,1,462738.89
CUST19846418163,248.78,248.78,1,81273.75
CUST19853509045,334.08,334.08,1,101736.4
CUST19853835801,3694.15,3694.15,1,240897.56
CUST19856406347,514.85,514.85,1,418446.38
CUST19859275345,287.93,287.93,1,416918.78
CUST19864385501,615.32,615.32,1,84148.7
CUST19866257599,1833.78,1833.78,1,462208.45
CUST19866722228,1100.22,1100.22,1,210073.26
CUST19879289794,424.02,424.02,1,9643.81
CUST19879755216,206.56,206.56,1,396806.5
CUST19885729486,2491.92,2491.92,1,359242.4
CUST19889835049,2598.19,2598.19,1,335183.52
CUST19898766207,1645.4,1645.4,1,131704.79
CUST19901109867,377.44,377.44,1,170076.18
CUST19903700770,6081.94,6081.94,1,217963.75
CUST19907132796,692.37,692.37,1,27651.46
CUST19907443301,33152.77,33152.77,1,193584.86
CUST19916059725,335.86,335.86,1,477542.23
CUST19916245149,732.76,732.76,1,378961.3
CUST19924522758,1595.71,1595.71,1,178674.4
CUST19929152463,822.42,822.42,1,477877.17
CUST19933199499,301.03,301.03,1,276132.71
CUST19942059039,3349.59,3349.59,1,184419.96
CUST19944625685,325.94,325.94,1,394767.53
CUST19945707494,948.01,948.01,1,195596.78
CUST19946294986,518.16,518.16,1,412204.87
CUST19952139393,1389.13,1389.13,1,369807.2
CUST19953058063,6139.09,6139.09,1,57244.7
CUST19956029607,1217.9,1217.9,1,284364.86
CUST19965599811,15982.03,15982.03,1,462846.19
CUST19966511594,7299.55,7299.55,1,387626.33
CUST19971596589,830.98,830.98,1,325654.75
CUST19974165525,1181.28,1181.28,1,234285.89
CUST19975600908,695.89,695.89,1,157722.35
CUST19977965521,617.76,617.76,1,54731.42
CUST19979287308,231.18,231.18,1,306065.68
CUST19980527252,1291.95,1291.95,1,263862.19
CUST19993602454,3023.74,3023.74,1,191773.26
CUST19995681369,541.49,541.49,1,422036.92
CUST20001171498,336.75,336.75,1,335609.82
CUST20017988212,1317.68,1317.68,1,43780.3
CUST20019354781,290.3,290.3,1,413724.49
CUST20019681728,578.04,578.04,1,132648.78
CUST20022140794,498.27,498.27,1,484630.91
CUST20030599420,119.55,119.55,1,434197.97
CUST20032947197,805.28,805.28,1,394886.52
CUST20033692223,44.83,44.83,1,305447.11
CUST20033877130,325.86,325.86,1,485409.57
CUST20040873868,94.2,94.2,1,477939.92
CUST20041567345,584.81,584.81,1,391386.5
CUST20053652233,1442.78,1442.78,1,427293.99
CUST20059044531,1238.54,1238.54,1,397642.88
CUST20060141330,735.18,735.18,1,152977.84
CUST20067705530,138.3,138.3,1,140389.36
CUST20068113733,4190.15,4190.15,1,465010.78
CUST20080332732,1156.05,1156.05,1,410487.07
CUST20080773429,848.37,848.37,1,467698.55
CUST20094211356,1881.82,1881.82,1,167707.81
CUST20096290787,15641.88,15641.88,1,256840.71
CUST20096473336,23221.25,23221.25,1,386579.2
CUST20099810649,996.15,996.15,1,240828.75
CUST20102486923,560.83,560.83,1,137339.74
CUST20103212217,219.35,219.35,1,281069.54
CUST20106825267,257.97,257.97,1,42014.2
CUST20106949194,8172.93,8172.93,1,260422.04
CUST20108904393,7462.98,7462.98,1,346732.36
CUST20111071023,3790.49,3790.49,1,331525.05
CUST20112123723,349.55,349.55,1,32475.09
CUST20126993485,618.31,618.31,1,14578.12
CUST20128012641,294.28,294.28,1,255807.66
CUST20130734081,331.21,331.21,1,341731.01
CUST20134100478,2239.66,2239.66,1,317831.71
CUST20149897167,9133.29,9133.29,1,274680.49
CUST20155871945,70.52,70.52,1,179650.01
CUST20159069410,685.42,685.42,1,308884.58
CUST20159865059,106.31,106.31,1,413860.01
CUST20163603927,3400.6,3400.6,1,395296.09
CUST20167811434,271.72,271.72,1,237670.16
CUST20168601739,945.32,945.32,1,486501.99
CUST20172605189,220.1,220.1,1,178436.82
CUST20192954520,123.83,123.83,1,319062.5
CUST20197334471,848.63,848.63,1,74529.84
CUST20203743178,231.04,231.04,1,34730.69
CUST20203824336,929.25,929.25,1,253188.01
CUST20211760601,1547.28,1547.28,1,160704.79
CUST20218027099,12729.33,12729.33,1,458876.23
CUST20221683326,652.45,652.45,1,382651.92
CUST20228745963,871.27,871.27,1,215228.32
CUST20234220430,675.85,675.85,1,131293.39
CUST20238465631,764.84,764.84,1,300409.67
CUST20242089494,625.24,625.24,1,43138.94
CUST20254978702,211.57,211.57,1,245807.55
CUST20269843167,2019.66,2019.66,1,316035.8
CUST20272673755,3916.53,3916.53,1,365925.58
CUST20284870298,373.85,373.85,1,177900.24
CUST20285270543,4158.42,4158.42,1,782.17
CUST20291785523,1718.2,1718.2,1,431272.69
CUST20292446240,273.94,273.94,1,289424.35
CUST20294591749,1438.44,1438.44,1,406453.04
CUST20294663544,8324.14,8324.14,1,221091.73
CUST20305604230,175.93,175.93,1,138808.28
CUST20309400456,702.35,702.35,1,376390.1
CUST20310746712,65.97,65.97,1,91146.31
CUST20312458465,320.43,320.43,1,341024.0
CUST20314685011,1610.95,1610.95,1,209224.6
CUST20314696421,3946.59,3946.59,1,146764.8
CUST20320058754,1112.65,1112.65,1,248927.65
CUST20321567172,967.72,967.72,1,398879.41
CUST20328451365,2084.08,2084.08,1,42166.13
CUST20345709873,1234.67,1234.67,1,73127.17
CUST20366445516,220.34,220.34,1,183164.26
CUST20373861062,941.6,941.6,1,16087.26
CUST20378119263,1507.95,1507.95,1,140318.73
CUST20381926394,703.02,703.02,1,307195.46
CUST20396424044,272.38,272.38,1,442451.21
CUST20396479381,17.62,17.62,1,443125.92
CUST20409686027,3899.21,3899.21,1,60959.99
CUST20411505721,909.05,909.05,1,216133.02
CUST20413996644,739.71,739.71,1,223036.99
CUST20414110712,16145.38,16145.38,1,189968.6
CUST20423313146,449.66,449.66,1,240631.66
CUST20424283855,553.41,553.41,1,308649.73
CUST20427369496,1216.7,1216.7,1,120942.83
CUST20431572996,529.49,529.49,1,65651.88
CUST20432566387,3126.17,3126.17,1,298943.07
CUST20434359132,744.3,744.3,1,136110.91
CUST20435091095,141.35,141.35,1,139962.35
CUST20437849968,14044.23,14044.23,1,327229.47
CUST20442296230,561.03,561.03,1,51125.13
CUST20444120651,39975.27,39975.27,1,249502.74
CUST20451297558,1684.5,1684.5,1,231814.76
CUST20453110429,215.58,215.58,1,134400.85
CUST20453476002,3788.68,3788.68,1,18540.32
CUST20455004818,2800.65,2800.65,1,142173.03
CUST20457153420,1295.42,1295.42,1,476801.9
CUST20458575151,13552.44,13552.44,1,345569.53
CUST20462883979,92.88,92.88,1,362737.98
CUST20464193553,868.13,868.13,1,96729.54
CUST20468864947,774.13,774.13,1,451973.67
CUST20469903847,63.38,63.38,1,189012.31
CUST20473079791,299.93,299.93,1,314873.47
CUST20475532499,281.79,281.79,1,133204.19
CUST20480128622,1509.01,1509.01,1,119170.04
CUST20482010376,137.59,137.59,1,458298.43
CUST20485147062,1535.68,1535.68,1,471157.42
CUST20496346313,550.19,550.19,1,12813.76
CUST20499234902,565.19,565.19,1,74794.9
CUST20499458583,245.5,245.5,1,430080.18
CUST20499544188,31709.87,31709.87,1,219542.81
CUST20515145963,773.75,773.75,1,169369.57
CUST20515232739,11810.88,11810.88,1,443335.95
CUST20519774603,974.08,974.08,1,191091.87
CUST20529136091,1335.49,1335.49,1,192080.5
CUST20531349836,15752.07,15752.07,1,406500.2
CUST20534979994,83.04,83.04,1,380100.54
CUST20537644247,10354.31,10354.31,1,440466.46
CUST20538543537,723.31,723.31,1,409317.66
CUST20542784111,514.53,514.53,1,295052.89
CUST20542930840,264.28,264.28,1,95450.19
CUST20546205792,228.1,228.1,1,17025.71
CUST20548730686,1243.35,1243.35,1,81540.29
CUST20551003443,2933.7,2933.7,1,151538.28
CUST20555278945,711.45,711.45,1,451248.09
CUST20564497834,3190.27,3190.27,1,370636.39
CUST20569925409,1870.99,1870.99,1,240297.46
CUST20573917278,1409.3,1409.3,1,335705.81
CUST20575535757,3168.08,3168.08,1,473197.78
CUST20581424048,903.95,903.95,1,185401.46
CUST20585728847,986.82,986.82,1,359238.55
CUST20604956775,726.15,726.15,1,443354.49
CUST20620308181,2079.86,2079.86,1,191867.97
CUST20621475186,1677.21,1677.21,1,395395.72
CUST20625429565,746.27,746.27,1,449215.94
CUST20625540927,1054.65,1054.65,1,450398.68
CUST20625920883,1203.65,1203.65,1,391873.66
CUST20626622406,433.98,433.98,1,384945.09
CUST20632101370,243.47,243.47,1,199471.3
CUST20637126698,722.02,722.02,1,437682.1
CUST20637725813,12933.42,12933.42,1,181747.47
CUST20637736419,522.7,522.7,1,50761.95
CUST20637910046,248.07,248.07,1,57250.0
CUST20644623795,1469.1,1469.1,1,246714.95
CUST20654483073,131.22,131.22,1,24990.03
CUST20655104460,378.35,378.35,1,172517.23
CUST20655446863,245.69,245.69,1,309247.6
CUST20656321329,3086.14,3086.14,1,266082.74
CUST20668202262,398.02,398.02,1,231258.55
CUST20669785941,979.11,979.11,1,494880.45
CUST20670719215,535.6,535.6,1,356468.68
CUST20675887564,362.09,362.09,1,186309.15
CUST20679302760,518.24,518.24,1,487577.06
CUST20681443983,3527.21,3527.21,1,386110.08
CUST20689434745,290.71,290.71,1,358451.36
CUST20689692169,118.16,118.16,1,350564.2
CUST20696345595,614.78,614.78,1,125727.37
CUST20698296390,1475.44,1475.44,1,260288.91
CUST20698553956,400.46,400.46,1,336582.83
CUST20700576027,240.96,240.96,1,76941.15
CUST20702654974,523.04,523.04,1,212250.32
CUST20707398895,1414.45,1414.45,1,180754.44
CUST20709916926,419.01,419.01,1,481691.39
CUST20714803413,2195.71,2195.71,1,257389.55
CUST20715473811,10249.3,10249.3,1,155129.61
CUST20717617091,580.92,580.92,1,37266.62
CUST20722267610,55.15,55.15,1,150059.72
CUST20722298351,607.08,607.08,1,469350.51
CUST20723715497,1092.16,1092.16,1,79041.91
CUST20728015899,746.31,746.31,1,287298.63
CUST20752191167,599.96,599.96,1,299315.81
CUST20753645931,863.53,863.53,1,344825.04
CUST20758345212,524.18,524.18,1,50403.22
CUST20759437158,122.6,122.6,1,62794.7
CUST20769415213,4932.5,4932.5,1,123619.21
CUST20770017367,253.07,253.07,1,360636.91
CUST20770443665,158.02,158.02,1,281561.4
CUST20776447965,526.26,526.26,1,16219.3
CUST20776610150,4192.43,4192.43,1,326788.2
CUST20785449639,2009.6,2009.6,1,5280.76
CUST20787371961,6360.01,6360.01,1,420615.87
CUST20788809727,147.12,147.12,1,481604.88
CUST20792208171,294.3,294.3,1,470567.8
CUST20794532549,5229.86,5229.86,1,350202.21
CUST20797259764,359.38,359.38,1,421279.74
CUST20797773864,4092.8,4092.8,1,473158.67
CUST20810625871,95.17,95.17,1,470125.71
CUST20811806811,829.65,829.65,1,151608.07
CUST20813627626,798.17,798.17,1,469186.76
CUST20817269426,1091.09,1091.09,1,358847.67
CUST20830519319,1362.02,1362.02,1,62968.71
CUST20832173190,166.27,166.27,1,203843.43
CUST20834408630,1869.07,1869.07,1,110412.02
CUST20836330724,1522.38,1522.38,1,438226.26
CUST20841062768,1301.18,1301.18,1,437769.47
CUST20842196962,2363.44,2363.44,1,144935.64
CUST20843232355,634.82,634.82,1,72005.48
CUST20847756945,1547.25,1547.25,1,333084.14
CUST20854692362,61.39,61.39,1,59111.57
CUST20863451058,328.65,328.65,1,13750.16
CUST20880914590,1524.6,1524.6,1,103378.98
CUST20883584196,2615.88,2615.88,1,477419.95
CUST20887937780,346.19,346.19,1,328480.2
CUST20889637344,113.59,113.59,1,59405.67
CUST20889728210,75.86,75.86,1,203239.25
CUST20891166732,1277.44,1277.44,1,303500.75
CUST20899872432,600.05,600.05,1,114568.74
CUST20901542113,1262.74,1262.74,1,377210.51
CUST20904807236,1316.67,1316.67,1,462241.13
CUST20905254924,765.45,765.45,1,319790.61
CUST20906450382,6423.72,6423.72,1,424479.19
CUST20916404921,280.6,280.6,1,99821.86
CUST20917710557,466.3,466.3,1,201980.6
CUST20917989024,447.14,447.14,1,322413.98
CUST20927524262,874.22,874.22,1,267246.8
CUST20929139740,217.54,217.54,1,441309.71
CUST20933432909,1764.8,1764.8,1,325052.61
CUST20940209762,1042.6,1042.6,1,97878.36
CUST20944972659,1165.25,1165.25,1,129154.63
CUST20949467658,128.48,128.48,1,232275.94
CUST20952692557,1465.95,1465.95,1,93715.25
CUST20954404098,499.65,499.65,1,439060.85
CUST20959155616,340.88,340.88,1,234029.02
CUST20960215573,1150.36,1150.36,1,161262.01
CUST20960542014,610.53,610.53,1,68450.0
CUST20967500798,104.02,104.02,1,466258.64
CUST20969142954,105.76,105.76,1,122928.94
CUST20971765655,1342.52,1342.52,1,309236.58
CUST20972983084,529.86,529.86,1,307810.85
CUST20980984549,303.78,303.78,1,427408.7
CUST20985984336,3542.17,3542.17,1,197166.99
CUST20990302600,1093.02,1093.02,1,268979.47
CUST20997376806,265.49,265.49,1,207025.94
CUST21002162553,2232.78,2232.78,1,447375.41
CUST21009804645,467.8,467.8,1,66691.93
CUST21015503560,747.46,747.46,1,469821.79
CUST21016771857,364.69,364.69,1,286977.67
CUST21018923588,463.1,463.1,1,107487.0
CUST21033020360,135.71,135.71,1,107927.51
CUST21040420710,516.52,516.52,1,493288.15
CUST21045857026,1323.72,1323.72,1,149296.69
CUST21046644113,1860.58,1860.58,1,178024.83
CUST21054199725,566.34,566.34,1,431170.52
CUST21064531943,210.4,210.4,1,67034.85
CUST21065278359,242.86,242.86,1,493940.73
CUST21075499560,8553.37,8553.37,1,334023.38
CUST21079826682,302.0,302.0,1,221383.92
CUST21083288431,1512.71,1512.71,1,151887.55
CUST21084016259,10082.41,10082.41,1,400783.81
CUST21085379300,1270.79,1270.79,1,240754.9
CUST21087208812,270.71,270.71,1,100927.46
CUST21106100549,107.9,107.9,1,404178.1
CUST21113807175,691.66,691.66,1,167107.79
CUST21122342530,1948.75,1948.75,1,215859.59
CUST21124591546,1580.12,1580.12,1,138721.01
CUST21136218970,8020.28,8020.28,1,9737.38
CUST21137093525,312.84,312.84,1,337132.71
CUST21141341503,215.2,215.2,1,395476.7
CUST21145845993,1098.52,1098.52,1,358155.87
CUST21154235084,325.33,325.33,1,57049.73
CUST21155262636,6378.02,6378.02,1,349812.92
CUST21160332798,333.88,333.88,1,385268.54
CUST21163340403,505.53,505.53,1,114451.68
CUST21163849845,704.86,704.86,1,181568.27
CUST21167319690,6369.78,6369.78,1,340714.1
CUST21168693869,6064.31,6064.31,1,18631.05
CUST21175299803,981.64,981.64,1,354927.95
CUST21180418862,61.23,61.23,1,66212.1
CUST21188794409,1023.63,1023.63,1,220583.22
CUST21199003291,362.43,362.43,1,270244.28
CUST21202566716,8933.13,8933.13,1,157873.56
CUST21203882954,746.71,746.71,1,146767.07
CUST21208008613,3040.73,3040.73,1,140007.43
CUST21211518912,690.65,690.65,1,56420.68
CUST21211944341,6000.12,6000.12,1,124499.47
CUST21212448172,258.25,258.25,1,35803.11
CUST21212507505,233.96,233.96,1,216598.79
CUST21215784137,51080.08,51080.08,1,310392.03
CUST21221271337,542.1,542.1,1,491444.55
CUST21234085924,3869.46,3869.46,1,76266.75
CUST21238528549,225.28,225.28,1,499385.96
CUST21238802988,1024.94,1024.94,1,235747.41
CUST21248775576,174.97,174.97,1,66568.34
CUST21251521912,527.38,527.38,1,493317.26
CUST21253917234,735.85,735.85,1,137779.94
CUST21254602103,175.39,175.39,1,74538.41
CUST21256689066,1148.56,1148.56,1,19016.44
CUST21261782920,3157.71,3157.71,1,313616.63
CUST21263596632,742.15,742.15,1,484276.31
CUST21263684364,443.51,443.51,1,73545.0
CUST21264221763,164573.44,164573.44,1,370860.46
CUST21272249903,2783.04,2783.04,1,74716.42
CUST21275117209,757.14,757.14,1,443226.04
CUST21275802403,153.84,153.84,1,127328.85
CUST21278826625,663.02,663.02,1,365511.91
CUST21291163995,1270.16,1270.16,1,350246.62
CUST21293664199,94.79,94.79,1,27387.25
CUST21300351825,2904.98,2904.98,1,201799.0
CUST21300960701,2697.62,2697.62,1,215359.2
CUST21308391606,134.34,134.34,1,67024.18
CUST21308774649,112.2,112.2,1,167213.73
CUST21309808603,695.95,695.95,1,281174.45
CUST21310101611,596.6,596.6,1,194176.86
CUST21311123460,1000.31,1000.31,1,491584.44
CUST21314498069,21775.75,21775.75,1,293009.58
CUST21316755565,521.28,521.28,1,70474.72
CUST21321081697,3328.73,3328.73,1,162249.81
CUST21323543059,1008.55,1008.55,1,190533.93
CUST21327965017,5062.88,5062.88,1,104271.83
CUST21334926844,1529.02,1529.02,1,352552.69
CUST21337603652,214.23,214.23,1,164164.78
CUST21339799753,980.5,980.5,1,33144.12
CUST21341930472,1150.57,1150.57,1,133496.17
CUST21342653176,240.66,240.66,1,433374.49
CUST21351634265,2319.87,2319.87,1,34481.52
CUST21352082244,3648.08,3648.08,1,382269.86
CUST21352346984,104.46,104.46,1,357473.13
CUST21356011367,4952.65,4952.65,1,344480.68
CUST21356489364,1178.38,1178.38,1,275431.2
CUST21358949163,851.73,851.73,1,161384.62
CUST21365125690,451.42,451.42,1,101746.18
CUST21372779413,239.93,239.93,1,84780.36
CUST21375428415,1013.71,1013.71,1,116605.93
CUST21375652088,1562.8,1562.8,1,420442.93
CUST21380519868,661.1,661.1,1,63111.3
CUST21381109901,2344.18,2344.18,1,272352.33
CUST21383639176,3552.07,3552.07,1,122871.03
CUST21385590111,1375.27,1375.27,1,492188.56
CUST21385599755,13078.16,13078.16,1,259900.97
CUST21386052821,1295.76,1295.76,1,333365.98
CUST21387908239,203.58,203.58,1,242503.2
CUST21394349949,1150.31,1150.31,1,226283.56
CUST21395470964,5388.05,5388.05,1,216475.0
CUST21398631534,71.2,71.2,1,454457.01
CUST21402984344,1694.0,1694.0,1,165837.78
CUST21410426352,893.26,893.26,1,96504.12
CUST21418096139,979.44,979.44,1,361540.66
CUST21423244555,2127.95,2127.95,1,110506.12
CUST21434332987,12265.02,12265.02,1,56272.36
CUST21450474614,6396.53,6396.53,1,449781.16
CUST21454152242,894.51,894.51,1,45838.48
CUST21464241739,121.53,121.53,1,264989.12
CUST21470668088,2548.61,2548.61,1,30286.52
CUST21475946457,177.67,177.67,1,52230.65
CUST21479371046,404.83,404.83,1,157182.6
CUST21480546930,2408.56,2408.56,1,398050.61
CUST21482242740,2430.55,2430.55,1,271106.42
CUST21482751758,265.86,265.86,1,107104.66
CUST21489929054,269.56,269.56,1,112905.66
CUST21491739516,230.56,230.56,1,128588.05
CUST21493936496,765.77,765.77,1,79667.32
CUST21498146513,1074.84,1074.84,1,258660.42
CUST21501727393,1326.36,1326.36,1,15996.5
CUST21505150558,8243.72,8243.72,1,390915.31
CUST21506148547,1090.28,1090.28,1,33577.71
CUST21506632071,301.89,301.89,1,345562.29
CUST21507073799,2038.11,2038.11,1,306783.1
CUST21507768225,3225.08,3225.08,1,106419.19
CUST21516472226,343.6,343.6,1,484756.1
CUST21518810004,648.21,648.21,1,324004.33
CUST21521330237,5265.91,5265.91,1,78736.38
CUST21524989393,50.31,50.31,1,365888.79
CUST21528094519,983.4,983.4,1,47964.81
CUST21528210267,1625.85,1625.85,1,211489.76
CUST21530837966,69.28,69.28,1,157968.82
CUST21531342698,286.11,286.11,1,162797.11
CUST21535057929,326.17,326.17,1,75466.48
CUST21535629317,390.22,390.22,1,329663.7
CUST21537226569,2404.33,2404.33,1,485384.28
CUST21537985294,307.18,307.18,1,495411.23
CUST21541808841,185.85,185.85,1,213126.18
CUST21548066930,245.41,245.41,1,26327.57
CUST21553844535,90.53,90.53,1,470610.6
CUST21555597788,611.53,611.53,1,56857.49
CUST21558123466,623.09,623.09,1,441535.65
CUST21559221070,66.23,66.23,1,236628.63
CUST21562151550,694.44,694.44,1,390212.48
CUST21565009965,168.39,168.39,1,51730.99
CUST21570671213,134.02,134.02,1,391158.09
CUST21575580264,501.67,501.67,1,162489.44
CUST21576168886,246.53,246.53,1,431375.92
CUST21576676273,105.28,105.28,1,402649.26
CUST21577668855,1098.48,1098.48,1,199707.14
CUST21583098506,594.05,594.05,1,427197.52
CUST21583362903,720.13,720.13,1,358878.05
CUST21586258167,168.52,168.52,1,327477.42
CUST21590105662,6334.87,6334.87,1,408175.31
CUST21591905566,388.48,388.48,1,91369.61
CUST21594064003,234.26,234.26,1,313014.29
CUST21602758124,1280.56,1280.56,1,76401.13
CUST21604612792,4293.13,4293.13,1,352455.19
CUST21615104460,103.15,103.15,1,391756.17
CUST21616885242,768.97,768.97,1,313625.71
CUST21620036732,622.31,622.31,1,231875.1
CUST21628901753,2530.38,2530.38,1,87279.85
CUST21629607112,6841.39,6841.39,1,329320.01
CUST21630771355,496.29,496.29,1,491388.17
CUST21643407860,277.52,277.52,1,86786.06
CUST21649617042,507.37,507.37,1,236491.67
CUST21650165371,660.16,660.16,1,231688.44
CUST21653219941,997.64,997.64,1,73412.34
CUST21657213473,665.69,665.69,1,200651.24
CUST21659863653,1263.43,1263.43,1,128615.21
CUST21662066133,453.74,453.74,1,182375.61
CUST21662566021,611.14,611.14,1,227923.37
CUST21664390213,352.59,352.59,1,361873.23
CUST21665173492,903.09,903.09,1,249953.96
CUST21667915228,478.71,478.71,1,292523.33
CUST21669535921,776.87,776.87,1,466383.93
CUST21669634493,936.61,936.61,1,10120.79
CUST21670912242,271.82,271.82,1,282666.28
CUST21671382866,724.78,724.78,1,451498.33
CUST21679837420,1712.79,1712.79,1,113329.45
CUST21688547849,118.45,118.45,1,174541.75
CUST21692916518,12351.58,12351.58,1,83934.56
CUST21694359595,1449.95,1449.95,1,437170.46
CUST21695047327,2448.67,2448.67,1,7297.79
CUST21701246547,1241.77,1241.77,1,135612.01
CUST21701753388,77.64,77.64,1,235603.46
CUST21714167637,23198.64,23198.64,1,196019.32
CUST21715265835,515.87,515.87,1,97160.37
CUST21718156745,1366.24,1366.24,1,342437.91
CUST21723314740,2204.4,2204.4,1,487774.01
CUST21724340358,1872.75,1872.75,1,176969.37
CUST21725141106,327.51,327.51,1,167858.2
CUST21728021453,174.69,174.69,1,292346.77
CUST21731729517,2649.06,2649.06,1,461552.74
CUST21738995382,976.07,976.07,1,483962.47
CUST21744303783,390.0,390.0,1,317162.55
CUST21755290199,630.99,630.99,1,463736.24
CUST21770057235,3334.97,3334.97,1,20834.22
CUST21772254063,101.85,101.85,1,93442.8
CUST21772411066,1420.93,1420.93,1,19591.57
CUST21772421734,201.84,201.84,1,253319.21
CUST21774238501,191.08,191.08,1,253659.76
CUST21797211802,29.06,29.06,1,196231.24
CUST21806042253,543.92,543.92,1,404880.73
CUST21813964267,2385.49,2385.49,1,204409.66
CUST21817148493,552.26,552.26,1,16357.0
CUST21819676153,1666.41,1666.41,1,313305.78
CUST21829430641,657.04,657.04,1,149324.69
CUST21835935604,73.03,73.03,1,292512.95
CUST21836982352,1263.27,1263.27,1,212048.99
CUST21838237127,705.86,705.86,1,249334.36
CUST21845114919,1663.87,1663.87,1,181063.28
CUST21847750243,1626.31,1626.31,1,231399.35
CUST21873204091,1830.25,1830.25,1,151790.28
CUST21874907422,740.23,740.23,1,381991.9
CUST21875422828,1029.53,1029.53,1,342035.0
CUST21881629390,11046.39,11046.39,1,454422.73
CUST21884843885,327.36,327.36,1,161511.01
CUST21885625800,91.67,91.67,1,302906.99
CUST21888824256,248.36,248.36,1,48573.57
CUST21892495055,7298.7,7298.7,1,315133.16
CUST21894817372,4175.95,4175.95,1,395323.6
CUST21901637902,1190.78,1190.78,1,473899.25
CUST21902489909,1095.04,1095.04,1,301738.81
CUST21904134225,1866.92,1866.92,1,82725.66
CUST21905797447,136.1,136.1,1,466954.17
CUST21911860481,256.58,256.58,1,269414.9
CUST21917831566,2505.45,2505.45,1,372553.26
CUST21918342294,1914.95,1914.95,1,479623.68
CUST21925242339,48.43,48.43,1,471381.59
CUST21927319935,135.39,135.39,1,257044.6
CUST21930392727,522.15,522.15,1,134066.97
CUST21932158644,1125.45,1125.45,1,388934.06
CUST21935910575,1613.35,1613.35,1,428443.24
CUST21938203954,307.17,307.17,1,86310.98
CUST21939586161,322.74,322.74,1,450684.39
CUST21941335732,782.57,782.57,1,69872.9
CUST21942630774,266.47,266.47,1,115563.56
CUST21943179296,1348.93,1348.93,1,359917.01
CUST21954732870,135.72,135.72,1,432772.0
CUST21958433277,4026.2,4026.2,1,121579.3
CUST21960298223,258.33,258.33,1,466498.67
CUST21963294517,581.77,581.77,1,52156.84
CUST21963618534,418.82,418.82,1,307568.64
CUST21964002416,12034.0,12034.0,1,142520.77
CUST21970377628,7239.74,7239.74,1,367763.58
CUST21984981066,161.82,161.82,1,129905.25
CUST21985654655,21.6,21.6,1,222798.59
CUST21995669614,832.23,832.23,1,315302.1
CUST21995749250,147.16,147.16,1,415964.55
CUST22001117891,316.15,316.15,1,55407.19
CUST22010756946,541.02,541.02,1,393899.27
CUST22013321597,284.46,284.46,1,4982.1
CUST22015844592,2012.73,2012.73,1,438231.29
CUST22017167906,222.99,222.99,1,207063.21
CUST22017664553,1480.56,1480.56,1,52796.39
CUST22021789818,295.6,295.6,1,257712.85
CUST22025445735,1502.03,1502.03,1,51845.91
CUST22034677963,860.98,860.98,1,163345.43
CUST22052195968,12445.41,12445.41,1,13789.7
CUST22055514856,597.28,597.28,1,388086.17
CUST22058172657,2505.98,2505.98,1,38193.56
CUST22064414868,159.35,159.35,1,224824.71
CUST22064658644,530.26,530.26,1,305445.26
CUST22066063416,782.07,782.07,1,364289.52
CUST22078951209,4168.15,4168.15,1,353847.21
CUST22083947899,1024.23,1024.23,1,123481.33
CUST22089502599,2476.72,2476.72,1,123640.95
CUST22094442125,4295.79,4295.79,1,339860.13
CUST22095749152,1358.72,1358.72,1,69510.86
CUST22096131175,784.73,784.73,1,391914.66
CUST22103450325,632.86,632.86,1,61969.31
CUST22113618713,182.27,182.27,1,292863.42
CUST22117820067,382.41,382.41,1,199981.58
CUST22121354057,1040.47,1040.47,1,290158.44
CUST22130386392,29907.65,29907.65,1,220514.56
CUST22130485341,131.04,131.04,1,311270.31
CUST22132191671,5524.07,5524.07,1,105131.43
CUST22139315353,1354.3,1354.3,1,314293.66
CUST22144972061,381.08,381.08,1,13680.81
CUST22155364204,1838.17,1838.17,1,123117.78
CUST22156420537,11886.04,11886.04,1,64751.91
CUST22162013797,5458.18,5458.18,1,332761.38
CUST22162533600,2707.93,2707.93,1,169140.88
CUST22163793668,281.13,281.13,1,363548.63
CUST22168448375,5261.92,5261.92,1,39792.84
CUST22171974846,5476.75,5476.75,1,289556.98
CUST22173318986,251.07,251.07,1,372408.71
CUST22173782965,5734.22,5734.22,1,239400.85
CUST22193667212,513.62,513.62,1,299252.53
CUST22195128366,3054.58,3054.58,1,94782.55
CUST22197883223,137.14,137.14,1,435574.96
CUST22202119202,113.15,113.15,1,209788.67
CUST22203984918,383.39,383.39,1,261902.66
CUST22206181087,1062.05,1062.05,1,248548.0
CUST22211825550,173.22,173.22,1,470663.46
CUST22218732982,640.22,640.22,1,134654.3
CUST22218783825,234.7,234.7,1,58095.31
CUST22219002956,579.59,579.59,1,437922.13
CUST22219041138,328.95,328.95,1,378636.43
CUST22221494031,7336.18,7336.18,1,198167.9
CUST22236374811,321.0,321.0,1,264812.84
CUST22236556769,120.44,120.44,1,372967.78
CUST22240048516,1209.91,1209.91,1,152762.35
CUST22240529070,3926.44,3926.44,1,237299.3
CUST22241032161,5502.2,5502.2,1,306576.96
CUST22243662160,1718.77,1718.77,1,27028.31
CUST22244280280,951.72,951.72,1,391629.08
CUST22253956583,110.81,110.81,1,399334.93
CUST22254373738,1644.57,1644.57,1,155888.05
CUST22257991203,2223.16,2223.16,1,254472.53
CUST22260453088,249.23,249.23,1,338740.5
CUST22261532669,2406.43,2406.43,1,142957.4
CUST22262515059,250.92,250.92,1,136818.72
CUST22271347876,501.59,501.59,1,391309.35
CUST22273549237,232.58,232.58,1,396457.4
CUST22286364284,945.52,945.52,1,299655.53
CUST22291026214,99.59,99.59,1,434782.74
CUST22303893865,48.85,48.85,1,357365.9
CUST22303921324,961.74,961.74,1,80584.55
CUST22312322294,1522.73,1522.73,1,6283.23
CUST22312860489,201.94,201.94,1,386347.87
CUST22317787327,2062.0,2062.0,1,443989.41
CUST22328198416,673.64,673.64,1,191366.11
CUST22334441868,281.69,281.69,1,159160.96
CUST22342962697,264.18,264.18,1,402873.76
CUST22347416478,325.92,325.92,1,275604.43
CUST22349996060,72.69,72.69,1,329541.5
CUST22353074782,1813.99,1813.99,1,461928.09
CUST22360314783,428.53,428.53,1,80214.61
CUST22377521058,550.12,550.12,1,4004.45
CUST22387873621,525.08,525.08,1,267720.48
CUST22388833783,197.07,197.07,1,478796.25
CUST22390578420,438.48,438.48,1,260271.43
CUST22393363678,2563.25,2563.25,1,372213.64
CUST22397894307,207.18,207.18,1,124807.81
CUST22400341618,945.72,945.72,1,41772.38
CUST22403386150,850.56,850.56,1,357663.34
CUST22405791364,3310.91,3310.91,1,47929.51
CUST22406288380,239.07,239.07,1,277298.84
CUST22422795339,235.91,235.91,1,279218.22
CUST22427485408,4150.79,4150.79,1,192675.55
CUST22436770192,109.15,109.15,1,148166.08
CUST22438230741,430.22,430.22,1,293955.42
CUST22444204927,958.47,958.47,1,495925.82
CUST22450283587,79.2,79.2,1,307401.98
CUST22451310318,3625.46,3625.46,1,186423.09
CUST22453441244,189.81,189.81,1,218535.4
CUST22460702165,1773.45,1773.45,1,463591.8
CUST22462192244,197.74,197.74,1,216293.21
CUST22466768520,1624.41,1624.41,1,486192.36
CUST22466779807,763.98,763.98,1,39010.69
CUST22466898989,17630.92,17630.92,1,105797.23
CUST22472794987,202.77,202.77,1,386996.51
CUST22480655291,236.74,236.74,1,97899.0
CUST22481651396,259.21,259.21,1,196490.99
CUST22486341870,300.22,300.22,1,372511.27
CUST22489676415,800.16,800.16,1,126424.81
CUST22490892521,639.73,639.73,1,53660.92
CUST22493013809,1357.73,1357.73,1,437921.66
CUST22493906201,48.75,48.75,1,186253.78
CUST22495117945,149.49,149.49,1,121938.85
CUST22495689723,3112.32,3112.32,1,65652.87
CUST22496540347,561.32,561.32,1,466704.59
CUST22496640160,307.36,307.36,1,458685.95
CUST22507713731,1301.39,1301.39,1,362029.86
CUST22508365506,850.73,850.73,1,334210.83
CUST22510396163,246.5,246.5,1,39005.9
CUST22511486062,487.31,487.31,1,168400.54
CUST22514334264,7745.56,7745.56,1,285255.68
CUST22528269721,280.99,280.99,1,375092.07
CUST22533228647,239.4,239.4,1,37081.09
CUST22537192680,2079.18,2079.18,1,329463.57
CUST22539432879,1181.84,1181.84,1,451082.49
CUST22544121018,555.04,555.04,1,157035.66
CUST22545120816,1343.04,1343.04,1,88113.57
CUST22548474530,329.78,329.78,1,330843.45
CUST22549110878,5074.64,5074.64,1,316345.0
CUST22550193694,315.48,315.48,1,334210.08
CUST22557643093,195.08,195.08,1,466962.76
CUST22558332787,192.94,192.94,1,293563.55
CUST22569155668,186.29,186.29,1,160171.92
CUST22575075325,2982.43,2982.43,1,229533.53
CUST22582506398,918.96,918.96,1,290438.96
CUST22582896511,201.38,201.38,1,124024.13
CUST22589073898,4163.35,4163.35,1,181253.06
CUST22597396932,162.09,162.09,1,47767.89
CUST22597593763,5838.03,5838.03,1,488286.24
CUST22602247421,456.97,456.97,1,357841.16
CUST22602981802,985.63,985.63,1,411463.34
CUST22603473935,790.8,790.8,1,95224.97
CUST22603706856,13930.94,13930.94,1,50826.26
CUST22607332331,2549.43,2549.43,1,359429.28
CUST22612756844,7892.27,7892.27,1,391874.65
CUST22616181593,2004.94,2004.94,1,255110.32
CUST22620282915,1347.25,1347.25,1,101391.56
CUST22624172644,263.22,263.22,1,441608.07
CUST22625073317,905.02,905.02,1,107607.77
CUST22634161078,1977.66,1977.66,1,164282.15
CUST22649159410,414.76,414.76,1,413817.22
CUST22655081198,5262.04,5262.04,1,373146.86
CUST22671433703,841.49,841.49,1,249602.44
CUST22673337540,379.53,379.53,1,71969.52
CUST22673681378,2374.12,2374.12,1,201407.47
CUST22680069615,9813.42,9813.42,1,372328.05
CUST22688271597,2532.98,2532.98,1,267539.68
CUST22701222807,230.31,230.31,1,249656.54
CUST22707963713,67.69,67.69,1,435727.4
CUST22707995027,1791.08,1791.08,1,15503.87
CUST22711849237,7814.99,7814.99,1,50610.63
CUST22718243927,169.7,169.7,1,326823.52
CUST22718334355,1731.52,1731.52,1,301198.79
CUST22723844218,264.93,264.93,1,397963.22
CUST22731640128,56.29,56.29,1,1789.89
CUST22733160249,584.57,584.57,1,64716.57
CUST22740531398,18969.63,18969.63,1,402167.16
CUST22741444635,779.07,779.07,1,281088.26
CUST22742877242,1976.39,1976.39,1,376026.58
CUST22745278876,235.87,235.87,1,373902.27
CUST22745643825,567.0,567.0,1,389116.86
CUST22746677779,155.42,155.42,1,346647.1
CUST22751204521,8105.25,8105.25,1,464702.95
CUST22755449633,677.07,677.07,1,221580.11
CUST22755969339,3168.13,3168.13,1,93698.6
CUST22759363402,5285.6,5285.6,1,253091.04
CUST22760455058,1060.78,1060.78,1,350563.4
CUST22761938876,1785.85,1785.85,1,457037.43
CUST22765188516,396.68,396.68,1,27374.2
CUST22768969199,139.93,139.93,1,263277.34
CUST22786889802,298.75,298.75,1,88869.31
CUST22789063764,694.34,694.34,1,151527.38
CUST22790403393,352.27,352.27,1,428029.0
CUST22791966611,93.35,93.35,1,287240.96
CUST22792753357,268.51,268.51,1,41973.37
CUST22794519841,6354.06,6354.06,1,380645.04
CUST22802449494,1549.82,1549.82,1,381089.01
CUST22805409736,360.05,360.05,1,265642.06
CUST22807096147,1047.21,1047.21,1,28844.68
CUST22812723988,1364.39,1364.39,1,420808.18
CUST22816619086,817.47,817.47,1,154875.06
CUST22820415972,355.56,355.56,1,132372.02
CUST22824617418,95.83,95.83,1,82485.91
CUST22827332624,468.83,468.83,1,449658.13
CUST22828564276,8432.87,8432.87,1,229673.9
CUST22832568993,2583.67,2583.67,1,440525.26
CUST22839007526,1139.65,1139.65,1,324197.3
CUST22840952156,6383.69,6383.69,1,312358.49
CUST22849698563,118.14,118.14,1,197710.35
CUST22849974942,1618.42,1618.42,1,480170.06
CUST22854686651,246.06,246.06,1,29617.29
CUST22869708881,2764.77,2764.77,1,352892.76
CUST22874780810,399.81,399.81,1,344308.72
CUST22877476784,4325.17,4325.17,1,103491.42
CUST22878375421,1451.74,1451.74,1,131361.43
CUST22880134718,567.51,567.51,1,462476.3
CUST22882700231,60.02,60.02,1,465493.33
CUST22883141128,950.58,950.58,1,367113.26
CUST22883673994,4547.75,4547.75,1,24649.3
CUST22886689838,3364.6,3364.6,1,372005.01
CUST22890055257,1875.26,1875.26,1,235311.24
CUST22896108129,185.78,185.78,1,268525.97
CUST22897358998,4065.83,4065.83,1,159616.74
CUST22910353063,641.01,641.01,1,287362.36
CUST22911363018,303.64,303.64,1,348972.72
CUST22918342022,859.55,859.55,1,46369.69
CUST22924332077,2281.57,2281.57,1,189782.47
CUST22926997060,153.66,153.66,1,314692.67
CUST22930204244,2115.46,2115.46,1,214374.11
CUST22932640437,275.22,275.22,1,297383.96
CUST22935658513,302.5,302.5,1,269473.38
CUST22942804694,1690.86,1690.86,1,96508.84
CUST22947327288,4682.1,4682.1,1,450195.42
CUST22949755801,647.26,647.26,1,149490.54
CUST22964055703,163.04,163.04,1,167062.28
CUST22964461318,387.49,387.49,1,290975.7
CUST22966211089,3097.39,3097.39,1,154461.25
CUST22972777750,670.09,670.09,1,175533.94
CUST22989057858,204.72,204.72,1,413933.06
CUST22990984136,290.04,290.04,1,218431.15
CUST22996583609,2957.65,2957.65,1,17333.81
CUST22998671921,907.78,907.78,1,463043.06
CUST23005117251,6266.68,6266.68,1,441178.64
CUST23010678952,193.86,193.86,1,421046.08
CUST23011127163,708.42,708.42,1,261047.36
CUST23013313684,1042.41,1042.41,1,326830.22
CUST23013788434,19110.61,19110.61,1,29568.23
CUST23018905676,586.43,586.43,1,311862.43
CUST23032770363,365.42,365.42,1,302253.25
CUST23033244038,96.51,96.51,1,434780.48
CUST23037897663,158.54,158.54,1,440333.32
CUST23045174585,2109.93,2109.93,1,239430.44
CUST23050157143,2652.02,2652.02,1,303909.07
CUST23051440932,279.13,279.13,1,90915.48
CUST23059874843,478.76,478.76,1,9971.2
CUST23064178018,4410.29,4410.29,1,473541.18
CUST23066763212,15845.82,15845.82,1,224344.39
CUST23073192926,225.02,225.02,1,474337.42
CUST23076394119,112.55,112.55,1,314970.48
CUST23077110473,1052.32,1052.32,1,125968.44
CUST23078248511,565.36,565.36,1,433288.73
CUST23083070716,925.64,925.64,1,44474.28
CUST23089937956,606.5,606.5,1,62763.19
CUST23121873762,1309.79,1309.79,1,381415.04
CUST23124321404,312.26,312.26,1,264383.22
CUST23124459712,6853.31,6853.31,1,413077.24
CUST23132143750,93.43,93.43,1,221040.24
CUST23136120878,51.95,51.95,1,278233.76
CUST23137148787,1139.57,1139.57,1,136473.93
CUST23137579724,1529.89,1529.89,1,491399.26
CUST23146314082,145.15,145.15,1,241107.33
CUST23149167216,448.59,448.59,1,384431.93
CUST23154746301,1269.29,1269.29,1,308094.3
CUST23155266121,603.39,603.39,1,10412.81
CUST23160592146,170.08,170.08,1,257105.47
CUST23160672266,1022.59,1022.59,1,196816.21
CUST23163451472,1536.4,1536.4,1,408300.85
CUST23176621593,93.02,93.02,1,228848.02
CUST23177164497,1485.89,1485.89,1,204727.71
CUST23188686713,543.71,543.71,1,60252.33
CUST23205916440,313.5,313.5,1,267336.7
CUST23215820704,4128.99,4128.99,1,326011.8
CUST23217526842,379.65,379.65,1,437055.58
CUST23224522217,4347.05,4347.05,1,329301.68
CUST23226066235,266.45,266.45,1,299342.96
CUST23226388806,2734.22,2734.22,1,266262.94
CUST23230190706,672.08,672.08,1,216760.19
CUST23231680355,1236.2,1236.2,1,105182.2
CUST23235157134,557.75,557.75,1,444881.93
CUST23235861791,1957.27,1957.27,1,17372.47
CUST23238028132,1557.6,1557.6,1,300991.4
CUST23247001696,170.81,170.81,1,478876.84
CUST23247911857,1204.6,1204.6,1,494948.08
CUST23257404703,14987.36,14987.36,1,171938.75
CUST23263989944,878.05,878.05,1,490416.61
CUST23266891164,131.13,131.13,1,302680.42
CUST23274178014,909.54,909.54,1,181090.97
CUST23279990455,809.26,809.26,1,265362.68
CUST23284435031,5839.94,5839.94,1,391631.64
CUST23285800769,780.4,780.4,1,478587.7
CUST23286044092,3094.6,3094.6,1,347525.35
CUST23286334174,258.08,258.08,1,69919.84
CUST23287593501,299.75,299.75,1,359102.56
CUST23288242689,1440.11,1440.11,1,83494.7
CUST23302733317,805.67,805.67,1,239911.55
CUST23305148401,4852.98,4852.98,1,126509.18
CUST23307555558,3964.28,3964.28,1,91223.79
CUST23314264867,927.62,927.62,1,155205.94
CUST23317357198,1056.57,1056.57,1,130242.93
CUST23318512603,494.23,494.23,1,425231.3
CUST23318732462,2207.1,2207.1,1,354636.53
CUST23322038126,129.2,129.2,1,241621.13
CUST23323676192,1405.12,1405.12,1,101082.11
CUST23326411019,863.27,863.27,1,238048.95
CUST23338518604,802.16,802.16,1,499065.56
CUST23342540818,650.24,650.24,1,127177.77
CUST23345721702,265.85,265.85,1,173563.52
CUST23347804223,512.4,512.4,1,231808.27
CUST23347965574,7593.05,7593.05,1,257770.51
CUST23349889110,854.37,854.37,1,403619.34
CUST23350945749,131.67,131.67,1,110267.1
CUST23353407855,344.25,344.25,1,211923.9
CUST23356591475,6104.17,6104.17,1,162198.85
CUST23380330373,25467.62,25467.62,1,174411.78
CUST23381591714,525.18,525.18,1,217025.15
CUST23385134240,281.95,281.95,1,136302.76
CUST23387135939,16855.34,16855.34,1,445172.94
CUST23401729842,12911.47,12911.47,1,353849.53
CUST23407792528,321.21,321.21,1,333126.61
CUST23410354978,28872.46,28872.46,1,343917.87
CUST23410657892,344.87,344.87,1,356123.26
CUST23414727413,214.27,214.27,1,345083.45
CUST23421644515,9609.07,9609.07,1,456026.2
CUST23422480638,291.97,291.97,1,269498.71
CUST23433025613,1500.19,1500.19,1,415268.05
CUST23434740497,2491.2,2491.2,1,168027.34
CUST23439051884,693.95,693.95,1,343033.5
CUST23441676911,313.21,313.21,1,45209.15
CUST23458592190,199.43,199.43,1,179988.25
CUST23469775655,594.49,594.49,1,175934.13
CUST23484967049,979.89,979.89,1,290875.42
CUST23486894433,372.03,372.03,1,84606.95
CUST23487196525,82.8,82.8,1,346895.26
CUST23488494953,967.24,967.24,1,113146.72
CUST23489674931,659.63,659.63,1,67409.5
CUST23496170344,316.53,316.53,1,444926.05
CUST23502929463,1241.04,1241.04,1,109885.69
CUST23505171452,2526.52,2526.52,1,350428.08
CUST23505986835,1145.73,1145.73,1,178685.55
CUST23510703030,954.18,954.18,1,105921.98
CUST23516812487,552.57,552.57,1,65220.88
CUST23516865428,1203.05,1203.05,1,409245.1
CUST23519565483,157.64,157.64,1,343789.98
CUST23520091916,122.63,122.63,1,98177.7
CUST23520830230,981.68,981.68,1,383537.56
CUST23521695116,1128.0,1128.0,1,28552.63
CUST23522729579,9060.47,9060.47,1,105781.36
CUST23530826341,250.28,250.28,1,106603.58
CUST23530895923,2620.3,2620.3,1,72058.85
CUST23534142299,131.32,131.32,1,211582.41
CUST23534518571,1773.83,1773.83,1,144701.12
CUST23537209429,2712.43,2712.43,1,454162.83
CUST23548890359,232.97,232.97,1,359414.21
CUST23552364448,1764.45,1764.45,1,320886.26
CUST23553165211,3235.33,3235.33,1,223497.57
CUST23562691508,3379.39,3379.39,1,64718.44
CUST23567180096,210.44,210.44,1,159219.29
CUST23574052239,554.74,554.74,1,314809.8
CUST23579461830,216.36,216.36,1,352877.64
CUST23580052429,8921.64,8921.64,1,59167.91
CUST23585051449,791.01,791.01,1,348710.39
CUST23586309426,826.72,826.72,1,263925.08
CUST23591807957,402.14,402.14,1,156895.93
CUST23593212689,417.15,417.15,1,477538.15
CUST23595815918,3422.16,3422.16,1,272767.07
CUST23597429335,1069.46,1069.46,1,301598.02
CUST23604097093,814.83,814.83,1,117578.82
CUST23605256818,1595.62,1595.62,1,332177.57
CUST23605302088,1062.8,1062.8,1,417814.07
CUST23607704222,103.74,103.74,1,279883.18
CUST23608630881,1126.38,1126.38,1,275863.75
CUST23614454133,294.18,294.18,1,317703.11
CUST23617873974,538.77,538.77,1,35108.34
CUST23617905775,308.15,308.15,1,23756.96
CUST23623258113,33.44,33.44,1,45038.73
CUST23628127988,2607.91,2607.91,1,243569.14
CUST23635485437,1808.6,1808.6,1,292005.06
CUST23639295296,96.28,96.28,1,333277.43
CUST23639724350,2008.29,2008.29,1,232556.68
CUST23643396402,811.12,811.12,1,315122.01
CUST23649158620,165.02,165.02,1,191638.63
CUST23649170007,157.32,157.32,1,202519.44
CUST23651504283,268.33,268.33,1,21544.55
CUST23653127812,1348.41,1348.41,1,181267.81
CUST23660315069,621.7,621.7,1,42228.64
CUST23680372041,761.66,761.66,1,392511.88
CUST23685079685,505.51,505.51,1,119514.06
CUST23699869789,938.1,938.1,1,288300.68
CUST23701100845,791.31,791.31,1,338217.98
CUST23703661490,995.32,995.32,1,323143.08
CUST23705995374,3040.95,3040.95,1,226512.7
CUST23708823569,277.52,277.52,1,63416.43
CUST23716638047,547.94,547.94,1,47201.89
CUST23736267399,608.16,608.16,1,328748.91
CUST23737300955,1733.75,1733.75,1,433760.73
CUST23748911523,1564.0,1564.0,1,75596.96
CUST23753374765,733.68,733.68,1,5021.91
CUST23756243301,675.68,675.68,1,126973.93
CUST23766690961,17134.63,17134.63,1,416612.54
CUST23767968719,1280.58,1280.58,1,281755.4
CUST23770822737,111.44,111.44,1,453245.53
CUST23777237500,293.57,293.57,1,469611.51
CUST23785876525,360.61,360.61,1,83853.99
CUST23788461763,276.64,276.64,1,27967.66
CUST23799100499,210.59,210.59,1,37477.62
CUST23804550977,111.94,111.94,1,239547.5
CUST23806190329,35.53,35.53,1,429132.36
CUST23809705145,307.99,307.99,1,341051.72
CUST23810499588,349.16,349.16,1,179665.82
CUST23812595832,237.69,237.69,1,307740.46
CUST23826736644,7186.28,7186.28,1,304135.59
CUST23829613482,18188.17,18188.17,1,340544.73
CUST23830836490,872.45,872.45,1,81976.42
CUST23832125362,671.7,671.7,1,410721.16
CUST23838966646,507.47,507.47,1,464863.84
CUST23841473602,182.18,182.18,1,44956.43
CUST23842100049,103.48,103.48,1,150210.33
CUST23847572497,167.19,167.19,1,366791.52
CUST23854988684,219.61,219.61,1,137057.15
CUST23859952921,4096.1,4096.1,1,25692.1
CUST23863044605,266.76,266.76,1,273512.53
CUST23864209031,264.3,264.3,1,79593.61
CUST23868364109,3644.97,3644.97,1,68632.2
CUST23871373389,1334.03,1334.03,1,9481.65
CUST23873562269,524.33,524.33,1,308201.97
CUST23873848524,684.96,684.96,1,7120.64
CUST23879856939,551.42,551.42,1,456261.74
CUST23883869521,207.82,207.82,1,45233.41
CUST23896686766,63.43,63.43,1,127996.13
CUST23896862998,5146.17,5146.17,1,486219.88
CUST23899828537,2522.16,2522.16,1,408081.7
CUST23909530837,347.26,347.26,1,83864.67
CUST23910651444,311.56,311.56,1,432375.37
CUST23915054499,694.62,694.62,1,13299.31
CUST23916010812,136.31,136.31,1,214810.49
CUST23925812000,7486.22,7486.22,1,44276.61
CUST23926320100,5712.68,5712.68,1,168755.18
CUST23931043377,8652.03,8652.03,1,112778.35
CUST23935909551,136.07,136.07,1,239267.66
CUST23938797093,90.97,90.97,1,284818.97
CUST23945841902,117.12,117.12,1,433482.73
CUST23951231864,146.34,146.34,1,159237.48
CUST23958787260,5939.59,5939.59,1,115952.74
CUST23959981523,168.57,168.57,1,354600.21
CUST23964165648,343.62,343.62,1,358721.22
CUST23978618934,563.13,563.13,1,51236.2
CUST23980404007,444.06,444.06,1,346942.07
CUST23984842122,1235.26,1235.26,1,299048.5
CUST23992117568,533.98,533.98,1,122262.82
CUST24017161409,89.48,89.48,1,378918.5
CUST24017174015,887.14,887.14,1,27704.95
CUST24030273426,192.55,192.55,1,196939.74
CUST24032604217,348.66,348.66,1,235591.49
CUST24038293050,231.43,231.43,1,499061.46
CUST24046144380,304.07,304.07,1,425336.93
CUST24050488934,342.26,342.26,1,372545.14
CUST24050613375,801.96,801.96,1,210567.18
CUST24054071433,137.01,137.01,1,422316.71
CUST24058440622,330.27,330.27,1,120444.37
CUST24069119554,245.8,245.8,1,494446.35
CUST24069686318,1032.09,1032.09,1,104855.58
CUST24080255092,179.46,179.46,1,265563.62
CUST24090817290,779.89,779.89,1,243093.69
CUST24096194289,243.88,243.88,1,303004.23
CUST24097588269,528.21,528.21,1,21297.52
CUST24097876054,284.13,284.13,1,59895.77
CUST24104023237,451.43,451.43,1,477891.45
CUST24108696451,919.86,919.86,1,380798.14
CUST24108739033,396.48,396.48,1,228216.68
CUST24109120635,1065.48,1065.48,1,474336.79
CUST24112121546,9725.89,9725.89,1,226042.16
CUST24114162336,211.05,211.05,1,462081.09
CUST24125341043,1962.32,1962.32,1,236438.24
CUST24127033327,1278.21,1278.21,1,420634.16
CUST24133593787,4039.25,4039.25,1,294123.96
CUST24141678134,2090.0,2090.0,1,190373.56
CUST24147628915,799.47,799.47,1,330371.55
CUST24157085268,904.74,904.74,1,200398.35
CUST24160425529,403.03,403.03,1,323397.51
CUST24163802631,2867.41,2867.41,1,175446.26
CUST24165273095,2122.47,2122.47,1,288065.13
CUST24166995225,1319.79,1319.79,1,214190.2
CUST24169752804,381.38,381.38,1,395685.57
CUST24172441071,211.82,211.82,1,299704.41
CUST24175628699,2955.31,2955.31,1,101432.28
CUST24180078190,1048.73,1048.73,1,493000.75
CUST24181921439,997.3,997.3,1,489998.31
CUST24183675754,1016.57,1016.57,1,375056.33
CUST24184076373,191.89,191.89,1,28883.07
CUST24207507847,494.56,494.56,1,173875.17
CUST24212372834,1321.88,1321.88,1,195782.54
CUST24212976306,4681.2,4681.2,1,409067.18
CUST24213400819,94312.08,94312.08,1,189376.3
CUST24221734457,91.77,91.77,1,237229.0
CUST24224467902,624.47,624.47,1,494282.81
CUST24228148649,549.03,549.03,1,369383.42
CUST24233002524,424.15,424.15,1,311513.36
CUST24233800784,64.43,64.43,1,315504.3
CUST24234485790,496.84,496.84,1,304966.2
CUST24235089741,290.42,290.42,1,67528.04
CUST24235210858,1857.36,1857.36,1,165495.24
CUST24239024391,635.08,635.08,1,243256.69
CUST24241399960,1254.4,1254.4,1,235958.83
CUST24242681937,212.73,212.73,1,498818.71
CUST24249908671,113.93,113.93,1,286446.11
CUST24250946861,231.32,231.32,1,407014.85
CUST24253811446,204.25,204.25,1,273207.17
CUST24254187157,3229.58,3229.58,1,61916.56
CUST24255103977,1894.94,1894.94,1,11043.37
CUST24267103648,928.21,928.21,1,99187.89
CUST24273352225,721.47,721.47,1,157222.59
CUST24274786351,1316.43,1316.43,1,232715.11
CUST24281189350,2382.1,2382.1,1,53983.43
CUST24282369024,1448.53,1448.53,1,181399.34
CUST24283862087,584.33,584.33,1,225057.76
CUST24312451972,167.94,167.94,1,70365.68
CUST24313383004,2606.31,2606.31,1,167456.98
CUST24314934676,3515.36,3515.36,1,255639.69
CUST24317190995,196.37,196.37,1,323569.99
CUST24318914467,2211.4,2211.4,1,375384.79
CUST24323518063,279.22,279.22,1,194473.22
CUST24327266232,562.53,562.53,1,486498.48
CUST24329393998,343.5,343.5,1,25339.88
CUST24332316097,10397.42,10397.42,1,409879.52
CUST24336284868,786.17,786.17,1,123668.69
CUST24345175632,232.89,232.89,1,295970.34
CUST24345513660,536.48,536.48,1,222481.16
CUST24347058282,458.14,458.14,1,25116.9
CUST24353192672,1025.56,1025.56,1,398229.04
CUST24354457686,16149.4,16149.4,1,229199.36
CUST24361055934,485.77,485.77,1,106811.61
CUST24361667355,340.46,340.46,1,144611.78
CUST24361688789,656.11,656.11,1,299230.75
CUST24367730612,526.42,526.42,1,109442.13
CUST24368091056,771.19,771.19,1,268077.03
CUST24369073117,2103.95,2103.95,1,245674.93
CUST24371659545,480.91,480.91,1,326216.82
CUST24396313427,572.25,572.25,1,332508.4
CUST24402314135,4504.59,4504.59,1,476280.51
CUST24403282480,16957.26,16957.26,1,164098.4
CUST24405093016,1065.98,1065.98,1,284637.98
CUST24407030605,132.64,132.64,1,396223.77
CUST24408750817,1099.54,1099.54,1,200343.75
CUST24411802252,526.7,526.7,1,211650.3
CUST24411999380,411.57,411.57,1,495645.95
CUST24420805313,467.37,467.37,1,299593.42
CUST24432107634,1888.66,1888.66,1,155337.69
CUST24436780336,525.51,525.51,1,374165.86
CUST24446896668,3154.97,3154.97,1,215872.25
CUST24449928209,566.44,566.44,1,96684.2
CUST24451219930,1889.0,1889.0,1,407281.28
CUST24451843365,5844.67,5844.67,1,413349.52
CUST24456527435,404.17,404.17,1,109407.35
CUST24457828209,96.35,96.35,1,285363.55
CUST24464926863,68.81,68.81,1,22563.77
CUST24465545393,56.41,56.41,1,3978.93
CUST24466527718,215.23,215.23,1,40767.12
CUST24466855244,209.07,209.07,1,298585.66
CUST24470401453,963.6,963.6,1,233720.98
CUST24481111332,20498.87,20498.87,1,368586.65
CUST24483856454,4261.65,4261.65,1,486741.96
CUST24485780326,5273.77,5273.77,1,424361.59
CUST24485781514,667.4,667.4,1,428552.09
CUST24486106549,1087.49,1087.49,1,292733.17
CUST24489295471,4432.6,4432.6,1,497215.41
CUST24505199292,422.34,422.34,1,213137.06
CUST24505509964,352.01,352.01,1,137257.53
CUST24509385740,829.46,829.46,1,163559.83
CUST24518023148,240.95,240.95,1,391506.62
CUST24522182756,810.98,810.98,1,206810.62
CUST24524470222,393.24,393.24,1,434040.06
CUST24527835852,1165.85,1165.85,1,263009.66
CUST24528004796,374.68,374.68,1,447244.09
CUST24534373628,345.9,345.9,1,128165.77
CUST24538203407,1642.68,1642.68,1,307960.09
CUST24539853359,3219.79,3219.79,1,386892.91
CUST24542473178,805.92,805.92,1,332498.44
CUST24555655091,1673.74,1673.74,1,302314.93
CUST24568439762,929.66,929.66,1,334492.44
CUST24571249829,1658.1,1658.1,1,21473.01
CUST24571377685,257.27,257.27,1,356407.85
CUST24578826723,137.35,137.35,1,87932.21
CUST24596125165,233.77,233.77,1,396794.61
CUST24600285791,64.44,64.44,1,134450.18
CUST24600614563,1725.45,1725.45,1,116293.77
CUST24603003397,392.47,392.47,1,263099.1
CUST24605210799,656.31,656.31,1,222886.21
CUST24605961042,461.44,461.44,1,131878.95
CUST24611431665,2049.5,2049.5,1,64128.9
CUST24614469303,1025.48,1025.48,1,56327.94
CUST24623807852,1003.66,1003.66,1,138763.79
CUST24629343076,21114.07,21114.07,1,247120.58
CUST24634583504,1693.94,1693.94,1,102018.55
CUST24637364240,939.09,939.09,1,476019.37
CUST24639956930,1725.88,1725.88,1,395976.9
CUST24642010579,275.42,275.42,1,75468.34
CUST24643550282,500.22,500.22,1,346666.79
CUST24651334606,746.15,746.15,1,324416.52
CUST24655923174,922.73,922.73,1,326120.79
CUST24664291919,181.79,181.79,1,353445.49
CUST24669647867,304.2,304.2,1,211254.74
CUST24670329848,1118.95,1118.95,1,306986.94
CUST24670358242,6624.31,6624.31,1,287382.6
CUST24679804712,1504.03,1504.03,1,461865.68
CUST24680267275,615.04,615.04,1,145268.94
CUST24687180918,469.76,469.76,1,265621.61
CUST24698988053,152.67,152.67,1,217226.9
CUST24710029852,2310.29,2310.29,1,233162.41
CUST24711871591,319.24,319.24,1,284368.3
CUST24712920690,2542.25,2542.25,1,332139.71
CUST24718964834,1121.7,1121.7,1,475175.71
CUST24720798025,777.68,777.68,1,332710.34
CUST24720954004,300.25,300.25,1,223482.2
CUST24729324467,872.78,872.78,1,478597.44
CUST24729954929,113.53,113.53,1,101495.77
CUST24731779749,1173.12,1173.12,1,193010.41
CUST24736532991,180.87,180.87,1,123568.38
CUST24741015252,595.14,595.14,1,479261.91
CUST24745684223,476.09,476.09,1,431762.41
CUST24746613340,73.02,73.02,1,289115.37
CUST24757392195,742.7,742.7,1,91620.38
CUST24758945516,436.85,436.85,1,404035.15
CUST24761918453,988.56,988.56,1,236643.68
CUST24765331587,2036.03,2036.03,1,273632.36
CUST24769104026,498.31,498.31,1,391797.43
CUST24769393398,481.14,481.14,1,277431.01
CUST24770145559,1250.62,1250.62,1,234318.83
CUST24776002664,4471.71,4471.71,1,433198.64
CUST24788915361,155.23,155.23,1,7016.25
CUST24797335552,341.14,341.14,1,414303.19
CUST24799520865,86.21,86.21,1,5820.65
CUST24804953987,1256.22,1256.22,1,483826.09
CUST24807898464,657.25,657.25,1,330525.77
CUST24810659694,4056.09,4056.09,1,226844.42
CUST24816180825,748.24,748.24,1,206527.03
CUST24818045739,8989.97,8989.97,1,86484.7
CUST24835964527,160.72,160.72,1,76020.63
CUST24849336978,5688.13,5688.13,1,360551.37
CUST24852834844,93.72,93.72,1,373985.68
CUST24854302890,683.19,683.19,1,498457.34
CUST24856042817,281.58,281.58,1,414672.36
CUST24858757784,281.62,281.62,1,334469.37
CUST24859142842,2814.81,2814.81,1,253902.22
CUST24866799379,1237.33,1237.33,1,135714.93
CUST24871107779,111.64,111.64,1,157093.53
CUST24874543345,478.47,478.47,1,498610.59
CUST24876480002,319.89,319.89,1,352173.43
CUST24878805791,700.76,700.76,1,94710.46
CUST24884414882,1478.62,1478.62,1,24622.62
CUST24886713475,1059.72,1059.72,1,134139.01
CUST24888865768,881.5,881.5,1,59634.27
CUST24895913091,366.93,366.93,1,102116.05
CUST24905322478,8447.34,8447.34,1,121328.18
CUST24906724376,1428.44,1428.44,1,167273.3
CUST24936897245,1156.52,1156.52,1,22747.86
CUST24937949801,64.9,64.9,1,234250.51
CUST24942213978,283.11,283.11,1,169862.88
CUST24946174447,2274.67,2274.67,1,9108.3
CUST24964788606,666.31,666.31,1,129144.73
CUST24969303389,4967.41,4967.41,1,68206.27
CUST24970143858,1333.99,1333.99,1,51583.4
CUST24978195707,657.8,657.8,1,302383.07
CUST24995087822,1398.26,1398.26,1,370403.39
CUST24999930717,449.29,449.29,1,62073.4
CUST24999972367,318.28,318.28,1,390279.0
CUST25000824192,259.48,259.48,1,316531.76
CUST25011755951,456.3,456.3,1,218283.61
CUST25011844834,5688.62,5688.62,1,81972.66
CUST25014480861,44.93,44.93,1,185117.94
CUST25014782960,601.65,601.65,1,23134.37
CUST25015111028,4018.42,4018.42,1,138613.49
CUST25034118353,229.15,229.15,1,40249.59
CUST25038489818,1527.58,1527.58,1,387704.72
CUST25040790767,588.17,588.17,1,113547.22
CUST25056785523,2096.35,2096.35,1,293799.72
CUST25064517514,653.56,653.56,1,432825.45
CUST25068919528,1803.41,1803.41,1,326710.03
CUST25071717884,15352.13,15352.13,1,67918.98
CUST25074560128,88.05,88.05,1,219527.22
CUST25079387927,520.05,520.05,1,414961.57
CUST25085043261,295.09,295.09,1,271944.98
CUST25085602536,680.86,680.86,1,370578.94
CUST25088064570,265.83,265.83,1,333124.23
CUST25089205635,1875.21,1875.21,1,237915.65
CUST25092807753,1289.72,1289.72,1,205652.88
CUST25103338518,2962.38,2962.38,1,277902.99
CUST25104050381,521.92,521.92,1,411699.23
CUST25111535169,849.75,849.75,1,395822.7
CUST25114137400,280.25,280.25,1,428301.99
CUST25123505839,660.03,660.03,1,124639.88
CUST25125511332,1584.66,1584.66,1,316851.45
CUST25131960131,653.22,653.22,1,453610.95
CUST25132309067,633.28,633.28,1,436049.68
CUST25133434987,196.39,196.39,1,330505.46
CUST25136399701,766.4,766.4,1,382896.17
CUST25137718658,419.59,419.59,1,238032.37
CUST25139306803,313.3,313.3,1,258839.04
CUST25139808625,267.1,267.1,1,46713.98
CUST25139957920,2271.74,2271.74,1,81686.56
CUST25142000986,2043.9,2043.9,1,304967.48
CUST25146519714,847.05,847.05,1,24924.9
CUST25152848297,1037.91,1037.91,1,97090.96
CUST25160986043,1123.19,1123.19,1,58891.73
CUST25162120551,2192.8,2192.8,1,69050.34
CUST25162173193,463.32,463.32,1,108787.78
CUST25166286618,85.72,85.72,1,61485.17
CUST25174281748,239.67,239.67,1,108292.47
CUST25186718879,244.86,244.86,1,30626.55
CUST25188619543,435.75,435.75,1,217338.55
CUST25189038295,554.06,554.06,1,11744.76
CUST25195198120,2018.95,2018.95,1,238478.03
CUST25196970129,265.55,265.55,1,162863.66
CUST25203431634,987.69,987.69,1,62731.65
CUST25203586681,5550.19,5550.19,1,33120.22
CUST25204979646,113.22,113.22,1,199635.2
CUST25219554086,517.05,517.05,1,446992.55
CUST25222612801,926.66,926.66,1,73494.02
CUST25226875020,730.84,730.84,1,486465.82
CUST25239374692,467.07,467.07,1,123956.41
CUST25243402521,358.76,358.76,1,381008.55
CUST25243588060,5439.84,5439.84,1,99506.53
CUST25246259563,119.96,119.96,1,335916.68
CUST25246583210,4532.3,4532.3,1,403633.1
CUST25253265098,132.07,132.07,1,427047.88
CUST25257963591,3834.3,3834.3,1,368478.7
CUST25258486202,583.45,583.45,1,306609.08
CUST25260378140,1299.49,1299.49,1,295965.43
CUST25262717272,473.22,473.22,1,286567.52
CUST25264209643,2991.12,2991.12,1,317286.15
CUST25281643489,1335.71,1335.71,1,478298.39
CUST25282388750,2467.17,2467.17,1,90704.47
CUST25282906240,1325.87,1325.87,1,73878.88
CUST25304502517,1323.99,1323.99,1,165358.75
CUST25307979157,2852.49,2852.49,1,51055.74
CUST25314356447,188.32,188.32,1,238190.15
CUST25314875820,285.9,285.9,1,361850.08
CUST25318806359,324.39,324.39,1,194091.88
CUST25319840365,1243.28,1243.28,1,431435.2
CUST25320068255,984.15,984.15,1,160219.03
CUST25320527706,202.08,202.08,1,282772.95
CUST25331221026,26972.55,26972.55,1,235646.92
CUST25336042155,11136.88,11136.88,1,321503.87
CUST25344267950,389.8,389.8,1,220648.38
CUST25348908910,358.1,358.1,1,389952.07
CUST25356920884,99.21,99.21,1,395196.68
CUST25357437666,156.49,156.49,1,5400.63
CUST25358710636,609.71,609.71,1,218991.76
CUST25362500517,2674.6,2674.6,1,157320.33
CUST25369104070,8533.76,8533.76,1,145153.09
CUST25373296473,372.12,372.12,1,479306.84
CUST25375222921,214.92,214.92,1,430850.16
CUST25377100934,324.15,324.15,1,398353.04
CUST25378376087,356.96,356.96,1,448254.52
CUST25384079740,3072.8,3072.8,1,300781.16
CUST25388221855,1203.25,1203.25,1,290196.81
CUST25391176409,316.78,316.78,1,388735.0
CUST25399116276,470.29,470.29,1,407202.21
CUST25404947519,1309.71,1309.71,1,393283.73
CUST25407866919,295.24,295.24,1,193753.05
CUST25409221793,2241.3,2241.3,1,348778.93
CUST25420044475,297.53,297.53,1,376614.96
CUST25422029448,2163.86,2163.86,1,31726.83
CUST25423279950,5242.38,5242.38,1,90999.3
CUST25426052972,173.4,173.4,1,175120.83
CUST25430078195,191.04,191.04,1,387093.35
CUST25430244336,569.75,569.75,1,167038.66
CUST25438737569,1334.03,1334.03,1,127738.7
CUST25444343082,512.26,512.26,1,305586.44
CUST25449974041,297.59,297.59,1,193529.96
CUST25451139454,1165.79,1165.79,1,421991.65
CUST25451753817,1159.63,1159.63,1,410748.38
CUST25453959942,111.35,111.35,1,466828.19
CUST25459425672,1426.8,1426.8,1,464096.26
CUST25466224922,140.21,140.21,1,58101.36
CUST25471382684,43.75,43.75,1,131106.68
CUST25478019551,361.78,361.78,1,11212.97
CUST25478187008,566.48,566.48,1,354525.61
CUST25483706775,1280.67,1280.67,1,460679.25
CUST25491202710,667.67,667.67,1,432487.18
CUST25492645283,8605.08,8605.08,1,108951.25
CUST25493727655,3625.81,3625.81,1,396717.62
CUST25503798387,368.73,368.73,1,461382.22
CUST25506206711,1123.39,1123.39,1,123528.73
CUST25508916564,281.13,281.13,1,306926.84
CUST25517117101,4469.57,4469.57,1,448267.59
CUST25517963910,537.43,537.43,1,452771.87
CUST25518314738,876.38,876.38,1,309483.56
CUST25525890320,292.08,292.08,1,474501.56
CUST25528953926,477.83,477.83,1,281630.19
CUST25530711401,740.27,740.27,1,17106.58
CUST25531802719,1603.06,1603.06,1,130744.85
CUST25550600007,299.58,299.58,1,422791.25
CUST25552753176,2179.27,2179.27,1,467752.83
CUST25566253904,992.52,992.52,1,50421.56
CUST25566638552,158.31,158.31,1,459355.19
CUST25566859293,6426.03,6426.03,1,300144.88
CUST25569198280,362.46,362.46,1,306945.5
CUST25572769953,1226.82,1226.82,1,242380.89
CUST25576250106,583.06,583.06,1,149684.0
CUST25578218584,145.83,145.83,1,252452.87
CUST25580796583,5103.64,5103.64,1,442158.2
CUST25583138112,1500.74,1500.74,1,352137.47
CUST25583321830,5920.94,5920.94,1,185366.93
CUST25587210315,127.37,127.37,1,234487.62
CUST25590321334,834.42,834.42,1,171659.46
CUST25594714095,997.53,997.53,1,302951.56
CUST25597072373,864.94,864.94,1,177756.89
CUST25597869271,17.62,17.62,1,420961.51
CUST25609207958,1009.36,1009.36,1,183897.45
CUST25615004537,152.89,152.89,1,252894.77
CUST25625462855,1949.26,1949.26,1,120393.64
CUST25627493447,232.35,232.35,1,443845.1
CUST25629947582,781.93,781.93,1,423179.11
CUST25633864652,383.62,383.62,1,166006.33
CUST25637541477,1347.74,1347.74,1,10632.58
CUST25643505833,684.6,684.6,1,112327.27
CUST25644860372,758.98,758.98,1,355542.02
CUST25649504926,441.02,441.02,1,50260.06
CUST25651868874,471.77,471.77,1,134623.87
CUST25656119496,1865.22,1865.22,1,93171.33
CUST25666985391,12632.71,12632.71,1,57851.09
CUST25667737832,940.84,940.84,1,245236.72
CUST25677236750,632.39,632.39,1,171687.6
CUST25684322811,440.3,440.3,1,23515.07
CUST25690650950,378.89,378.89,1,440565.04
CUST25692802899,1545.99,1545.99,1,199251.91
CUST25695491321,1034.79,1034.79,1,391541.75
CUST25700006896,191.19,191.19,1,485904.6
CUST25701920145,295.16,295.16,1,164974.56
CUST25706111663,143.34,143.34,1,247834.23
CUST25712542372,4528.29,4528.29,1,465453.09
CUST25714443707,252.29,252.29,1,109069.55
CUST25719001769,291.13,291.13,1,124222.55
CUST25722886554,1981.1,1981.1,1,294768.74
CUST25735521640,221.38,221.38,1,338259.46
CUST25737575031,413.12,413.12,1,44502.25
CUST25742404936,400.91,400.91,1,452866.91
CUST25743529739,246.21,246.21,1,459940.62
CUST25750541661,504.1,504.1,1,413429.72
CUST25752208740,21.15,21.15,1,262147.9
CUST25756509727,11953.64,11953.64,1,156766.07
CUST25772404212,872.04,872.04,1,270584.52
CUST25777716137,78.01,78.01,1,33196.96
CUST25784972076,1163.81,1163.81,1,110121.12
CUST25784997779,6248.92,6248.92,1,154707.94
CUST25786170188,1926.75,1926.75,1,255808.58
CUST25792430758,127.2,127.2,1,35827.97
CUST25796361728,85.45,85.45,1,242189.44
CUST25798119691,405.27,405.27,1,173043.91
CUST25799872826,47.11,47.11,1,19864.28
CUST25804736410,2427.64,2427.64,1,488366.09
CUST25807236355,10410.41,10410.41,1,420500.72
CUST25817730962,6916.13,6916.13,1,326460.42
CUST25820108832,200.18,200.18,1,91505.21
CUST25842089850,1491.39,1491.39,1,472330.38
CUST25842607015,1157.89,1157.89,1,373624.41
CUST25845568935,1221.88,1221.88,1,478723.76
CUST25848384494,670.55,670.55,1,159619.97
CUST25850476388,1404.13,1404.13,1,227383.21
CUST25855750902,771.99,771.99,1,204867.3
CUST25869517743,2286.32,2286.32,1,255261.94
CUST25882804427,2815.5,2815.5,1,133578.75
CUST25887819986,436.9,436.9,1,99467.7
CUST25888565760,6746.98,6746.98,1,17889.93
CUST25890011440,389.89,389.89,1,421606.08
CUST25894337665,1811.31,1811.31,1,275746.35
CUST25898328490,652.16,652.16,1,309894.69
CUST25901181855,152.11,152.11,1,89672.98
CUST25909624151,527.65,527.65,1,316402.45
CUST25909778947,3474.94,3474.94,1,73681.39
CUST25911375517,4447.16,4447.16,1,28850.83
CUST25912990041,463.69,463.69,1,14954.61
CUST25914680548,119.42,119.42,1,102435.81
CUST25922351030,529.28,529.28,1,23123.95
CUST25934786187,1226.12,1226.12,1,129450.91
CUST25937506367,897.16,897.16,1,488147.87
CUST25946596274,4902.77,4902.77,1,206272.47
CUST25949846182,96.28,96.28,1,353193.44
CUST25959086953,1335.48,1335.48,1,432372.84
CUST25960590332,403.71,403.71,1,488832.4
CUST25961962226,416.88,416.88,1,262082.37
CUST25970088425,595.54,595.54,1,212560.29
CUST25971328762,1122.4,1122.4,1,403032.93
CUST25971499956,25535.93,25535.93,1,309288.18
CUST25976692949,164.82,164.82,1,81689.3
CUST25984894756,1783.48,1783.48,1,336004.81
CUST25984948520,5631.55,5631.55,1,98265.12
CUST25988473765,1952.34,1952.34,1,184872.39
CUST25997091540,1160.91,1160.91,1,206440.68
CUST26002042744,1577.83,1577.83,1,361479.97
CUST26003774817,1254.62,1254.62,1,2965.64
CUST26012790432,598.26,598.26,1,347455.16
CUST26018422576,2150.26,2150.26,1,399577.89
CUST26023762229,4816.2,4816.2,1,272889.55
CUST26025198341,12509.98,12509.98,1,148993.43
CUST26028175291,15574.76,15574.76,1,478018.89
CUST26036030596,971.96,971.96,1,455137.03
CUST26037304947,21027.7,21027.7,1,382458.42
CUST26039765555,1824.62,1824.62,1,461012.95
CUST26046884639,1297.61,1297.61,1,277976.05
CUST26050360909,282.03,282.03,1,291994.72
CUST26052844012,4440.63,4440.63,1,305130.35
CUST26056844524,634.68,634.68,1,248470.32
CUST26059808596,36258.92,36258.92,1,389798.8
CUST26064653197,868.06,868.06,1,27656.83
CUST26067045080,79.41,79.41,1,84852.23
CUST26079948180,910.25,910.25,1,146850.52
CUST26082132266,910.6,910.6,1,336086.8
CUST26086161662,639.78,639.78,1,133037.14
CUST26086346728,282.17,282.17,1,281699.5
CUST26090265719,1569.54,1569.54,1,321175.32
CUST26095160899,956.6,956.6,1,140318.41
CUST26096785408,124.47,124.47,1,417237.58
CUST26106055774,63.11,63.11,1,497620.36
CUST26107999825,1055.32,1055.32,1,470681.7
CUST26116009532,93.36,93.36,1,70441.49
CUST26118998972,400.77,400.77,1,412805.8
CUST26120961284,841.02,841.02,1,204587.61
CUST26123174765,161.34,161.34,1,120340.37
CUST26126789412,545.08,545.08,1,216225.4
CUST26139768431,1119.12,1119.12,1,71290.03
CUST26140201411,200.22,200.22,1,209857.13
CUST26145882992,159.4,159.4,1,495705.66
CUST26146813737,295.76,295.76,1,259942.77
CUST26149108939,312.83,312.83,1,152289.43
CUST26150002949,5257.5,5257.5,1,244666.92
CUST26157932856,2419.89,2419.89,1,228193.45
CUST26175322542,68.68,68.68,1,376744.42
CUST26175869234,523.84,523.84,1,84291.02
CUST26181302198,1553.42,1553.42,1,305089.57
CUST26188866214,85.25,85.25,1,180364.87
CUST26196304360,10518.85,10518.85,1,16499.31
CUST26199781839,248.93,248.93,1,364377.83
CUST26205379367,937.75,937.75,1,278676.19
CUST26205467146,3756.76,3756.76,1,362635.86
CUST26216186078,956.36,956.36,1,260220.41
CUST26216218170,298.16,298.16,1,443392.19
CUST26218286791,139.27,139.27,1,361646.59
CUST26219254702,494.91,494.91,1,197467.69
CUST26223066772,1755.83,1755.83,1,470760.14
CUST26225001484,454.18,454.18,1,155352.69
CUST26229774060,268.35,268.35,1,278468.3
CUST26253262143,5544.4,5544.4,1,147993.28
CUST26254746480,619.68,619.68,1,445976.12
CUST26258009348,187.99,187.99,1,162189.48
CUST26261810522,567.59,567.59,1,228244.04
CUST26262883029,372.74,372.74,1,426563.09
CUST26263284862,2190.26,2190.26,1,84677.21
CUST26264593624,317.75,317.75,1,326012.61
CUST26266643533,81.54,81.54,1,263497.96
CUST26272247762,277.62,277.62,1,319584.22
CUST26274056862,158.42,158.42,1,206564.71
CUST26296599886,2233.8,2233.8,1,217616.93
CUST26299773238,3134.24,3134.24,1,479211.54
CUST26303617344,608.65,608.65,1,313324.28
CUST26311128564,862.11,862.11,1,242268.75
CUST26312348091,1405.72,1405.72,1,494406.75
CUST26316459165,617.75,617.75,1,22846.97
CUST26318712013,344.51,344.51,1,243372.48
CUST26320237628,1323.11,1323.11,1,487875.45
CUST26327086143,1361.68,1361.68,1,332601.65
CUST26331168231,856.67,856.67,1,164424.61
CUST26336185840,1345.0,1345.0,1,60574.5
CUST26341524539,1203.52,1203.52,1,361707.57
CUST26342571651,8771.93,8771.93,1,204065.89
CUST26355024045,351.63,351.63,1,495899.47
CUST26362232165,2235.19,2235.19,1,376790.1
CUST26369149024,241.8,241.8,1,498375.58
CUST26379679263,6931.98,6931.98,1,383349.37
CUST26382419553,720.55,720.55,1,176140.04
CUST26385592572,8553.01,8553.01,1,92607.59
CUST26391623108,343.14,343.14,1,385103.4
CUST26392952265,415.91,415.91,1,119431.69
CUST26397676487,2019.4,2019.4,1,120915.92
CUST26399370824,81.24,81.24,1,305240.15
CUST26399621479,15796.33,15796.33,1,52948.77
CUST26403078904,4318.39,4318.39,1,32212.47
CUST26411512874,2286.56,2286.56,1,423872.15
CUST26417035740,1105.82,1105.82,1,421590.91
CUST26423886298,1369.58,1369.58,1,495686.14
CUST26426372995,1922.01,1922.01,1,468915.79
CUST26429643278,237.75,237.75,1,294663.5
CUST26436544591,6919.75,6919.75,1,288047.59
CUST26446522066,6609.49,6609.49,1,423034.34
CUST26451981658,2569.14,2569.14,1,331048.71
CUST26452393891,344.06,344.06,1,327702.08
CUST26456839644,330.21,330.21,1,346368.44
CUST26457442618,1067.67,1067.67,1,460986.23
CUST26464659286,720.66,720.66,1,48585.14
CUST26472950301,2271.3,2271.3,1,346476.13
CUST26481580037,2056.5,2056.5,1,83020.63
CUST26494390009,721.32,721.32,1,289302.5
CUST26501817924,3435.57,3435.57,1,419485.66
CUST26508742372,87.5,87.5,1,336848.39
CUST26514792088,453.29,453.29,1,297441.06
CUST26516877550,10917.72,10917.72,1,404373.12
CUST26524079561,1172.68,1172.68,1,317264.17
CUST26524593738,1968.64,1968.64,1,14478.06
CUST26527139235,2773.81,2773.81,1,347240.27
CUST26529873969,283.03,283.03,1,365581.07
CUST26535099053,2002.52,2002.52,1,315836.03
CUST26544703312,354.85,354.85,1,77340.92
CUST26545966695,420.54,420.54,1,33757.61
CUST26548578546,115.29,115.29,1,392814.56
CUST26549654921,5439.68,5439.68,1,337836.17
CUST26566090575,1667.69,1667.69,1,67564.5
CUST26567699417,12626.07,12626.07,1,178767.8
CUST26570673833,2052.8,2052.8,1,35965.82
CUST26576608462,1953.29,1953.29,1,228332.11
CUST26583444707,1703.7,1703.7,1,248194.51
CUST26583751326,258.23,258.23,1,489920.32
CUST26592908691,824.18,824.18,1,266250.29
CUST26595836956,443.72,443.72,1,351833.06
CUST26598181554,9912.09,9912.09,1,175994.28
CUST26602598388,437.29,437.29,1,378394.84
CUST26604085976,1880.92,1880.92,1,462783.69
CUST26604455650,1749.82,1749.82,1,89760.36
CUST26609162382,511.64,511.64,1,60004.29
CUST26612028525,630.44,630.44,1,233090.71
CUST26612146658,4035.74,4035.74,1,392545.98
CUST26615753166,3344.32,3344.32,1,35031.72
CUST26634292355,144.29,144.29,1,140305.54
CUST26635320165,289.23,289.23,1,350795.86
CUST26636584741,1461.93,1461.93,1,495811.96
CUST26638930208,23390.29,23390.29,1,439836.32
CUST26642341370,594.95,594.95,1,115592.69
CUST26648830521,246.99,246.99,1,289947.56
CUST26653915826,362.09,362.09,1,108932.2
CUST26659478959,639.0,639.0,1,146322.39
CUST26660029985,6894.69,6894.69,1,253895.38
CUST26660681223,1097.32,1097.32,1,473866.89
CUST26674185037,1541.59,1541.59,1,351333.92
CUST26674612536,463.77,463.77,1,99282.63
CUST26679551903,791.4,791.4,1,130776.51
CUST26679872119,456.23,456.23,1,157263.7
CUST26685988962,870.98,870.98,1,328855.73
CUST26686698316,324.14,324.14,1,165394.62
CUST26687578120,8603.64,8603.64,1,423733.21
CUST26687674392,266.62,266.62,1,234487.86
CUST26699526800,7591.95,7591.95,1,95281.87
CUST26708594367,578.68,578.68,1,233528.95
CUST26710021673,99.99,99.99,1,338164.08
CUST26711611682,8376.23,8376.23,1,280449.87
CUST26716667762,1140.97,1140.97,1,189437.22
CUST26724285446,1455.95,1455.95,1,347662.29
CUST26725240942,43.96,43.96,1,485003.85
CUST26735215632,7087.62,7087.62,1,406.32
CUST26741757700,216.28,216.28,1,11643.85
CUST26742578340,1018.02,1018.02,1,178670.09
CUST26745481680,1710.86,1710.86,1,98145.66
CUST26745696941,528.72,528.72,1,391947.17
CUST26748993859,2756.89,2756.89,1,178246.24
CUST26760198981,172.4,172.4,1,7147.58
CUST26763170927,166.74,166.74,1,168832.51
CUST26769053027,309.63,309.63,1,35114.73
CUST26771577681,136.81,136.81,1,24776.27
CUST26773876925,1013.93,1013.93,1,59840.98
CUST26774496487,36.52,36.52,1,237636.29
CUST26775453718,397.49,397.49,1,158521.66
CUST26782721526,10483.1,10483.1,1,281687.79
CUST26796702912,901.39,901.39,1,493873.63
CUST26799116498,112.58,112.58,1,44149.58
CUST26799822387,410.56,410.56,1,132642.2
CUST26804253354,103.54,103.54,1,366833.63
CUST26804951076,361.29,361.29,1,318215.7
CUST26809183499,2065.04,2065.04,1,139123.26
CUST26810390912,287.52,287.52,1,264947.63
CUST26815608785,589.9,589.9,1,211372.81
CUST26822232138,255.27,255.27,1,177583.97
CUST26823171034,81.38,81.38,1,197548.22
CUST26825131786,217.98,217.98,1,81145.22
CUST26831703243,550.84,550.84,1,450634.1
CUST26842699147,5362.77,5362.77,1,246384.99
CUST26842923331,849.9,849.9,1,176213.12
CUST26846724783,538.94,538.94,1,416806.03
CUST26846753768,510.85,510.85,1,359160.09
CUST26851832730,2979.82,2979.82,1,198576.53
CUST26858874472,737.8,737.8,1,480909.77
CUST26866227607,1113.33,1113.33,1,334819.89
CUST26871226838,609.95,609.95,1,400584.92
CUST26873465696,406.04,406.04,1,183290.9
CUST26876031134,225.54,225.54,1,444405.86
CUST26879628071,26000.43,26000.43,1,328029.11
CUST26887203549,787.44,787.44,1,470293.41
CUST26888554255,2073.2,2073.2,1,327241.95
CUST26890600454,197.82,197.82,1,206779.87
CUST26890779234,4505.65,4505.65,1,338667.71
CUST26897534568,26763.97,26763.97,1,100298.04
CUST26899079651,2235.64,2235.64,1,330276.19
CUST26899434757,567.86,567.86,1,428999.69
CUST26907513295,274.0,274.0,1,341676.61
CUST26916216889,11084.25,11084.25,1,369351.37
CUST26921814536,1263.52,1263.52,1,253636.22
CUST26924162480,1561.45,1561.45,1,366279.47
CUST26924175420,563.47,563.47,1,399969.66
CUST26928814173,2426.3,2426.3,1,381438.88
CUST26950463179,13985.33,13985.33,1,167338.43
CUST26951439741,3167.51,3167.51,1,213299.52
CUST26960756874,259.46,259.46,1,267321.95
CUST26964100654,47.62,47.62,1,496111.66
CUST26964943614,3121.26,3121.26,1,376823.06
CUST26975774797,1366.26,1366.26,1,495395.54
CUST26980991668,406.76,406.76,1,80667.73
CUST26985259129,1479.08,1479.08,1,262538.35
CUST26991864752,626.2,626.2,1,458510.36
CUST26998601554,149.23,149.23,1,61624.05
CUST27004891002,2565.21,2565.21,1,398019.72
CUST27012561686,991.63,991.63,1,266242.82
CUST27022779298,389.82,389.82,1,206530.35
CUST27023647542,310.8,310.8,1,337707.42
CUST27026945374,6615.29,6615.29,1,376037.28
CUST27029285873,5338.46,5338.46,1,491118.27
CUST27032880482,927.43,927.43,1,248958.02
CUST27033793239,1803.18,1803.18,1,38723.66
CUST27034452333,651.83,651.83,1,4022.47
CUST27034560227,580.95,580.95,1,417677.38
CUST27034857817,1222.96,1222.96,1,155151.6
CUST27038009853,377.2,377.2,1,151382.43
CUST27039915973,111.81,111.81,1,47259.87
CUST27054264389,77.35,77.35,1,462079.35
CUST27056477689,649.85,649.85,1,399293.31
CUST27059025243,5471.0,5471.0,1,351181.78
CUST27059476149,1082.15,1082.15,1,171999.39
CUST27068996175,1232.11,1232.11,1,116042.22
CUST27073000562,7097.96,7097.96,1,406206.78
CUST27073491148,697.35,697.35,1,398506.9
CUST27077508898,1567.86,1567.86,1,243492.54
CUST27084840912,84.39,84.39,1,79532.26
CUST27085820399,389.13,389.13,1,225129.24
CUST27089024725,1097.71,1097.71,1,495543.94
CUST27093662468,947.93,947.93,1,17565.96
CUST27096035888,98.35,98.35,1,487143.92
CUST27099459387,692.71,692.71,1,18741.56
CUST27100212198,208.5,208.5,1,321915.91
CUST27108541835,759.01,759.01,1,130014.28
CUST27123290888,645.14,645.14,1,68798.2
CUST27127138203,538.58,538.58,1,496525.54
CUST27131944327,74.12,74.12,1,62651.09
CUST27132108491,140.66,140.66,1,224708.91
CUST27137636965,528.18,528.18,1,157803.95
CUST27138475961,1229.12,1229.12,1,252431.95
CUST27140926373,166.01,166.01,1,360678.41
CUST27145565235,548.7,548.7,1,378420.1
CUST27151470921,2422.72,2422.72,1,203010.92
CUST27152964960,1834.0,1834.0,1,323794.43
CUST27153422951,714.42,714.42,1,458154.66
CUST27157615962,160.85,160.85,1,419066.17
CUST27160750093,203.85,203.85,1,251590.47
CUST27162651297,1718.97,1718.97,1,439214.25
CUST27171340246,608.89,608.89,1,434383.34
CUST27180022570,547.27,547.27,1,58786.99
CUST27191239809,1391.36,1391.36,1,147923.89
CUST27194208663,3379.66,3379.66,1,231298.67
CUST27194936657,371.33,371.33,1,330024.5
CUST27195514753,2517.3,2517.3,1,290999.55
CUST27201032110,229.39,229.39,1,5289.03
CUST27204741772,331.26,331.26,1,189719.92
CUST27215216875,12091.96,12091.96,1,131890.23
CUST27215451905,726.19,726.19,1,216532.92
CUST27215756177,130.03,130.03,1,433303.94
CUST27220190251,394.96,394.96,1,141913.92
CUST27220852507,1585.62,1585.62,1,10099.67
CUST27222914684,428.76,428.76,1,19482.71
CUST27226254965,1417.95,1417.95,1,17963.44
CUST27226570281,252.12,252.12,1,412616.14
CUST27227753245,7213.47,7213.47,1,90429.77
CUST27229556856,5813.82,5813.82,1,483893.52
CUST27230785801,6436.54,6436.54,1,64819.88
CUST27241354990,1026.16,1026.16,1,318926.39
CUST27243964347,1517.91,1517.91,1,364050.62
CUST27247328676,183.81,183.81,1,355633.68
CUST27250495111,654.76,654.76,1,267120.9
CUST27262320061,966.62,966.62,1,38811.12
CUST27263744318,1183.27,1183.27,1,205538.75
CUST27264598571,5478.01,5478.01,1,125961.13
CUST27266254967,165.63,165.63,1,357135.47
CUST27267340203,404.06,404.06,1,381295.85
CUST27271272080,1145.22,1145.22,1,391100.5
CUST27274784603,139.91,139.91,1,289149.43
CUST27276071556,514.43,514.43,1,63754.15
CUST27290149657,557.36,557.36,1,332859.65
CUST27300689878,226.87,226.87,1,55377.39
CUST27303772331,602.96,602.96,1,77136.21
CUST27308122242,264.34,264.34,1,335609.38
CUST27308294829,497.24,497.24,1,79282.12
CUST27314135155,119.35,119.35,1,180879.34
CUST27318093098,639.28,639.28,1,72900.37
CUST27322878861,3362.71,3362.71,1,127429.71
CUST27328709299,1167.88,1167.88,1,368127.6
CUST27329336857,772.59,772.59,1,365971.64
CUST27331522717,225.81,225.81,1,463079.27
CUST27332773234,1050.89,1050.89,1,273303.42
CUST27358078085,666.16,666.16,1,58774.88
CUST27359636052,3613.52,3613.52,1,173439.44
CUST27364374437,213.16,213.16,1,151470.26
CUST27374294859,7059.13,7059.13,1,303641.94
CUST27376259953,613.68,613.68,1,467585.64
CUST27377640133,1772.3,1772.3,1,177659.8
CUST27379019930,785.26,785.26,1,338005.73
CUST27379509731,15480.04,15480.04,1,106804.42
CUST27380581046,950.49,950.49,1,116670.76
CUST27383275442,545.88,545.88,1,315665.16
CUST27384922057,118.68,118.68,1,386392.32
CUST27393828153,1592.97,1592.97,1,45930.7
CUST27397237408,524.37,524.37,1,422899.18
CUST27403437125,1482.03,1482.03,1,328007.94
CUST27424772805,365.98,365.98,1,270590.59
CUST27438269944,2162.66,2162.66,1,221563.29
CUST27442425630,383.29,383.29,1,372817.29
CUST27454324035,22241.33,22241.33,1,213268.72
CUST27457233641,511.28,511.28,1,174555.66
CUST27460536601,179.37,179.37,1,228648.44
CUST27462371659,211.92,211.92,1,12825.91
CUST27474382371,834.0,834.0,1,267121.74
CUST27477700620,2861.11,2861.11,1,169730.99
CUST27502490141,9704.82,9704.82,1,318573.55
CUST27503620448,606.32,606.32,1,242180.98
CUST27503918871,529.6,529.6,1,412689.1
CUST27505277462,360.48,360.48,1,253665.0
CUST27507985355,454.18,454.18,1,378355.32
CUST27508060601,837.07,837.07,1,308675.5
CUST27508943169,1102.7,1102.7,1,349234.69
CUST27509613949,7447.47,7447.47,1,31637.61
CUST27515698265,4186.18,4186.18,1,304644.97
CUST27516209132,14504.11,14504.11,1,238448.01
CUST27525073189,3357.53,3357.53,1,209663.99
CUST27527989664,476.11,476.11,1,42388.2
CUST27541802478,773.72,773.72,1,73098.29
CUST27544244533,1249.29,1249.29,1,215345.34
CUST27547025394,6911.58,6911.58,1,233300.63
CUST27553425989,991.7,991.7,1,11214.15
CUST27555886485,815.84,815.84,1,193238.1
CUST27560967102,1428.44,1428.44,1,239994.67
CUST27562720912,710.58,710.58,1,479714.16
CUST27565969649,782.6,782.6,1,43379.17
CUST27574847750,3521.93,3521.93,1,467192.24
CUST27575294881,454.13,454.13,1,14490.56
CUST27576227520,314.4,314.4,1,289070.41
CUST27579157902,226.37,226.37,1,420941.25
CUST27597279423,307.37,307.37,1,89180.45
CUST27598074276,4480.83,4480.83,1,138201.43
CUST27601819218,3028.07,3028.07,1,90953.82
CUST27617735986,1201.46,1201.46,1,200686.54
CUST27635834312,623.3,623.3,1,120758.92
CUST27641171861,1541.34,1541.34,1,417265.22
CUST27641873839,1600.11,1600.11,1,228611.2
CUST27648173072,951.45,951.45,1,179854.77
CUST27648607226,3377.39,3377.39,1,364131.77
CUST27650808629,614.42,614.42,1,23896.65
CUST27655777520,116.71,116.71,1,436762.21
CUST27658483971,402.59,402.59,1,498501.69
CUST27661045182,370.76,370.76,1,262537.27
CUST27661887469,503.51,503.51,1,346523.38
CUST27674889056,201.95,201.95,1,9890.86
CUST27675126391,176.81,176.81,1,468074.76
CUST27680221066,594.63,594.63,1,58276.66
CUST27684644616,260.48,260.48,1,432579.74
CUST27686928814,46.07,46.07,1,231121.07
CUST27690037587,267.29,267.29,1,302389.54
CUST27695529930,1439.01,1439.01,1,183196.02
CUST27697418698,1327.49,1327.49,1,66483.49
CUST27705028023,203.81,203.81,1,271995.63
CUST27707616496,2354.03,2354.03,1,465346.55
CUST27708056806,6545.66,6545.66,1,428759.13
CUST27714400618,16881.61,16881.61,1,400087.16
CUST27715544642,2358.48,2358.48,1,484514.32
CUST27730126857,150.87,150.87,1,193227.56
CUST27741408440,228.65,228.65,1,367768.06
CUST27741506193,1558.3,1558.3,1,425459.18
CUST27741986748,892.91,892.91,1,218355.99
CUST27742084425,10691.59,10691.59,1,409292.48
CUST27744212375,5305.11,5305.11,1,200547.79
CUST27746033383,748.92,748.92,1,168362.73
CUST27746277169,2620.9,2620.9,1,137803.13
CUST27748266011,106.37,106.37,1,252090.74
CUST27755545446,401.54,401.54,1,192756.68
CUST27758310643,267.46,267.46,1,460158.31
CUST27759758075,94.38,94.38,1,126511.53
CUST27763854426,3134.49,3134.49,1,118525.68
CUST27772349852,229.3,229.3,1,79083.72
CUST27779569141,370.57,370.57,1,435230.01
CUST27780101136,1492.87,1492.87,1,38307.01
CUST27781254735,527.46,527.46,1,137846.73
CUST27782691241,32138.68,32138.68,1,107478.59
CUST27783225842,252.13,252.13,1,426627.18
CUST27785609102,147.61,147.61,1,198821.94
CUST27789894907,866.09,866.09,1,12130.12
CUST27791876355,73.92,73.92,1,427102.97
CUST27798088931,1158.16,1158.16,1,258897.45
CUST27800850643,979.66,979.66,1,461066.63
CUST27803716027,494.1,494.1,1,304874.82
CUST27807987265,1367.25,1367.25,1,307471.38
CUST27810043855,432.25,432.25,1,230694.64
CUST27834765782,1730.92,1730.92,1,84821.87
CUST27850728684,2167.89,2167.89,1,436901.94
CUST27856903066,481.24,481.24,1,236099.91
CUST27865312336,754.42,754.42,1,264612.68
CUST27881041423,1877.99,1877.99,1,232924.51
CUST27882538046,1590.3,1590.3,1,308302.56
CUST27883260470,3103.55,3103.55,1,61732.88
CUST27883510218,206.97,206.97,1,30589.66
CUST27888301718,445.43,445.43,1,200392.25
CUST27892600444,2301.91,2301.91,1,285254.79
CUST27897181137,1069.15,1069.15,1,247361.68
CUST27897181613,2731.05,2731.05,1,135231.81
CUST27900136810,1772.23,1772.23,1,376662.22
CUST27902372212,2499.55,2499.55,1,395148.02
CUST27910570037,256.38,256.38,1,326263.49
CUST27911370020,361.08,361.08,1,273378.3
CUST27915807203,197.33,197.33,1,165970.91
CUST27917191323,1104.23,1104.23,1,12867.77
CUST27922276759,8301.28,8301.28,1,204854.99
CUST27928398147,94.17,94.17,1,225137.58
CUST27933910005,940.68,940.68,1,345459.11
CUST27938643307,170.24,170.24,1,375757.97
CUST27946363506,3112.37,3112.37,1,80123.72
CUST27949959230,736.99,736.99,1,81304.26
CUST27953711601,8851.72,8851.72,1,184963.83
CUST27956237013,3137.48,3137.48,1,32208.86
CUST27958957389,2366.08,2366.08,1,35828.69
CUST27959395514,460.87,460.87,1,91725.08
CUST27959654957,240.27,240.27,1,483035.34
CUST27959774260,767.18,767.18,1,461795.47
CUST27961025377,2820.85,2820.85,1,312867.09
CUST27963559607,957.45,957.45,1,437654.66
CUST27976294219,1518.25,1518.25,1,270676.38
CUST27978216687,1787.83,1787.83,1,245170.72
CUST27980153846,525.18,525.18,1,67320.52
CUST27980210404,687.48,687.48,1,307612.91
CUST27982671644,15921.01,15921.01,1,324105.26
CUST27982696979,1575.85,1575.85,1,381218.77
CUST27985487506,283.65,283.65,1,355056.73
CUST27995846381,852.09,852.09,1,151101.18
CUST28000391770,4143.5,4143.5,1,333415.03
CUST28001269613,314.81,314.81,1,121063.34
CUST28001442853,798.02,798.02,1,126084.4
CUST28008758789,308.51,308.51,1,355562.93
CUST28009683040,1236.94,1236.94,1,1957.9
CUST28014460048,570.44,570.44,1,21459.23
CUST28015029515,6810.03,6810.03,1,225683.95
CUST28021127595,849.91,849.91,1,43023.82
CUST28026947108,533.74,533.74,1,237341.72
CUST28028451544,35.18,35.18,1,133790.25
CUST28029201741,232.83,232.83,1,124121.6
CUST28031711779,1277.53,1277.53,1,1834.5
CUST28035125736,4043.24,4043.24,1,333710.28
CUST28039790888,268.87,268.87,1,467603.02
CUST28040934210,530.42,530.42,1,201292.25
CUST28042146422,773.71,773.71,1,84166.19
CUST28044653878,2658.28,2658.28,1,117856.79
CUST28048304841,589.97,589.97,1,327508.63
CUST28049850736,621.79,621.79,1,254810.6
CUST28050233685,57.3,57.3,1,36531.91
CUST28054576986,210.6,210.6,1,233051.55
CUST28055624845,5099.79,5099.79,1,214872.22
CUST28059103086,107.15,107.15,1,34435.95
CUST28060369865,6984.34,6984.34,1,300396.03
CUST28064951464,1352.98,1352.98,1,445599.2
CUST28065212391,283.25,283.25,1,326824.97
CUST28078311035,419.62,419.62,1,173304.98
CUST28080915559,707.51,707.51,1,25421.52
CUST28082147589,807.71,807.71,1,408985.12
CUST28089785348,1703.58,1703.58,1,259118.98
CUST28097476685,3090.66,3090.66,1,281340.03
CUST28100763074,203.1,203.1,1,196136.31
CUST28102249249,516.58,516.58,1,60278.44
CUST28106225576,477.5,477.5,1,454734.35
CUST28112388427,791.45,791.45,1,382899.17
CUST28113425844,620.21,620.21,1,44258.39
CUST28114056107,51.73,51.73,1,118910.64
CUST28115642574,13659.34,13659.34,1,484685.1
CUST28115678762,3254.84,3254.84,1,128255.67
CUST28116847183,3838.17,3838.17,1,198659.52
CUST28118258024,1899.61,1899.61,1,168333.55
CUST28120800748,64253.66,64253.66,1,102320.57
CUST28121182397,218.57,218.57,1,326494.17
CUST28129884958,4066.72,4066.72,1,422962.89
CUST28139482678,1067.43,1067.43,1,159110.45
CUST28140483493,1756.33,1756.33,1,402176.75
CUST28143987970,2825.68,2825.68,1,207882.96
CUST28162247050,49.83,49.83,1,245846.59
CUST28169775952,844.08,844.08,1,467782.35
CUST28169952609,2768.36,2768.36,1,80983.38
CUST28174910688,537.81,537.81,1,9938.89
CUST28177045879,230.12,230.12,1,45770.31
CUST28187602895,148.31,148.31,1,483065.43
CUST28206078988,617.29,617.29,1,118240.68
CUST28211032492,829.92,829.92,1,409891.25
CUST28212267433,1084.54,1084.54,1,231880.05
CUST28218825808,282.79,282.79,1,244388.87
CUST28221401596,11076.42,11076.42,1,232831.81
CUST28222667970,60.14,60.14,1,273360.44
CUST28228804598,252.77,252.77,1,324605.85
CUST28229131795,469.88,469.88,1,398035.14
CUST28229933198,138.43,138.43,1,229696.39
CUST28234212476,57.49,57.49,1,255012.78
CUST28239441993,1193.38,1193.38,1,217378.33
CUST28247008261,2821.44,2821.44,1,71311.8
CUST28256020516,1746.28,1746.28,1,83763.13
CUST28267229582,4407.72,4407.72,1,435186.38
CUST28271078414,497.65,497.65,1,171617.94
CUST28271857782,254.2,254.2,1,314101.97
CUST28278418834,500.39,500.39,1,16927.62
CUST28287689371,466.69,466.69,1,458280.3
CUST28288674328,3229.36,3229.36,1,241285.73
CUST28291883330,3505.0,3505.0,1,308378.84
CUST28299624591,738.35,738.35,1,350319.06
CUST28301096354,302.29,302.29,1,230520.39
CUST28303917533,259.71,259.71,1,206460.14
CUST28307312004,1078.53,1078.53,1,93570.24
CUST28311658765,4188.7,4188.7,1,330506.75
CUST28313618073,1101.65,1101.65,1,273679.74
CUST28315106312,523.73,523.73,1,215497.19
CUST28318030561,979.75,979.75,1,232707.6
CUST28322404249,1058.37,1058.37,1,291439.47
CUST28324219608,660.06,660.06,1,136514.35
CUST28324758907,222.55,222.55,1,348796.17
CUST28338163668,585.02,585.02,1,139269.0
CUST28338185840,260.61,260.61,1,62878.02
CUST28339608555,312.99,312.99,1,283051.22
CUST28339911067,170.77,170.77,1,161498.31
CUST28348697669,590.33,590.33,1,57965.03
CUST28354444728,669.15,669.15,1,234199.19
CUST28355726373,397.1,397.1,1,333008.79
CUST28356517530,288.59,288.59,1,380320.68
CUST28359682119,873.77,873.77,1,407888.2
CUST28359910817,53.11,53.11,1,84207.32
CUST28360307119,134.04,134.04,1,196401.67
CUST28365111437,240.1,240.1,1,437176.09
CUST28369746878,436.28,436.28,1,498801.67
CUST28371954981,3380.85,3380.85,1,444198.66
CUST28380992772,2736.34,2736.34,1,121753.21
CUST28384531898,17963.21,17963.21,1,88250.39
CUST28388708076,3575.42,3575.42,1,99175.81
CUST28390892076,772.07,772.07,1,248783.03
CUST28393230123,1501.3,1501.3,1,453314.08
CUST28393625537,2465.31,2465.31,1,364998.53
CUST28395707450,2370.41,2370.41,1,35620.22
CUST28397720148,5167.97,5167.97,1,269326.09
CUST28399051103,2092.72,2092.72,1,287744.2
CUST28401776192,491.3,491.3,1,337722.01
CUST28402818977,740.88,740.88,1,136494.0
CUST28403064204,399.03,399.03,1,218246.71
CUST28403469073,1546.17,1546.17,1,465280.63
CUST28404209197,1596.58,1596.58,1,310486.19
CUST28405884871,262.24,262.24,1,403095.13
CUST28408294202,1115.93,1115.93,1,394769.93
CUST28413111578,345.89,345.89,1,328405.73
CUST28414387112,1596.73,1596.73,1,212434.61
CUST28418977932,252.31,252.31,1,477657.41
CUST28419389545,959.4,959.4,1,398831.9
CUST28422497114,127.38,127.38,1,238746.05
CUST28424770369,10070.0,10070.0,1,232540.16
CUST28431489009,174.61,174.61,1,495159.2
CUST28431651763,794.99,794.99,1,418268.34
CUST28434885337,419.68,419.68,1,2765.52
CUST28442503933,418.39,418.39,1,465078.2
CUST28442763876,61.2,61.2,1,207897.22
CUST28444614642,3158.3,3158.3,1,164837.91
CUST28447710411,508.19,508.19,1,359777.77
CUST28454838360,256.3,256.3,1,5804.87
CUST28462212458,184.24,184.24,1,486729.1
CUST28469832995,2312.33,2312.33,1,100835.26
CUST28472244338,145.73,145.73,1,118081.01
CUST28477184433,74.15,74.15,1,493312.92
CUST28477541865,255.84,255.84,1,96963.85
CUST28490159540,14573.54,14573.54,1,410654.66
CUST28491429916,223.98,223.98,1,72158.79
CUST28493561307,211.9,211.9,1,383110.42
CUST28497774949,962.0,962.0,1,442773.02
CUST28499139098,626.79,626.79,1,143750.98
CUST28505081656,169.58,169.58,1,257074.32
CUST28505764762,204.39,204.39,1,416758.68
CUST28513717908,340.41,340.41,1,411739.37
CUST28514185799,2322.54,2322.54,1,278527.8
CUST28520295237,694.95,694.95,1,438615.58
CUST28522733943,6209.4,6209.4,1,140360.02
CUST28531987510,3733.6,3733.6,1,112951.06
CUST28541887924,13027.29,13027.29,1,32457.72
CUST28542600075,458.15,458.15,1,98476.17
CUST28552374333,2000.02,2000.02,1,340686.71
CUST28555194743,463.55,463.55,1,229098.78
CUST28556192378,8376.86,8376.86,1,18343.84
CUST28558899209,966.0,966.0,1,194908.0
CUST28568672096,333.14,333.14,1,185980.39
CUST28570447486,1785.76,1785.76,1,230167.01
CUST28573057613,140.91,140.91,1,291780.95
CUST28580194643,679.82,679.82,1,498182.3
CUST28587802408,950.91,950.91,1,191874.37
CUST28589763538,1503.19,1503.19,1,275311.21
CUST28590915916,80.07,80.07,1,458027.66
CUST28592791025,1976.81,1976.81,1,143462.7
CUST28594862744,249.99,249.99,1,65695.18
CUST28598811847,711.99,711.99,1,302815.96
CUST28605180281,632.27,632.27,1,129120.79
CUST28609494495,415.92,415.92,1,52959.42
CUST28610416109,1927.05,1927.05,1,5402.91
CUST28610714131,727.75,727.75,1,490590.25
CUST28623544635,232.0,232.0,1,299575.32
CUST28626636603,1453.69,1453.69,1,136275.84
CUST28629165084,3775.25,3775.25,1,327044.41
CUST28632314879,3311.38,3311.38,1,14096.95
CUST28634104063,1134.86,1134.86,1,269976.46
CUST28634200364,229.08,229.08,1,231519.85
CUST28636374398,3552.82,3552.82,1,143757.4
CUST28640054253,312.25,312.25,1,82223.35
CUST28643173876,540.32,540.32,1,217916.46
CUST28649162521,3559.36,3559.36,1,427954.41
CUST28652153205,872.81,872.81,1,165966.42
CUST28659255032,1097.28,1097.28,1,403760.69
CUST28662557848,300.87,300.87,1,211779.66
CUST28663695747,474.05,474.05,1,231075.0
CUST28664165937,279.3,279.3,1,213786.76
CUST28669430842,7832.05,7832.05,1,320213.12
CUST28681818263,484.57,484.57,1,500123.02
CUST28684176061,346.32,346.32,1,236119.9
CUST28686366304,13000.36,13000.36,1,93418.52
CUST28688305780,1437.87,1437.87,1,82600.78
CUST28700530345,2454.32,2454.32,1,204223.57
CUST28712711414,854.91,854.91,1,290516.77
CUST28713411586,96.15,96.15,1,485605.92
CUST28715524294,521.81,521.81,1,321735.72
CUST28727099495,4210.78,4210.78,1,437951.47
CUST28735188325,9812.45,9812.45,1,484435.09
CUST28736476028,495.7,495.7,1,144135.93
CUST28742774015,434.32,434.32,1,364142.51
CUST28745253001,614.35,614.35,1,360382.11
CUST28747399472,1130.55,1130.55,1,422822.83
CUST28759518413,4920.78,4920.78,1,435344.79
CUST28760362258,738.2,738.2,1,84491.57
CUST28764168704,55.26,55.26,1,321652.24
CUST28767430370,327.31,327.31,1,398073.46
CUST28768912865,2030.91,2030.91,1,286007.37
CUST28772111914,2950.61,2950.61,1,351890.78
CUST28773119442,3734.36,3734.36,1,457891.51
CUST28773260846,208.53,208.53,1,99525.09
CUST28777084399,94.27,94.27,1,18937.63
CUST28780014487,1020.63,1020.63,1,217046.25
CUST28781112556,7843.86,7843.86,1,30419.16
CUST28785458218,169.74,169.74,1,54624.77
CUST28788987853,717.61,717.61,1,351533.55
CUST28791367309,154.77,154.77,1,208675.62
CUST28798486623,395.43,395.43,1,488706.91
CUST28806700014,244.27,244.27,1,495378.08
CUST28812774245,1081.45,1081.45,1,386487.91
CUST28815828008,310.78,310.78,1,356686.1
CUST28818689906,1205.35,1205.35,1,392153.29
CUST28822979039,274.89,274.89,1,164225.33
CUST28822980825,121.3,121.3,1,241397.36
CUST28826072204,5358.19,5358.19,1,446138.54
CUST28838564271,232.98,232.98,1,203501.94
CUST28841628976,209.1,209.1,1,54776.87
CUST28850068603,875.55,875.55,1,408771.66
CUST28863315908,316.58,316.58,1,175243.99
CUST28865218245,1321.18,1321.18,1,429236.75
CUST28875173379,3542.37,3542.37,1,118229.33
CUST28893266140,321.33,321.33,1,105017.57
CUST28903165117,1179.61,1179.61,1,238826.97
CUST28903771336,288.03,288.03,1,47795.25
CUST28905120094,368.44,368.44,1,448055.97
CUST28909565769,738.1,738.1,1,231786.86
CUST28915355669,2668.44,2668.44,1,475372.9
CUST28919474333,186.62,186.62,1,324422.8
CUST28919861840,436.0,436.0,1,16475.67
CUST28922905875,336.19,336.19,1,375676.39
CUST28924527394,3382.77,3382.77,1,487076.96
CUST28924846068,167.43,167.43,1,280582.08
CUST28925051594,281.14,281.14,1,73514.43
CUST28929768052,4591.04,4591.04,1,374884.95
CUST28932216853,59.07,59.07,1,160966.86
CUST28943027707,1033.76,1033.76,1,60125.89
CUST28956211295,1011.93,1011.93,1,195364.01
CUST28964211782,26.13,26.13,1,51400.82
CUST28975091867,390.87,390.87,1,470986.5
CUST28975330244,768.09,768.09,1,194575.41
CUST28982380084,574.08,574.08,1,63315.19
CUST28984044389,1766.28,1766.28,1,281639.37
CUST28984355172,338.6,338.6,1,160930.14
CUST28988982160,1157.22,1157.22,1,367426.27
CUST28991381452,131.01,131.01,1,442093.06
CUST28991719765,2175.77,2175.77,1,397431.56
CUST28992276356,5123.97,5123.97,1,146099.02
CUST28997726508,1334.63,1334.63,1,84717.58
CUST28998060620,742.56,742.56,1,231844.22
CUST29013843025,2109.13,2109.13,1,137982.26
CUST29019363509,1889.46,1889.46,1,82025.91
CUST29021103053,751.5,751.5,1,190176.62
CUST29022777090,598.66,598.66,1,40597.25
CUST29029654855,288.54,288.54,1,179584.67
CUST29030840941,79.91,79.91,1,454647.18
CUST29033180018,403.04,403.04,1,479343.62
CUST29034132922,438.97,438.97,1,390998.92
CUST29038250540,1250.89,1250.89,1,15722.0
CUST29041323823,20.08,20.08,1,75318.5
CUST29042086169,447.66,447.66,1,345452.25
CUST29043065934,460.19,460.19,1,296493.39
CUST29046960347,934.87,934.87,1,152822.35
CUST29052744923,1541.63,1541.63,1,362087.6
CUST29056549291,287.08,287.08,1,447514.5
CUST29059304065,1697.01,1697.01,1,350035.8
CUST29062642204,539.81,539.81,1,344617.93
CUST29074050213,450.6,450.6,1,273501.68
CUST29082352803,1304.46,1304.46,1,380707.69
CUST29091641759,1184.98,1184.98,1,484110.65
CUST29094220282,387.69,387.69,1,13233.59
CUST29105479715,23.82,23.82,1,445566.93
CUST29107385280,568.02,568.02,1,380940.18
CUST29111498794,732.53,732.53,1,54438.12
CUST29115074571,207.93,207.93,1,161377.31
CUST29115439266,313.91,313.91,1,246344.36
CUST29121796309,23.32,23.32,1,44162.52
CUST29125320815,3257.79,3257.79,1,375710.78
CUST29140929164,1081.41,1081.41,1,80461.01
CUST29155802287,296.17,296.17,1,308940.64
CUST29172092028,6187.08,6187.08,1,193574.22
CUST29173974416,79.41,79.41,1,211833.67
CUST29175728695,5613.31,5613.31,1,470877.71
CUST29179634522,355.15,355.15,1,158845.5
CUST29184449531,1020.82,1020.82,1,328773.82
CUST29187079225,1411.44,1411.44,1,142321.2
CUST29187533746,1861.7,1861.7,1,109435.7
CUST29190548510,160.13,160.13,1,41523.02
CUST29191140351,1426.35,1426.35,1,371417.22
CUST29195499939,390.47,390.47,1,490121.4
CUST29197965362,2943.03,2943.03,1,89356.03
CUST29198698688,150.16,150.16,1,341761.26
CUST29199190519,758.69,758.69,1,123573.39
CUST29201380777,1814.46,1814.46,1,16627.23
CUST29204210719,890.9,890.9,1,492744.98
CUST29211900101,365.88,365.88,1,305999.53
CUST29214830089,21.28,21.28,1,136590.09
CUST29215338569,514.68,514.68,1,392079.55
CUST29225326653,5554.02,5554.02,1,18916.49
CUST29231643696,1057.16,1057.16,1,47499.24
CUST29234499232,1263.88,1263.88,1,292959.29
CUST29237697200,8001.94,8001.94,1,458403.93
CUST29240249251,225.28,225.28,1,299026.08
CUST29241553767,5151.39,5151.39,1,183193.1
CUST29246422698,6137.65,6137.65,1,143915.5
CUST29252157486,582.79,582.79,1,497227.31
CUST29253024982,277.41,277.41,1,55060.17
CUST29257771078,1932.68,1932.68,1,317677.81
CUST29265908355,1067.46,1067.46,1,356292.61
CUST29270249789,405.07,405.07,1,350970.42
CUST29271426642,15154.24,15154.24,1,235100.35
CUST29272551379,1100.43,1100.43,1,136626.7
CUST29272671365,1395.09,1395.09,1,448710.58
CUST29274392117,107.59,107.59,1,230364.24
CUST29274988763,600.29,600.29,1,176243.26
CUST29284482018,289.48,289.48,1,29774.74
CUST29288861707,1452.82,1452.82,1,415748.79
CUST29292211740,203.11,203.11,1,478064.52
CUST29292990810,1424.52,1424.52,1,102988.28
CUST29297820388,775.98,775.98,1,150488.52
CUST29298721648,164.93,164.93,1,452738.19
CUST29298745237,24903.67,24903.67,1,41702.83
CUST29301915154,140.37,140.37,1,238502.09
CUST29304548631,945.76,945.76,1,1887.16
CUST29305254897,874.49,874.49,1,320315.31
CUST29309711040,196.4,196.4,1,280900.31
CUST29311433362,20203.73,20203.73,1,371541.18
CUST29312055665,4827.32,4827.32,1,104514.15
CUST29320298021,1931.2,1931.2,1,154228.94
CUST29320748763,1669.89,1669.89,1,223792.51
CUST29327586086,8147.28,8147.28,1,237450.94
CUST29333045558,68.68,68.68,1,32302.96
CUST29336222120,167.29,167.29,1,267662.7
CUST29337876723,547.6,547.6,1,345365.79
CUST29341155596,2157.06,2157.06,1,292747.42
CUST29345381288,6612.58,6612.58,1,225723.69
CUST29354977755,5778.67,5778.67,1,410502.44
CUST29358928399,824.23,824.23,1,486451.71
CUST29360105322,257.45,257.45,1,85541.53
CUST29366913828,36.71,36.71,1,26550.93
CUST29367139321,2454.44,2454.44,1,442195.9
CUST29369637740,10194.87,10194.87,1,200394.94
CUST29372583717,1032.14,1032.14,1,353537.97
CUST29373071483,378.46,378.46,1,111957.78
CUST29381521824,321.68,321.68,1,153601.46
CUST29384097060,162.19,162.19,1,208260.21
CUST29386163590,710.27,710.27,1,310776.89
CUST29389462406,6028.71,6028.71,1,436352.79
CUST29406097064,659.26,659.26,1,9886.65
CUST29419745733,2674.89,2674.89,1,12527.1
CUST29429542560,2988.71,2988.71,1,172449.6
CUST29435991864,613.39,613.39,1,139842.98
CUST29436613149,284.88,284.88,1,304878.64
CUST29440335076,1262.19,1262.19,1,481323.18
CUST29445503760,390.93,390.93,1,391806.16
CUST29447968989,868.69,868.69,1,254618.0
CUST29451230615,3727.25,3727.25,1,274127.52
CUST29453273537,244.5,244.5,1,116610.84
CUST29454013433,114.96,114.96,1,352484.49
CUST29457680460,1184.55,1184.55,1,85149.45
CUST29457682110,2160.3,2160.3,1,201047.83
CUST29465741064,360.5,360.5,1,383241.66
CUST29465798584,397.18,397.18,1,248123.6
CUST29480579117,448.28,448.28,1,419310.67
CUST29489038901,2711.33,2711.33,1,369518.24
CUST29499374868,264.94,264.94,1,262001.09
CUST29505134314,513.71,513.71,1,118870.53
CUST29506183389,890.06,890.06,1,223794.62
CUST29507810425,152.81,152.81,1,74715.63
CUST29519544591,1409.04,1409.04,1,25251.06
CUST29521122386,1057.18,1057.18,1,493020.33
CUST29524988528,221.85,221.85,1,296673.6
CUST29528947471,338.52,338.52,1,250515.52
CUST29531717842,1211.84,1211.84,1,448791.75
CUST29536700354,638.77,638.77,1,34936.38
CUST29547534656,318.13,318.13,1,122303.59
CUST29553371731,21.21,21.21,1,312629.08
CUST29560637149,923.9,923.9,1,418654.35
CUST29560682050,541.62,541.62,1,437185.14
CUST29563441107,504.02,504.02,1,92617.11
CUST29564409182,1107.8,1107.8,1,109405.68
CUST29570236735,1082.65,1082.65,1,70861.42
CUST29572336966,638.63,638.63,1,454496.68
CUST29595254948,1065.59,1065.59,1,111540.43
CUST29601167757,7804.13,7804.13,1,137148.31
CUST29606690420,391.44,391.44,1,304931.86
CUST29608240629,201.9,201.9,1,287049.87
CUST29610832889,633.65,633.65,1,482801.43
CUST29611683855,382.24,382.24,1,284793.82
CUST29612244032,2147.24,2147.24,1,106154.27
CUST29625904071,31.89,31.89,1,397178.6
CUST29627609907,3239.38,3239.38,1,193494.69
CUST29632859552,1915.51,1915.51,1,164290.6
CUST29641814851,220.23,220.23,1,260311.57
CUST29649781831,617.25,617.25,1,58912.37
CUST29660414644,8821.93,8821.93,1,229386.97
CUST29662265199,464.51,464.51,1,1975.68
CUST29667445617,848.83,848.83,1,199285.97
CUST29670821294,1337.45,1337.45,1,480482.76
CUST29682842065,58.53,58.53,1,429904.26
CUST29686491303,257.89,257.89,1,295641.46
CUST29690369651,277.4,277.4,1,246712.47
CUST29694680928,513.13,513.13,1,236252.7
CUST29694717928,110.53,110.53,1,212267.68
CUST29698239186,353.11,353.11,1,175283.15
CUST29705486850,211.1,211.1,1,449836.09
CUST29716639451,6123.29,6123.29,1,10398.43
CUST29723889859,646.92,646.92,1,429531.71
CUST29728982919,2782.13,2782.13,1,332118.06
CUST29736566295,550.49,550.49,1,111699.96
CUST29738972795,680.34,680.34,1,13987.73
CUST29741687817,2978.16,2978.16,1,417075.85
CUST29742741242,742.78,742.78,1,142439.78
CUST29753447310,189.09,189.09,1,243037.17
CUST29756118540,234.65,234.65,1,100095.82
CUST29761051657,303.42,303.42,1,136456.15
CUST29767714802,896.34,896.34,1,246111.92
CUST29769905917,105.59,105.59,1,315131.9
CUST29772645463,1606.84,1606.84,1,406998.82
CUST29773434174,791.46,791.46,1,379878.95
CUST29773737412,2119.12,2119.12,1,237976.93
CUST29775384583,98.74,98.74,1,265981.33
CUST29776854135,784.33,784.33,1,179998.13
CUST29778151147,800.36,800.36,1,98192.21
CUST29783649881,6175.51,6175.51,1,108997.42
CUST29794532752,1656.79,1656.79,1,100309.21
CUST29796705413,1466.46,1466.46,1,35670.54
CUST29813444257,1914.27,1914.27,1,66410.54
CUST29819718939,234.66,234.66,1,466554.56
CUST29823254001,63.27,63.27,1,477558.73
CUST29823517181,1106.7,1106.7,1,478213.3
CUST29825112470,10359.42,10359.42,1,402543.93
CUST29825419910,174.5,174.5,1,113587.93
CUST29827592783,306.49,306.49,1,356655.87
CUST29831128781,5044.43,5044.43,1,35504.57
CUST29831816611,321.5,321.5,1,72110.7
CUST29838262819,2180.99,2180.99,1,185936.88
CUST29838266246,434.41,434.41,1,153789.42
CUST29841165758,1899.43,1899.43,1,160780.48
CUST29841319002,2138.34,2138.34,1,43715.81
CUST29842200766,190.68,190.68,1,431412.32
CUST29842294740,333.14,333.14,1,405637.87
CUST29845999362,171.86,171.86,1,139499.39
CUST29854343372,131.07,131.07,1,31363.75
CUST29857145496,245.75,245.75,1,497593.81
CUST29857706412,281.51,281.51,1,447395.87
CUST29862100263,3894.82,3894.82,1,274004.96
CUST29864642996,6975.68,6975.68,1,16190.29
CUST29865286069,371.23,371.23,1,161831.16
CUST29869255808,4900.4,4900.4,1,445565.28
CUST29869465784,400.16,400.16,1,354000.87
CUST29870710457,706.95,706.95,1,238336.04
CUST29873277725,1201.12,1201.12,1,327070.4
CUST29873399646,182.11,182.11,1,271672.44
CUST29882420485,437.75,437.75,1,319035.98
CUST29892442862,6498.92,6498.92,1,479955.75
CUST29896345222,488.09,488.09,1,193518.34
CUST29896534875,65.57,65.57,1,443725.13
CUST29896664139,168.63,168.63,1,291423.31
CUST29910366190,799.91,799.91,1,78355.32
CUST29917599987,7869.19,7869.19,1,253907.74
CUST29917933199,1053.81,1053.81,1,21526.19
CUST29923541000,438.2,438.2,1,26292.41
CUST29924843456,216.8,216.8,1,164280.62
CUST29927443560,373.84,373.84,1,91375.64
CUST29935377003,557.68,557.68,1,220295.19
CUST29937008374,243.18,243.18,1,292322.1
CUST29940528535,164.28,164.28,1,64287.71
CUST29943530076,1902.63,1902.63,1,91274.52
CUST29950837752,2262.8,2262.8,1,269024.28
CUST29951183623,5800.46,5800.46,1,200256.55
CUST29952893040,1907.75,1907.75,1,276198.37
CUST29953815584,1430.09,1430.09,1,113254.34
CUST29954254994,332.71,332.71,1,355080.47
CUST29954365595,91.17,91.17,1,475555.01
CUST29958563753,1782.2,1782.2,1,147560.31
CUST29961878336,1167.9,1167.9,1,335215.09
CUST29964806654,1384.11,1384.11,1,291474.62
CUST29968919200,439.97,439.97,1,402567.42
CUST29976366985,2189.92,2189.92,1,388276.65
CUST29982573012,2302.88,2302.88,1,351132.57
CUST29996723226,926.79,926.79,1,21362.77
CUST29996922254,7087.87,7087.87,1,401831.04
CUST30001752497,1491.6,1491.6,1,79793.62
CUST30002345490,1095.7,1095.7,1,106292.9
CUST30005924653,116.74,116.74,1,313924.97
CUST30009813538,230.26,230.26,1,342550.15
CUST30010496140,1934.89,1934.89,1,396494.45
CUST30013841005,2101.74,2101.74,1,70613.16
CUST30013855089,14072.69,14072.69,1,250197.85
CUST30019795620,782.77,782.77,1,350723.82
CUST30024787839,556.07,556.07,1,155392.36
CUST30025144602,269.57,269.57,1,204791.06
CUST30035864743,1508.77,1508.77,1,394883.7
CUST30044176463,3333.26,3333.26,1,2951.3
CUST30046467828,2403.93,2403.93,1,327617.5
CUST30060064119,2840.94,2840.94,1,36926.75
CUST30072602777,3651.23,3651.23,1,44947.8
CUST30078253244,36.56,36.56,1,266548.85
CUST30081361117,616.83,616.83,1,239680.0
CUST30088966437,274.01,274.01,1,446461.79
CUST30094213086,257.1,257.1,1,392185.86
CUST30098844333,883.04,883.04,1,331832.85
CUST30102772420,398.0,398.0,1,171101.98
CUST30115970463,2818.13,2818.13,1,477063.02
CUST30119480287,2582.49,2582.49,1,370481.25
CUST30121091241,1391.28,1391.28,1,365886.95
CUST30128997171,1109.09,1109.09,1,329960.0
CUST30143622490,1008.95,1008.95,1,372547.09
CUST30144562032,66.81,66.81,1,391610.51
CUST30145509729,208.44,208.44,1,76773.93
CUST30148382353,358.35,358.35,1,363866.95
CUST30150159462,256.99,256.99,1,5418.98
CUST30150211081,4420.26,4420.26,1,86291.65
CUST30150391220,418.96,418.96,1,238049.15
CUST30155002501,667.22,667.22,1,437514.66
CUST30157304587,815.81,815.81,1,271987.87
CUST30163197004,176.54,176.54,1,422778.02
CUST30171032054,1782.47,1782.47,1,175061.37
CUST30182194301,262.39,262.39,1,361398.98
CUST30188371056,577.43,577.43,1,410669.56
CUST30189292594,199.72,199.72,1,497627.31
CUST30193989918,103.79,103.79,1,160134.72
CUST30198507461,470.9,470.9,1,59617.66
CUST30201503217,1701.11,1701.11,1,349315.56
CUST30209041917,368.21,368.21,1,389020.02
CUST30209069377,942.47,942.47,1,171861.56
CUST30215480381,392.89,392.89,1,266766.7
CUST30216010177,606.3,606.3,1,164691.99
CUST30224478280,1266.71,1266.71,1,422864.45
CUST30228288724,166.67,166.67,1,135501.56
CUST30230693345,1257.67,1257.67,1,159796.82
CUST30230709292,195.93,195.93,1,187148.62
CUST30236131141,612.88,612.88,1,147309.17
CUST30240535375,58.36,58.36,1,347044.09
CUST30241126576,112.33,112.33,1,187237.41
CUST30241959215,1804.34,1804.34,1,462414.14
CUST30242536670,324.36,324.36,1,351448.81
CUST30249564181,438.61,438.61,1,235142.15
CUST30250852644,470.08,470.08,1,92960.44
CUST30265993586,1084.63,1084.63,1,286942.51
CUST30276366672,413.56,413.56,1,462979.38
CUST30278535942,809.91,809.91,1,170599.81
CUST30282973868,758.36,758.36,1,427969.81
CUST30283907872,916.63,916.63,1,218664.86
CUST30285268869,537.63,537.63,1,142879.25
CUST30294842414,216.95,216.95,1,167845.3
CUST30299600251,6993.39,6993.39,1,314465.7
CUST30299913025,1575.13,1575.13,1,257745.24
CUST30299961463,1514.77,1514.77,1,484103.83
CUST30301831364,341.06,341.06,1,118090.53
CUST30304351957,577.76,577.76,1,236053.71
CUST30304773163,680.52,680.52,1,329144.68
CUST30306504676,1057.08,1057.08,1,304318.46
CUST30306859436,2385.25,2385.25,1,264995.35
CUST30309016149,876.59,876.59,1,289613.49
CUST30316747222,7995.9,7995.9,1,329076.83
CUST30321982700,174.37,174.37,1,38865.03
CUST30327908489,521.84,521.84,1,490713.45
CUST30333088911,146.67,146.67,1,468819.84
CUST30334125749,462.01,462.01,1,293256.09
CUST30336163653,1176.93,1176.93,1,345919.47
CUST30336306610,16113.52,16113.52,1,280036.38
CUST30345458403,7128.21,7128.21,1,409505.43
CUST30358518950,155.63,155.63,1,435692.13
CUST30364913296,63.18,63.18,1,402470.36
CUST30372671979,1991.57,1991.57,1,320633.85
CUST30376966132,629.6,629.6,1,341857.81
CUST30383494737,359.45,359.45,1,470006.94
CUST30392303798,389.99,389.99,1,45625.97
CUST30395176281,815.29,815.29,1,201217.09
CUST30400112873,783.75,783.75,1,108647.02
CUST30409814630,2668.49,2668.49,1,217761.64
CUST30411020609,1417.86,1417.86,1,317535.16
CUST30414592131,4119.9,4119.9,1,363008.05
CUST30417709869,267.05,267.05,1,132159.9
CUST30425053726,3640.16,3640.16,1,261530.74
CUST30425459487,109.16,109.16,1,312047.41
CUST30427483493,1060.96,1060.96,1,70996.97
CUST30437129710,709.8,709.8,1,447541.46
CUST30441074341,558.64,558.64,1,259055.94
CUST30445127405,31625.24,31625.24,1,228989.78
CUST30449952514,331.34,331.34,1,121127.94
CUST30454493960,1526.37,1526.37,1,266348.37
CUST30457628042,1066.14,1066.14,1,414442.07
CUST30460061142,82.25,82.25,1,165231.71
CUST30468793017,192.6,192.6,1,55120.72
CUST30470283504,2201.07,2201.07,1,57466.31
CUST30470476490,200.86,200.86,1,446531.88
CUST30470553649,190.35,190.35,1,336715.7
CUST30471008257,2280.02,2280.02,1,400925.72
CUST30474752487,2760.55,2760.55,1,203574.39
CUST30475016243,504.17,504.17,1,474347.52
CUST30480837607,535.32,535.32,1,488626.32
CUST30483014492,298.89,298.89,1,3121.0
CUST30483373759,1670.94,1670.94,1,173375.84
CUST30488742850,2857.79,2857.79,1,473856.17
CUST30490372237,315.11,315.11,1,481129.38
CUST30492029682,799.68,799.68,1,335753.4
CUST30498858418,9963.17,9963.17,1,61261.27
CUST30508084500,1498.78,1498.78,1,363884.09
CUST30514080034,957.08,957.08,1,339233.83
CUST30525388474,103.5,103.5,1,75537.6
CUST30525411769,6419.15,6419.15,1,46274.63
CUST30525875760,196.53,196.53,1,257047.3
CUST30528248958,7012.97,7012.97,1,463651.51
CUST30528273270,1263.62,1263.62,1,378547.59
CUST30528440883,18451.12,18451.12,1,57740.26
CUST30528786619,290.24,290.24,1,345392.62
CUST30531625120,52.57,52.57,1,167678.78
CUST30537866173,129.25,129.25,1,273083.91
CUST30544120377,15597.9,15597.9,1,26185.74
CUST30548724381,481.97,481.97,1,367091.18
CUST30552255816,1361.45,1361.45,1,128714.56
CUST30557727169,1039.16,1039.16,1,29854.09
CUST30558006193,266.88,266.88,1,488552.81
CUST30559719172,1023.62,1023.62,1,255431.33
CUST30559836853,496.73,496.73,1,364186.5
CUST30560080256,57.59,57.59,1,302117.85
CUST30561850148,240.51,240.51,1,486616.16
CUST30564434220,2248.59,2248.59,1,29743.91
CUST30570602634,1741.41,1741.41,1,282613.41
CUST30575773990,756.38,756.38,1,420807.69
CUST30577835492,177.08,177.08,1,382126.5
CUST30579802765,1759.26,1759.26,1,158613.99
CUST30581448197,153.07,153.07,1,413753.9
CUST30584059994,583.31,583.31,1,204099.77
CUST30584777565,55.43,55.43,1,422455.23
CUST30592037237,201.54,201.54,1,354145.93
CUST30597094140,848.7,848.7,1,246822.12
CUST30599245831,2447.25,2447.25,1,56992.47
CUST30607033539,1139.08,1139.08,1,235115.3
CUST30610485650,873.5,873.5,1,422406.6
CUST30617201729,536.98,536.98,1,245325.18
CUST30622747507,2686.28,2686.28,1,52698.89
CUST30622919646,1633.49,1633.49,1,266929.82
CUST30625589725,980.6,980.6,1,15293.82
CUST30628355510,2685.44,2685.44,1,277883.07
CUST30635574284,946.76,946.76,1,461604.39
CUST30641953209,3570.73,3570.73,1,167071.91
CUST30644330962,3780.68,3780.68,1,63827.2
CUST30651178238,121.13,121.13,1,245161.31
CUST30652450816,5010.32,5010.32,1,322039.28
CUST30658136507,10961.21,10961.21,1,11603.0
CUST30659408216,404.61,404.61,1,6420.18
CUST30663356873,885.96,885.96,1,7409.33
CUST30666278760,1300.24,1300.24,1,191479.55
CUST30667310072,92.2,92.2,1,308078.89
CUST30677184301,1810.47,1810.47,1,284442.53
CUST30679768821,1820.02,1820.02,1,353981.23
CUST30685612545,1593.36,1593.36,1,314345.6
CUST30691052281,173.94,173.94,1,355654.77
CUST30702134094,2885.81,2885.81,1,249447.5
CUST30706556829,654.9,654.9,1,444299.18
CUST30707328927,726.32,726.32,1,431815.61
CUST30711045444,10313.1,10313.1,1,198647.02
CUST30719218589,927.79,927.79,1,128656.34
CUST30753741157,1096.97,1096.97,1,291527.93
CUST30755973071,115.97,115.97,1,131502.73
CUST30765789571,2147.11,2147.11,1,301276.22
CUST30768274356,553.73,553.73,1,101234.59
CUST30768674957,181.4,181.4,1,310808.83
CUST30770598356,3491.18,3491.18,1,250809.81
CUST30771185094,329.24,329.24,1,135483.98
CUST30772549746,1384.22,1384.22,1,197900.16
CUST30774275847,607.43,607.43,1,378370.75
CUST30774302543,2547.66,2547.66,1,308258.79
CUST30783866664,619.44,619.44,1,474739.49
CUST30785103107,638.98,638.98,1,38486.06
CUST30794821502,107.69,107.69,1,201569.89
CUST30799265611,4083.42,4083.42,1,208770.59
CUST30800465792,2554.99,2554.99,1,319350.93
CUST30802146340,6073.91,6073.91,1,114540.51
CUST30819392511,72.13,72.13,1,311446.02
CUST30820441310,916.07,916.07,1,254793.31
CUST30822720552,1878.52,1878.52,1,126454.03
CUST30831780948,1590.46,1590.46,1,281926.65
CUST30837128946,146.21,146.21,1,117824.57
CUST30837720135,454.02,454.02,1,190601.04
CUST30837946299,733.83,733.83,1,46389.84
CUST30838831791,502.51,502.51,1,335003.58
CUST30838840272,210.74,210.74,1,300881.95
CUST30843114747,504.34,504.34,1,154436.97
CUST30851668050,396.21,396.21,1,40999.97
CUST30863170257,2706.14,2706.14,1,447797.39
CUST30866884815,7132.78,7132.78,1,35402.4
CUST30867793332,1169.39,1169.39,1,326122.7
CUST30871258012,1118.78,1118.78,1,392704.01
CUST30872773040,3807.21,3807.21,1,456270.86
CUST30883770896,1703.84,1703.84,1,381088.38
CUST30883911347,1740.33,1740.33,1,89611.27
CUST30896283690,1525.75,1525.75,1,194392.4
CUST30897299827,485.21,485.21,1,343141.89
CUST30901341288,466.29,466.29,1,438324.23
CUST30901400979,1857.61,1857.61,1,185560.19
CUST30902338210,306.11,306.11,1,140384.72
CUST30903409295,556.68,556.68,1,46203.66
CUST30934818956,151.96,151.96,1,68176.13
CUST30944208035,2334.63,2334.63,1,469162.36
CUST30946105214,522.56,522.56,1,416505.91
CUST30952414594,8316.64,8316.64,1,430977.94
CUST30956086276,719.11,719.11,1,258415.17
CUST30957473366,611.75,611.75,1,104278.92
CUST30970092548,504.22,504.22,1,27160.75
CUST30974145507,1041.17,1041.17,1,141790.26
CUST30984568162,2357.29,2357.29,1,271196.53
CUST30989036069,948.63,948.63,1,465458.33
CUST30989070232,651.0,651.0,1,381262.57
CUST30990610238,1524.35,1524.35,1,211533.65
CUST30994466604,827.76,827.76,1,276377.33
CUST30997586139,719.81,719.81,1,147071.59
CUST31004223184,702.74,702.74,1,405909.43
CUST31004946415,462.77,462.77,1,78985.38
CUST31005672424,233.64,233.64,1,195404.08
CUST31009018428,1423.62,1423.62,1,275060.19
CUST31010224952,478.0,478.0,1,9238.16
CUST31011421783,13362.4,13362.4,1,448956.28
CUST31012550705,2200.97,2200.97,1,28935.17
CUST31013444716,3570.49,3570.49,1,357580.29
CUST31013616644,426.6,426.6,1,194779.63
CUST31019269616,8172.23,8172.23,1,247287.71
CUST31022818259,647.63,647.63,1,101786.85
CUST31027879697,652.06,652.06,1,338414.24
CUST31031476932,514.14,514.14,1,319944.64
CUST31033630561,118.76,118.76,1,184834.72
CUST31048866954,2999.28,2999.28,1,316744.57
CUST31055713557,134.8,134.8,1,58978.15
CUST31056356357,2986.94,2986.94,1,488712.41
CUST31056970791,436.38,436.38,1,27739.98
CUST31063015998,144.2,144.2,1,237866.93
CUST31074141897,1122.67,1122.67,1,301549.98
CUST31078583238,1091.57,1091.57,1,445188.79
CUST31083925703,113.25,113.25,1,25942.56
CUST31087344351,130.47,130.47,1,74238.59
CUST31091188745,521.29,521.29,1,343003.14
CUST31092815185,405.47,405.47,1,97604.86
CUST31097175219,10818.03,10818.03,1,423978.66
CUST31117427248,238.43,238.43,1,72887.33
CUST31117919138,436.49,436.49,1,220348.48
CUST31125217004,2395.13,2395.13,1,489715.75
CUST31128516270,2649.16,2649.16,1,471959.67
CUST31134567116,3521.24,3521.24,1,18151.58
CUST31141260550,2070.17,2070.17,1,247638.79
CUST31147719064,1442.24,1442.24,1,214598.24
CUST31153718005,21923.35,21923.35,1,81978.98
CUST31154000753,796.13,796.13,1,410038.74
CUST31157379169,1865.22,1865.22,1,83072.13
CUST31160013340,243.15,243.15,1,38570.46
CUST31168244217,81.77,81.77,1,351517.76
CUST31172497410,1040.98,1040.98,1,440792.09
CUST31176185949,2148.62,2148.62,1,438874.06
CUST31191329104,10168.82,10168.82,1,316763.0
CUST31191791651,265.51,265.51,1,320342.01
CUST31196250651,540.92,540.92,1,107602.85
CUST31197085739,2237.73,2237.73,1,260062.86
CUST31199074899,46.46,46.46,1,169451.97
CUST31201449278,966.65,966.65,1,73505.64
CUST31205997358,478.92,478.92,1,436458.03
CUST31210993719,946.75,946.75,1,118620.21
CUST31212555146,2069.59,2069.59,1,72869.72
CUST31213236015,194.5,194.5,1,59294.7
CUST31220783318,5717.23,5717.23,1,436986.48
CUST31224277125,6013.87,6013.87,1,333006.41
CUST31229559968,5749.32,5749.32,1,297931.53
CUST31229742318,76.72,76.72,1,350593.27
CUST31236144989,166.96,166.96,1,40995.65
CUST31239554927,6203.38,6203.38,1,24329.41
CUST31240339074,5428.0,5428.0,1,139162.64
CUST31251137677,5983.75,5983.75,1,366549.56
CUST31253329633,3129.78,3129.78,1,71557.03
CUST31262024410,998.65,998.65,1,387960.76
CUST31263447200,9683.29,9683.29,1,466382.6
CUST31264696799,1762.1,1762.1,1,189939.19
CUST31267131251,3130.28,3130.28,1,122615.73
CUST31267146276,726.28,726.28,1,424805.23
CUST31268534596,183.54,183.54,1,20956.96
CUST31272415810,675.75,675.75,1,312699.25
CUST31274439206,9733.03,9733.03,1,127353.61
CUST31276032437,2595.04,2595.04,1,424275.68
CUST31279859845,1662.45,1662.45,1,388275.26
CUST31280645190,640.27,640.27,1,324609.55
CUST31283974560,532.54,532.54,1,328591.6
CUST31287350099,927.82,927.82,1,53966.04
CUST31290473757,223.63,223.63,1,322159.48
CUST31299891178,1606.83,1606.83,1,436790.83
CUST31300397301,4707.9,4707.9,1,65781.67
CUST31302166011,17544.86,17544.86,1,373012.24
CUST31303350703,466.23,466.23,1,260337.97
CUST31307703396,1002.62,1002.62,1,11796.98
CUST31311933155,598.87,598.87,1,172396.73
CUST31312636391,455.56,455.56,1,446235.77
CUST31322471335,56.0,56.0,1,221607.59
CUST31325801925,266.0,266.0,1,467943.5
CUST31327110869,185.23,185.23,1,156879.57
CUST31329499445,527.45,527.45,1,323255.43
CUST31341303739,4902.23,4902.23,1,221058.76
CUST31347523037,8249.93,8249.93,1,57616.94
CUST31349970867,4688.6,4688.6,1,266427.91
CUST31350687583,1466.48,1466.48,1,490923.72
CUST31351869181,770.53,770.53,1,26581.42
CUST31367151803,1130.65,1130.65,1,145418.05
CUST31369019822,329.69,329.69,1,12080.26
CUST31370733434,2962.36,2962.36,1,287782.53
CUST31376140318,37038.68,37038.68,1,433914.07
CUST31376342236,2247.12,2247.12,1,28019.3
CUST31384252896,2233.8,2233.8,1,368001.02
CUST31388002907,157.56,157.56,1,283559.91
CUST31391926529,336.99,336.99,1,289719.5
CUST31403214275,49969.42,49969.42,1,186545.95
CUST31404189561,2383.95,2383.95,1,275938.11
CUST31405235893,2626.16,2626.16,1,374264.02
CUST31406237849,7793.39,7793.39,1,293386.5
CUST31406738029,6511.88,6511.88,1,329565.0
CUST31408554256,339.74,339.74,1,216287.65
CUST31411735721,400.41,400.41,1,415778.08
CUST31416182398,3934.75,3934.75,1,329030.67
CUST31419638484,261.54,261.54,1,346420.59
CUST31427179017,323.97,323.97,1,299446.81
CUST31432415457,75.37,75.37,1,353593.59
CUST31432598454,1183.49,1183.49,1,32341.4
CUST31433809211,2319.09,2319.09,1,251982.96
CUST31436995891,361.21,361.21,1,51756.43
CUST31439398784,2035.35,2035.35,1,345642.56
CUST31447708558,111.62,111.62,1,337457.8
CUST31448198089,249.22,249.22,1,204863.61
CUST31459550850,2602.2,2602.2,1,167096.41
CUST31464040293,2251.39,2251.39,1,45219.61
CUST31472296498,690.98,690.98,1,243659.42
CUST31485080148,3603.82,3603.82,1,155785.9
CUST31488295479,1579.62,1579.62,1,169856.03
CUST31490011827,570.94,570.94,1,477053.28
CUST31491855488,382.14,382.14,1,199279.16
CUST31502383468,1241.74,1241.74,1,45259.79
CUST31508776706,439.9,439.9,1,203125.92
CUST31509441280,344.38,344.38,1,252260.87
CUST31509635819,615.01,615.01,1,112264.71
CUST31513661847,313.17,313.17,1,491930.0
CUST31518100705,1987.07,1987.07,1,35369.04
CUST31524605972,1556.04,1556.04,1,20011.28
CUST31528425976,251.26,251.26,1,242066.54
CUST31532841538,283.81,283.81,1,287281.81
CUST31533088132,1038.26,1038.26,1,447415.46
CUST31535908128,1710.99,1710.99,1,400114.96
CUST31537632003,2292.21,2292.21,1,431936.93
CUST31557458492,4525.66,4525.66,1,371821.59
CUST31558438132,57830.77,57830.77,1,72586.65
CUST31560737518,118.34,118.34,1,72723.86
CUST31571124119,628.64,628.64,1,79460.23
CUST31574445610,1371.18,1371.18,1,255671.34
CUST31578785962,1097.05,1097.05,1,470680.62
CUST31578881164,308.45,308.45,1,130832.69
CUST31584533034,500.98,500.98,1,491380.33
CUST31584933944,1502.88,1502.88,1,24233.81
CUST31591100015,773.27,773.27,1,425394.94
CUST31592069096,183.27,183.27,1,89022.21
CUST31619049570,371.46,371.46,1,84325.2
CUST31619070085,715.44,715.44,1,267696.03
CUST31636115887,2325.95,2325.95,1,169347.62
CUST31643371273,176.2,176.2,1,384265.29
CUST31653313428,8388.89,8388.89,1,167701.31
CUST31660955622,163.14,163.14,1,374578.46
CUST31670278861,393.37,393.37,1,2861.79
CUST31673058073,6519.64,6519.64,1,427213.0
CUST31692739374,3896.39,3896.39,1,256322.61
CUST31692899116,1768.71,1768.71,1,292076.63
CUST31695146990,861.19,861.19,1,366607.2
CUST31695521546,643.75,643.75,1,390579.7
CUST31696486646,416.77,416.77,1,177421.87
CUST31701019420,122.08,122.08,1,231858.82
CUST31712062547,1382.95,1382.95,1,18290.88
CUST31713126510,1205.3,1205.3,1,450295.34
CUST31726638605,890.32,890.32,1,89108.03
CUST31726673616,125.39,125.39,1,107785.29
CUST31736242714,2376.57,2376.57,1,488519.61
CUST31753213929,192.31,192.31,1,3961.63
CUST31753885115,328.02,328.02,1,491604.34
CUST31760453173,176.64,176.64,1,395627.19
CUST31772150990,51.71,51.71,1,416815.74
CUST31777866480,3247.79,3247.79,1,395652.75
CUST31782584171,11026.29,11026.29,1,289311.78
CUST31793058472,5935.68,5935.68,1,399916.83
CUST31793265945,2114.09,2114.09,1,231301.18
CUST31800860127,463.26,463.26,1,468765.79
CUST31801718897,877.67,877.67,1,292224.35
CUST31807610189,196.08,196.08,1,203796.53
CUST31816143143,447.97,447.97,1,296527.08
CUST31819061639,621.82,621.82,1,70154.84
CUST31821077182,143.5,143.5,1,412594.23
CUST31821130080,806.89,806.89,1,304247.66
CUST31824160047,2511.82,2511.82,1,190115.58
CUST31825417621,2047.67,2047.67,1,351022.07
CUST31826145899,91.19,91.19,1,177574.31
CUST31840769750,3905.02,3905.02,1,388422.24
CUST31844526646,1733.43,1733.43,1,118993.99
CUST31845289015,1363.0,1363.0,1,119609.35
CUST31849775241,381.13,381.13,1,51632.35
CUST31858463915,2416.87,2416.87,1,357134.98
CUST31862475245,122.0,122.0,1,288239.38
CUST31863796123,767.53,767.53,1,58247.05
CUST31875933579,2867.02,2867.02,1,477460.13
CUST31880717955,1056.48,1056.48,1,45237.86
CUST31882040935,280.13,280.13,1,22837.37
CUST31887177483,1582.91,1582.91,1,86987.27
CUST31887454116,566.92,566.92,1,26193.58
CUST31892840397,683.22,683.22,1,233924.99
CUST31895818982,377.91,377.91,1,432071.25
CUST31896195334,999.14,999.14,1,452923.79
CUST31897354167,1299.31,1299.31,1,42251.07
CUST31900174811,1736.38,1736.38,1,484059.19
CUST31900312158,3130.02,3130.02,1,329861.76
CUST31906806912,2754.97,2754.97,1,107879.08
CUST31911546324,3632.83,3632.83,1,448317.34
CUST31918070719,311.8,311.8,1,307948.27
CUST31923648754,3127.11,3127.11,1,95035.19
CUST31925871191,484.17,484.17,1,159520.56
CUST31929178833,263.75,263.75,1,314367.59
CUST31929293879,704.58,704.58,1,338908.96
CUST31930719865,299.7,299.7,1,248717.44
CUST31931008784,209.4,209.4,1,170512.72
CUST31932228429,2215.57,2215.57,1,42754.4
CUST31937207368,410.56,410.56,1,143115.49
CUST31937404832,777.27,777.27,1,212000.42
CUST31946584080,626.26,626.26,1,332180.69
CUST31952789602,1446.39,1446.39,1,42650.59
CUST31960896225,4426.98,4426.98,1,390949.23
CUST31967469579,2032.81,2032.81,1,234154.89
CUST31970923629,306.83,306.83,1,260150.38
CUST31972943778,414.55,414.55,1,355501.41
CUST31980396332,2086.37,2086.37,1,135939.74
CUST31995009179,1372.12,1372.12,1,31067.56
CUST31997224610,173.93,173.93,1,242013.76
CUST32000581368,339.53,339.53,1,49298.87
CUST32001628117,1220.17,1220.17,1,287529.33
CUST32027393280,4901.9,4901.9,1,323644.6
CUST32031975693,1257.69,1257.69,1,497410.68
CUST32032157208,256.87,256.87,1,418854.59
CUST32039078702,3966.77,3966.77,1,441986.44
CUST32041621486,236.51,236.51,1,113362.4
CUST32044059293,5448.68,5448.68,1,146279.23
CUST32050353577,176.34,176.34,1,186657.91
CUST32051753041,357.92,357.92,1,196425.42
CUST32058624031,243.44,243.44,1,49578.89
CUST32058841467,474.2,474.2,1,73021.17
CUST32073660568,1373.55,1373.55,1,292961.3
CUST32076735801,624.4,624.4,1,355826.5
CUST32079170560,980.27,980.27,1,221252.75
CUST32079576945,707.51,707.51,1,136268.51
CUST32080896218,9707.32,9707.32,1,193310.33
CUST32083921815,1029.45,1029.45,1,150637.38
CUST32088502901,6405.51,6405.51,1,430162.78
CUST32089047695,41.81,41.81,1,361264.69
CUST32093637906,2724.2,2724.2,1,362261.48
CUST32097630237,2322.3,2322.3,1,66052.75
CUST32098182552,719.47,719.47,1,50480.3
CUST32102236703,1181.95,1181.95,1,129530.22
CUST32105333087,181.41,181.41,1,7802.52
CUST32115885037,1748.62,1748.62,1,146928.61
CUST32116997968,105.03,105.03,1,239649.78
CUST32117251947,2610.78,2610.78,1,185570.29
CUST32117312770,176.1,176.1,1,307032.21
CUST32119467003,2797.7,2797.7,1,453582.95
CUST32123927163,2630.41,2630.41,1,414830.84
CUST32127214235,1271.72,1271.72,1,125937.49
CUST32127250301,1193.58,1193.58,1,379261.46
CUST32141329002,236.06,236.06,1,24669.91
CUST32142776168,200.53,200.53,1,246712.39
CUST32142880654,172.42,172.42,1,137211.2
CUST32152180517,384.68,384.68,1,222129.96
CUST32153540975,437.09,437.09,1,111811.21
CUST32169167110,310.56,310.56,1,154637.83
CUST32176837723,4722.82,4722.82,1,203349.49
CUST32177885227,326.88,326.88,1,52286.01
CUST32181390726,908.26,908.26,1,438637.55
CUST32186050303,674.54,674.54,1,413606.52
CUST32193288980,1678.04,1678.04,1,51391.21
CUST32193462283,1670.49,1670.49,1,224447.1
CUST32194470332,1962.9,1962.9,1,325669.87
CUST32195467848,447.81,447.81,1,418456.58
CUST32202204881,4818.24,4818.24,1,138744.99
CUST32210562541,263.01,263.01,1,463690.26
CUST32216702379,11885.93,11885.93,1,103829.02
CUST32232681588,506.89,506.89,1,145261.79
CUST32232896257,370.39,370.39,1,496078.26
CUST32235679645,5905.72,5905.72,1,192295.93
CUST32237336993,1559.49,1559.49,1,218642.57
CUST32240459211,645.51,645.51,1,212664.12
CUST32244893973,1192.13,1192.13,1,59093.29
CUST32246644995,235.06,235.06,1,373753.18
CUST32250123943,1154.32,1154.32,1,181975.85
CUST32255958282,242.65,242.65,1,404017.23
CUST32256081296,2771.54,2771.54,1,123109.49
CUST32263603232,2921.75,2921.75,1,258107.96
CUST32267695806,313.13,313.13,1,251966.0
CUST32268271191,765.95,765.95,1,271060.56
CUST32269659140,151.17,151.17,1,443683.79
CUST32272197381,698.8,698.8,1,319020.34
CUST32273076730,118.55,118.55,1,348184.8
CUST32274674335,28.33,28.33,1,301302.19
CUST32277330470,44.42,44.42,1,173126.84
CUST32289427037,12141.72,12141.72,1,508236.21
CUST32294560042,704.41,704.41,1,322159.85
CUST32305318667,2104.37,2104.37,1,493370.65
CUST32308163838,7708.28,7708.28,1,388931.47
CUST32312322624,58.24,58.24,1,161381.62
CUST32313413305,1655.97,1655.97,1,139780.67
CUST32325174317,1129.14,1129.14,1,15553.32
CUST32326079111,128.0,128.0,1,125197.56
CUST32326250768,545.14,545.14,1,386712.52
CUST32330420674,662.74,662.74,1,101780.35
CUST32335211704,429.2,429.2,1,497363.92
CUST32338061696,634.89,634.89,1,173252.52
CUST32350742468,961.39,961.39,1,431949.35
CUST32356347293,1191.69,1191.69,1,138404.07
CUST32357944269,316.79,316.79,1,446404.08
CUST32359965861,8624.06,8624.06,1,225958.37
CUST32368261891,564.58,564.58,1,26607.19
CUST32371717300,571.01,571.01,1,153151.4
CUST32378100590,1603.43,1603.43,1,313581.64
CUST32386963451,418.18,418.18,1,17733.39
CUST32391507862,104.77,104.77,1,264911.68
CUST32392766734,276.24,276.24,1,331906.93
CUST32394225889,740.26,740.26,1,165212.57
CUST32398228000,1556.22,1556.22,1,236012.92
CUST32411257513,376.15,376.15,1,49538.01
CUST32415178384,570.55,570.55,1,387226.97
CUST32417320138,2414.5,2414.5,1,222933.23
CUST32429953519,2579.45,2579.45,1,24613.23
CUST32434254147,104.04,104.04,1,235952.65
CUST32437646575,331.51,331.51,1,488907.18
CUST32450388548,306.13,306.13,1,82536.91
CUST32455564867,1257.63,1257.63,1,247845.47
CUST32460622627,462.53,462.53,1,130163.0
CUST32462720637,40257.33,40257.33,1,388569.54
CUST32474521075,298.6,298.6,1,190967.99
CUST32475383798,689.01,689.01,1,343581.08
CUST32478494178,727.87,727.87,1,117192.28
CUST32484766668,1265.15,1265.15,1,152580.29
CUST32488691844,311.08,311.08,1,152728.25
CUST32494475980,518.97,518.97,1,78893.05
CUST32494587519,325.51,325.51,1,388176.24
CUST32508424158,124.14,124.14,1,341593.46
CUST32509288095,451.68,451.68,1,235410.17
CUST32509815903,403.62,403.62,1,371772.59
CUST32513118307,12962.89,12962.89,1,252983.08
CUST32517972999,786.53,786.53,1,487894.79
CUST32520819289,2210.78,2210.78,1,445677.25
CUST32522089545,145.95,145.95,1,493274.91
CUST32522294746,127.84,127.84,1,192099.48
CUST32532892390,1429.81,1429.81,1,87432.71
CUST32540910942,893.17,893.17,1,87504.19
CUST32541126547,184.88,184.88,1,439059.3
CUST32541785690,1395.94,1395.94,1,489965.43
CUST32548787665,1619.65,1619.65,1,122337.03
CUST32552331934,263.68,263.68,1,300402.89
CUST32557588215,776.32,776.32,1,372712.0
CUST32558110095,1779.99,1779.99,1,462501.32
CUST32559070065,297.8,297.8,1,89841.56
CUST32562299928,325.35,325.35,1,217436.79
CUST32565361971,495.98,495.98,1,277762.71
CUST32571971741,1547.24,1547.24,1,115603.96
CUST32573490774,3792.64,3792.64,1,418693.64
CUST32575239919,800.04,800.04,1,343921.88
CUST32578547020,295.42,295.42,1,255176.16
CUST32579766369,1485.2,1485.2,1,351787.2
CUST32599013478,633.44,633.44,1,73428.26
CUST32599736833,983.06,983.06,1,59888.43
CUST32600268283,6340.94,6340.94,1,46567.22
CUST32605454962,78.58,78.58,1,330496.56
CUST32606565776,178.72,178.72,1,427394.43
CUST32607217890,107.69,107.69,1,259608.86
CUST32612405643,132.71,132.71,1,13517.33
CUST32613615565,92.77,92.77,1,381125.36
CUST32616216070,349.82,349.82,1,326525.48
CUST32620169040,1455.82,1455.82,1,8633.12
CUST32625530753,863.76,863.76,1,370353.58
CUST32626935541,69.79,69.79,1,227096.97
CUST32630240220,113.83,113.83,1,319695.65
CUST32636959080,184.55,184.55,1,456378.01
CUST32637381498,1396.76,1396.76,1,386450.19
CUST32645438203,108.84,108.84,1,146028.73
CUST32647353695,199.06,199.06,1,50369.14
CUST32652984044,4757.27,4757.27,1,111629.71
CUST32655092379,148.29,148.29,1,489435.91
CUST32659951246,205.17,205.17,1,338804.95
CUST32660941144,72.16,72.16,1,164312.49
CUST32669942731,10790.84,10790.84,1,397393.74
CUST32678040945,310.96,310.96,1,136005.87
CUST32681954589,303.55,303.55,1,293709.1
CUST32686055408,3413.41,3413.41,1,367614.58
CUST32687225203,2955.04,2955.04,1,446348.36
CUST32689050836,2480.77,2480.77,1,427027.77
CUST32698884845,352.02,352.02,1,291344.37
CUST32705652769,128.9,128.9,1,383657.05
CUST32706273792,3226.58,3226.58,1,114122.98
CUST32708568884,368.61,368.61,1,451782.47
CUST32708575241,623.73,623.73,1,466843.07
CUST32710947065,505.87,505.87,1,24932.65
CUST32713589484,4586.72,4586.72,1,277196.69
CUST32729150019,622.62,622.62,1,306841.73
CUST32733507883,6525.96,6525.96,1,240194.68
CUST32736490411,19510.08,19510.08,1,494680.24
CUST32736727345,2499.24,2499.24,1,7262.82
CUST32740214615,132.33,132.33,1,192446.97
CUST32740374612,6151.9,6151.9,1,92123.63
CUST32740881899,585.09,585.09,1,427477.77
CUST32746091689,227.16,227.16,1,200723.59
CUST32750033665,2353.12,2353.12,1,479419.63
CUST32754613956,1184.29,1184.29,1,343813.7
CUST32755045936,135.4,135.4,1,303835.12
CUST32760062830,939.58,939.58,1,312280.04
CUST32778089046,90.85,90.85,1,408145.35
CUST32779303286,280.7,280.7,1,268336.05
CUST32784099734,212.99,212.99,1,240198.7
CUST32790425196,392.95,392.95,1,312755.81
CUST32793433534,194.36,194.36,1,241493.71
CUST32794379236,39.49,39.49,1,486639.93
CUST32799031077,845.28,845.28,1,446531.3
CUST32799942655,795.17,795.17,1,204969.01
CUST32800666859,174.33,174.33,1,81631.73
CUST32800725787,581.94,581.94,1,349152.52
CUST32801614138,335.78,335.78,1,392488.28
CUST32806644226,1095.91,1095.91,1,241155.56
CUST32806964500,6272.42,6272.42,1,139324.82
CUST32807805746,1170.73,1170.73,1,337634.99
CUST32816175188,234.16,234.16,1,251887.65
CUST32824037528,4325.41,4325.41,1,36851.41
CUST32833921124,3246.97,3246.97,1,65259.06
CUST32834160435,139.9,139.9,1,178525.67
CUST32836247140,627.36,627.36,1,429675.87
CUST32836300732,8359.61,8359.61,1,74906.81
CUST32859407216,196.88,196.88,1,274759.72
CUST32866264919,3910.63,3910.63,1,345654.94
CUST32872001841,180.74,180.74,1,110000.05
CUST32874861221,766.37,766.37,1,456920.29
CUST32883010103,1429.89,1429.89,1,399016.41
CUST32883891922,989.29,989.29,1,17398.65
CUST32887697372,722.28,722.28,1,286645.57
CUST32888123105,3333.9,3333.9,1,188391.84
CUST32895514268,1107.11,1107.11,1,67753.84
CUST32898544378,5826.85,5826.85,1,162859.57
CUST32899866920,254.82,254.82,1,69222.85
CUST32900800741,427.33,427.33,1,433788.63
CUST32905225810,117.31,117.31,1,317112.26
CUST32909435266,272.37,272.37,1,99242.62
CUST32917261344,2944.64,2944.64,1,480341.68
CUST32918423465,627.98,627.98,1,401832.25
CUST32926712855,584.91,584.91,1,224376.93
CUST32928769534,3145.95,3145.95,1,440064.24
CUST32944651213,306.02,306.02,1,284195.89
CUST32954512975,765.9,765.9,1,114913.14
CUST32958386290,34181.53,34181.53,1,425841.98
CUST32977014917,448.6,448.6,1,460765.94
CUST32977225715,1484.57,1484.57,1,33680.16
CUST32980372230,3626.81,3626.81,1,255516.55
CUST32982867501,177.87,177.87,1,233096.0
CUST32983994671,627.36,627.36,1,148344.53
CUST32988165147,718.52,718.52,1,398234.76
CUST32994214990,396.18,396.18,1,95632.16
CUST32994293150,421.97,421.97,1,184422.19
CUST33005048845,1015.38,1015.38,1,126206.97
CUST33005803106,238.08,238.08,1,132144.57
CUST33013469682,1460.99,1460.99,1,392645.86
CUST33021542185,483.38,483.38,1,117658.16
CUST33023271836,157.35,157.35,1,318693.79
CUST33036533154,354.5,354.5,1,125629.82
CUST33039596396,861.65,861.65,1,24908.32
CUST33043342382,1100.89,1100.89,1,336372.51
CUST33048988865,326.82,326.82,1,130970.87
CUST33051362462,152.75,152.75,1,250933.18
CUST33059229191,1294.13,1294.13,1,231968.67
CUST33059316268,400.27,400.27,1,221600.55
CUST33068174717,1094.22,1094.22,1,358022.62
CUST33076105721,1864.35,1864.35,1,227227.96
CUST33077048011,117.94,117.94,1,108262.84
CUST33079655236,2153.36,2153.36,1,471155.28
CUST33090771561,13240.38,13240.38,1,37190.55
CUST33096892169,1552.13,1552.13,1,348409.7
CUST33101055609,156.57,156.57,1,378589.61
CUST33106574760,570.03,570.03,1,397513.44
CUST33112199031,313.22,313.22,1,307336.74
CUST33118988303,442.36,442.36,1,153978.62
CUST33120279341,494.52,494.52,1,188271.39
CUST33134169058,183.73,183.73,1,215657.05
CUST33141558022,3369.75,3369.75,1,55416.76
CUST33154868763,1440.61,1440.61,1,64903.65
CUST33156197684,1085.88,1085.88,1,272993.88
CUST33165487979,95.51,95.51,1,258788.01
CUST33166078396,164.2,164.2,1,42020.09
CUST33168959975,1492.45,1492.45,1,169783.4
CUST33169157362,708.84,708.84,1,337380.72
CUST33170748355,1724.09,1724.09,1,384161.54
CUST33188494268,1270.86,1270.86,1,269047.31
CUST33193883563,4702.93,4702.93,1,64237.17
CUST33198922955,1725.46,1725.46,1,484220.46
CUST33207922518,3055.09,3055.09,1,427464.19
CUST33208530708,2479.21,2479.21,1,202369.42
CUST33214370970,812.06,812.06,1,311375.88
CUST33214803023,188.97,188.97,1,363551.83
CUST33216706442,6208.2,6208.2,1,19006.93
CUST33226759512,146.57,146.57,1,170817.75
CUST33229782689,2091.5,2091.5,1,206875.74
CUST33237012879,267.98,267.98,1,362292.04
CUST33242621446,7318.07,7318.07,1,430603.67
CUST33247740700,2345.18,2345.18,1,345322.06
CUST33248533527,300.21,300.21,1,37615.05
CUST33255388254,629.73,629.73,1,389294.93
CUST33270310606,158.55,158.55,1,106845.34
CUST33275535673,375.91,375.91,1,376513.7
CUST33278724873,3079.3,3079.3,1,328868.13
CUST33282587541,229.16,229.16,1,329894.57
CUST33287293969,621.91,621.91,1,172396.71
CUST33287489777,347.4,347.4,1,426787.53
CUST33287991115,94.23,94.23,1,366018.42
CUST33289804817,3396.17,3396.17,1,187789.09
CUST33294810658,122.11,122.11,1,40223.38
CUST33295884468,451.95,451.95,1,16824.35
CUST33298139610,3392.35,3392.35,1,189719.94
CUST33299394403,14401.89,14401.89,1,247515.4
CUST33305604367,3537.97,3537.97,1,58568.45
CUST33309612173,594.86,594.86,1,240416.29
CUST33311206841,3025.23,3025.23,1,64535.57
CUST33314402733,1395.05,1395.05,1,181801.78
CUST33316213465,2918.65,2918.65,1,180596.88
CUST33317245508,476.58,476.58,1,115154.98
CUST33321486427,194.54,194.54,1,21235.04
CUST33329276709,2201.4,2201.4,1,125350.93
CUST33329333861,5768.85,5768.85,1,463161.16
CUST33331241786,1434.83,1434.83,1,399487.3
CUST33331752837,348.59,348.59,1,174370.46
CUST33343527722,483.61,483.61,1,239649.45
CUST33349597770,2476.25,2476.25,1,486258.86
CUST33351494186,586.08,586.08,1,285372.0
CUST33363273145,6970.85,6970.85,1,341927.07
CUST33366332555,584.9,584.9,1,341898.18
CUST33372530891,998.89,998.89,1,114916.24
CUST33389400727,547.88,547.88,1,9770.02
CUST33396811456,214.57,214.57,1,496567.09
CUST33400919486,471.55,471.55,1,254663.81
CUST33401803803,64.42,64.42,1,184630.1
CUST33404377816,1031.54,1031.54,1,109155.67
CUST33416573834,978.69,978.69,1,262751.04
CUST33417781284,1922.2,1922.2,1,348834.3
CUST33419308571,868.88,868.88,1,23427.26
CUST33421987240,426.16,426.16,1,220938.78
CUST33423909230,2422.5,2422.5,1,59309.75
CUST33430663913,2186.98,2186.98,1,161326.65
CUST33431237973,438.87,438.87,1,149224.05
CUST33439714073,472.59,472.59,1,162531.94
CUST33447239805,1363.89,1363.89,1,136947.5
CUST33448061536,3537.23,3537.23,1,446792.53
CUST33456307476,309.79,309.79,1,413673.09
CUST33457302302,658.48,658.48,1,457061.51
CUST33464286154,1331.59,1331.59,1,250513.92
CUST33479157198,971.14,971.14,1,201109.23
CUST33487433367,282.12,282.12,1,39721.33
CUST33490654055,299.07,299.07,1,401861.23
CUST33507149587,86.94,86.94,1,449023.12
CUST33508054699,3170.85,3170.85,1,209956.28
CUST33509177591,186.78,186.78,1,334256.76
CUST33517467796,14441.15,14441.15,1,456335.53
CUST33530083568,297.23,297.23,1,438454.07
CUST33540090442,393.75,393.75,1,169350.65
CUST33540757740,2535.94,2535.94,1,158829.04
CUST33548820665,278.58,278.58,1,239737.77
CUST33550606368,441.37,441.37,1,494701.19
CUST33556018817,393.68,393.68,1,187415.34
CUST33559206525,123.33,123.33,1,336680.85
CUST33560896357,5694.76,5694.76,1,483811.57
CUST33561636643,639.45,639.45,1,490738.77
CUST33566580075,331.3,331.3,1,42101.61
CUST33574334957,1231.74,1231.74,1,376829.57
CUST33576392636,670.03,670.03,1,264419.9
CUST33576464681,431.59,431.59,1,267164.99
CUST33581762211,1052.99,1052.99,1,20124.95
CUST33586966342,65.7,65.7,1,380386.8
CUST33587189786,12640.84,12640.84,1,464701.68
CUST33590438556,4039.32,4039.32,1,167598.35
CUST33595965484,1409.48,1409.48,1,16273.3
CUST33599519234,592.14,592.14,1,496569.56
CUST33603881758,598.12,598.12,1,249669.81
CUST33605171677,4051.5,4051.5,1,335249.75
CUST33606221540,4310.82,4310.82,1,353547.1
CUST33611022715,407.85,407.85,1,279838.29
CUST33611646450,1769.68,1769.68,1,455907.68
CUST33612480699,6387.59,6387.59,1,480789.4
CUST33618966316,134.48,134.48,1,280692.25
CUST33620409834,3107.11,3107.11,1,483573.89
CUST33621834404,600.65,600.65,1,351792.91
CUST33624193950,495.74,495.74,1,385589.5
CUST33628671918,237.39,237.39,1,468900.31
CUST33629687175,663.88,663.88,1,828.12
CUST33633300495,206.97,206.97,1,11087.83
CUST33635628893,2924.23,2924.23,1,493040.06
CUST33637180045,380.04,380.04,1,90147.35
CUST33639555137,3599.7,3599.7,1,315154.59
CUST33644469007,1229.97,1229.97,1,75873.78
CUST33649886736,1077.54,1077.54,1,233867.08
CUST33651518392,4712.36,4712.36,1,307732.22
CUST33654027527,653.52,653.52,1,166038.83
CUST33659392842,969.09,969.09,1,11154.08
CUST33670174717,540.19,540.19,1,368253.41
CUST33670594873,753.51,753.51,1,76341.86
CUST33687905683,161.09,161.09,1,182961.6
CUST33692933716,95.85,95.85,1,169832.07
CUST33694583755,3660.91,3660.91,1,271766.43
CUST33696717791,6787.68,6787.68,1,392044.63
CUST33717504814,5485.28,5485.28,1,367430.38
CUST33718486867,104.2,104.2,1,159677.18
CUST33734710409,93.63,93.63,1,381619.01
CUST33739805933,1079.74,1079.74,1,226010.92
CUST33741155195,648.38,648.38,1,186426.8
CUST33747736218,3149.41,3149.41,1,214381.93
CUST33753324962,166.7,166.7,1,497954.14
CUST33754906082,1524.52,1524.52,1,114937.44
CUST33757740058,621.5,621.5,1,261200.81
CUST33758699827,495.62,495.62,1,281486.14
CUST33764094843,805.33,805.33,1,245845.76
CUST33764102034,302.98,302.98,1,194036.15
CUST33771779197,377.64,377.64,1,457069.41
CUST33773532033,134.33,134.33,1,110715.26
CUST33774353131,8580.07,8580.07,1,127879.34
CUST33775174431,5565.21,5565.21,1,171470.11
CUST33775247083,479.41,479.41,1,304624.7
CUST33778348081,533.09,533.09,1,116232.0
CUST33779141868,1440.57,1440.57,1,43729.24
CUST33780757226,319.82,319.82,1,288776.78
CUST33791058968,672.32,672.32,1,473622.26
CUST33804083674,485.83,485.83,1,61663.65
CUST33824486013,205.97,205.97,1,262929.75
CUST33824973860,88.87,88.87,1,383737.32
CUST33834116480,171.6,171.6,1,296833.0
CUST33835739351,559.77,559.77,1,364110.3
CUST33854497487,300.59,300.59,1,94305.71
CUST33863511406,80.92,80.92,1,253787.15
CUST33865663629,33653.86,33653.86,1,228611.49
CUST33868892043,673.71,673.71,1,50431.92
CUST33877397475,1478.62,1478.62,1,106169.3
CUST33882921922,2199.66,2199.66,1,480556.53
CUST33884560123,4440.19,4440.19,1,53345.45
CUST33908314782,2958.38,2958.38,1,228730.06
CUST33908744074,7392.49,7392.49,1,434345.26
CUST33913064934,476.4,476.4,1,428695.74
CUST33916036250,376.36,376.36,1,155200.19
CUST33917377780,195.05,195.05,1,30589.51
CUST33919351811,266.58,266.58,1,119004.0
CUST33924882849,825.66,825.66,1,296566.82
CUST33927448413,13645.0,13645.0,1,1407.09
CUST33930690301,629.39,629.39,1,219330.76
CUST33931551849,1180.22,1180.22,1,235778.18
CUST33933586533,412.76,412.76,1,311343.43
CUST33938266430,11451.53,11451.53,1,487371.62
CUST33940583490,102.86,102.86,1,8684.24
CUST33944583073,1520.68,1520.68,1,450344.33
CUST33955051098,4622.33,4622.33,1,238584.8
CUST33956511279,631.46,631.46,1,230826.64
CUST33957715079,137.76,137.76,1,412756.0
CUST33957952925,1393.22,1393.22,1,335516.07
CUST33971465476,166.02,166.02,1,57579.61
CUST33974275578,1466.15,1466.15,1,336411.4
CUST33976604051,1279.06,1279.06,1,91667.42
CUST33980059912,1437.99,1437.99,1,67239.08
CUST33980866061,619.22,619.22,1,371141.83
CUST33980936219,163.14,163.14,1,8309.34
CUST33981851749,27.07,27.07,1,320628.18
CUST33982106493,2090.03,2090.03,1,471304.85
CUST33990511628,795.19,795.19,1,247358.85
CUST33994059791,2484.24,2484.24,1,496419.26
CUST34014639008,616.05,616.05,1,221208.6
CUST34015895343,204.64,204.64,1,174779.56
CUST34020570844,1448.76,1448.76,1,328820.44
CUST34028272380,459.41,459.41,1,3055.47
CUST34030071299,229.65,229.65,1,362156.98
CUST34031901578,367.2,367.2,1,455846.45
CUST34037513564,581.26,581.26,1,292024.14
CUST34048502240,223.66,223.66,1,445091.98
CUST34063097138,73.73,73.73,1,123128.51
CUST34065135696,2729.9,2729.9,1,264543.28
CUST34068622376,1146.99,1146.99,1,316938.25
CUST34068675432,402.01,402.01,1,73388.71
CUST34087596829,517.82,517.82,1,131468.78
CUST34090327047,250.55,250.55,1,359142.76
CUST34111947980,766.0,766.0,1,108790.2
CUST34113761769,947.82,947.82,1,268113.48
CUST34121428652,48.66,48.66,1,400018.69
CUST34124045459,445.51,445.51,1,447293.28
CUST34126269087,540.46,540.46,1,400980.16
CUST34129515356,376.57,376.57,1,82225.26
CUST34134373933,1982.21,1982.21,1,266932.48
CUST34141711416,831.49,831.49,1,236162.83
CUST34142629223,100.76,100.76,1,88812.65
CUST34147453937,2650.12,2650.12,1,223136.96
CUST34158058673,158.7,158.7,1,85205.73
CUST34165279632,1419.83,1419.83,1,481315.48
CUST34166026487,375.49,375.49,1,166204.51
CUST34172349320,1726.75,1726.75,1,495882.98
CUST34176367793,97.69,97.69,1,264464.62
CUST34177897643,579.21,579.21,1,442923.55
CUST34182459597,101.85,101.85,1,287651.5
CUST34187500286,264.31,264.31,1,16812.75
CUST34193011747,685.64,685.64,1,170050.21
CUST34195234653,145.74,145.74,1,471763.14
CUST34197724186,471.76,471.76,1,474120.19
CUST34198101915,389.72,389.72,1,58479.02
CUST34206617400,1649.17,1649.17,1,349998.08
CUST34213092247,631.08,631.08,1,388282.77
CUST34216389771,373.99,373.99,1,355090.74
CUST34221870535,539.14,539.14,1,133896.59
CUST34224517586,886.56,886.56,1,118378.03
CUST34228010486,588.35,588.35,1,49696.93
CUST34229684982,11862.88,11862.88,1,191125.97
CUST34237744484,257.63,257.63,1,358539.62
CUST34251051337,18541.31,18541.31,1,440828.53
CUST34256244535,1510.78,1510.78,1,172199.25
CUST34261066122,6760.76,6760.76,1,275237.49
CUST34261888918,306.75,306.75,1,332589.9
CUST34261978146,145.75,145.75,1,411931.71
CUST34270691581,35.81,35.81,1,191325.3
CUST34278287113,89.02,89.02,1,323635.29
CUST34295456347,522.25,522.25,1,384784.54
CUST34298914430,1300.63,1300.63,1,251739.5
CUST34299505739,1014.46,1014.46,1,8454.88
CUST34304736327,245.37,245.37,1,323072.84
CUST34310352370,534.36,534.36,1,199963.4
CUST34314428631,1116.14,1116.14,1,90827.92
CUST34320198881,1651.59,1651.59,1,273356.16
CUST34320574903,546.07,546.07,1,215846.6
CUST34324141813,351.45,351.45,1,247228.86
CUST34325977842,445.77,445.77,1,267121.44
CUST34328346449,1017.73,1017.73,1,111420.24
CUST34330822072,3471.84,3471.84,1,152193.93
CUST34335156987,381.52,381.52,1,470896.5
CUST34337769851,839.72,839.72,1,240809.31
CUST34337994788,1308.39,1308.39,1,356338.64
CUST34341952855,19688.41,19688.41,1,431412.93
CUST34343689925,300.03,300.03,1,224689.85
CUST34344642478,5672.23,5672.23,1,26620.1
CUST34368407674,777.0,777.0,1,361339.44
CUST34372140955,2315.51,2315.51,1,16406.89
CUST34373535773,1661.02,1661.02,1,269680.23
CUST34377822123,258.21,258.21,1,188116.31
CUST34386370531,710.27,710.27,1,141611.51
CUST34396684994,565.31,565.31,1,458903.9
CUST34402584870,933.55,933.55,1,374145.63
CUST34404678322,363.85,363.85,1,281716.52
CUST34407789043,1278.08,1278.08,1,200955.94
CUST34408438685,227.11,227.11,1,479356.75
CUST34409869615,7203.31,7203.31,1,198125.81
CUST34415943469,130.49,130.49,1,423275.44
CUST34427362156,2355.55,2355.55,1,338653.89
CUST34430679957,2935.1,2935.1,1,12132.02
CUST34431808280,362.16,362.16,1,240857.77
CUST34432761805,186.99,186.99,1,107625.08
CUST34443231572,310.36,310.36,1,30716.79
CUST34443721085,349.74,349.74,1,397514.69
CUST34444310918,715.5,715.5,1,184638.02
CUST34446714126,357.54,357.54,1,323224.41
CUST34450604664,728.93,728.93,1,26823.52
CUST34450664174,167.88,167.88,1,79942.37
CUST34452885511,5057.96,5057.96,1,490461.27
CUST34456493930,683.2,683.2,1,459700.08
CUST34458863783,1303.48,1303.48,1,190385.78
CUST34462125952,1143.07,1143.07,1,244728.18
CUST34472955242,863.65,863.65,1,260677.84
CUST34473582025,3034.41,3034.41,1,211334.8
CUST34481764953,715.96,715.96,1,192960.54
CUST34486043742,80.1,80.1,1,358304.94
CUST34488334508,524.38,524.38,1,345912.83
CUST34489599322,939.59,939.59,1,264702.58
CUST34490808525,163.98,163.98,1,304887.61
CUST34496041975,326.48,326.48,1,248136.34
CUST34497403235,9907.91,9907.91,1,187689.85
CUST34505142702,2821.1,2821.1,1,496971.07
CUST34506855074,801.8,801.8,1,434009.77
CUST34514375976,8113.85,8113.85,1,280409.8
CUST34518969324,1469.86,1469.86,1,315327.23
CUST34520123936,2411.7,2411.7,1,107307.65
CUST34526531521,438.58,438.58,1,198899.87
CUST34530018586,311.65,311.65,1,257479.72
CUST34537134817,506.06,506.06,1,133391.97
CUST34541273403,583.24,583.24,1,393632.99
CUST34547774468,6273.96,6273.96,1,280015.44
CUST34564316659,109.86,109.86,1,57940.42
CUST34570196892,1055.68,1055.68,1,418220.84
CUST34572094503,2566.56,2566.56,1,120111.93
CUST34578865371,1389.24,1389.24,1,273189.77
CUST34580950703,2325.4,2325.4,1,266578.63
CUST34583590010,401.85,401.85,1,208824.71
CUST34584524748,2317.5,2317.5,1,421284.34
CUST34587417238,3147.89,3147.89,1,398696.05
CUST34588999755,938.78,938.78,1,429747.3
CUST34600684209,275.09,275.09,1,30053.23
CUST34600709899,4432.59,4432.59,1,9403.4
CUST34611985296,10093.08,10093.08,1,126012.0
CUST34616198558,1722.7,1722.7,1,155216.06
CUST34617732084,145.17,145.17,1,95603.6
CUST34625872492,278.9,278.9,1,253194.01
CUST34631749644,2603.56,2603.56,1,209008.01
CUST34640013535,702.91,702.91,1,387786.81
CUST34655553547,7101.8,7101.8,1,15451.33
CUST34658210260,311.54,311.54,1,366551.56
CUST34660027373,2177.5,2177.5,1,145663.38
CUST34664419030,909.62,909.62,1,283452.21
CUST34665721649,934.99,934.99,1,247873.95
CUST34667614492,430.95,430.95,1,317829.72
CUST34674667995,2938.73,2938.73,1,479782.82
CUST34681277829,224.1,224.1,1,488474.27
CUST34683805380,915.26,915.26,1,493375.66
CUST34684890385,264.17,264.17,1,462687.14
CUST34687325108,621.75,621.75,1,314336.93
CUST34687503313,351.64,351.64,1,467255.31
CUST34691266971,679.62,679.62,1,415035.6
CUST34694586207,1947.9,1947.9,1,461399.61
CUST34694965282,7568.05,7568.05,1,415870.72
CUST34697786581,1337.58,1337.58,1,119061.87
CUST34703740672,196.28,196.28,1,388591.45
CUST34711539780,206.93,206.93,1,391308.23
CUST34719707360,572.88,572.88,1,444893.16
CUST34720392366,282.3,282.3,1,317319.05
CUST34723720212,865.04,865.04,1,279337.3
CUST34724972787,531.45,531.45,1,3150.69
CUST34726911451,314.33,314.33,1,247634.12
CUST34729392940,980.16,980.16,1,106153.08
CUST34733754481,3126.7,3126.7,1,362661.41
CUST34758188016,8506.8,8506.8,1,441346.26
CUST34759438603,5775.97,5775.97,1,19862.78
CUST34760988737,2253.04,2253.04,1,290696.88
CUST34764658296,187.18,187.18,1,196235.16
CUST34764761171,449.3,449.3,1,427495.72
CUST34766723396,319.12,319.12,1,199456.67
CUST34766951297,293.73,293.73,1,302323.89
CUST34769219986,327.95,327.95,1,144761.66
CUST34784760556,69.1,69.1,1,289889.85
CUST34790786457,3190.73,3190.73,1,194691.2
CUST34791391159,1818.51,1818.51,1,308010.2
CUST34794319737,401.16,401.16,1,313301.85
CUST34797175236,647.89,647.89,1,106129.69
CUST34801390754,619.03,619.03,1,95931.07
CUST34810131892,17780.36,17780.36,1,420338.71
CUST34815634620,270.5,270.5,1,166510.54
CUST34817530409,492.67,492.67,1,201753.56
CUST34824126718,313.18,313.18,1,84550.21
CUST34825524516,752.72,752.72,1,106176.43
CUST34829638237,434.5,434.5,1,209202.57
CUST34834301230,4761.39,4761.39,1,160919.94
CUST34835825976,1026.12,1026.12,1,164308.61
CUST34836329175,1582.5,1582.5,1,495305.61
CUST34840018731,2127.56,2127.56,1,101557.53
CUST34844895559,973.01,973.01,1,340250.63
CUST34847171835,2677.07,2677.07,1,227833.8
CUST34852823065,379.1,379.1,1,485672.68
CUST34853863013,955.92,955.92,1,316930.15
CUST34854137576,3124.99,3124.99,1,27097.36
CUST34854962508,3026.31,3026.31,1,141603.38
CUST34872723288,1216.1,1216.1,1,386284.05
CUST34886289459,60.23,60.23,1,54337.91
CUST34893271956,1731.13,1731.13,1,262528.9
CUST34893671935,302.38,302.38,1,147843.15
CUST34898764805,394.97,394.97,1,485713.62
CUST34900380193,237.51,237.51,1,402155.3
CUST34905586558,507.93,507.93,1,153745.03
CUST34919496272,1442.34,1442.34,1,210437.88
CUST34920308193,2572.94,2572.94,1,85505.68
CUST34922513158,377.82,377.82,1,488817.47
CUST34923580495,698.35,698.35,1,101957.3
CUST34929512864,998.06,998.06,1,87692.74
CUST34932847978,2191.48,2191.48,1,37529.15
CUST34946085538,373.15,373.15,1,442929.74
CUST34949270319,6729.23,6729.23,1,63628.78
CUST34954551786,457.67,457.67,1,314942.79
CUST34959347965,3214.9,3214.9,1,68175.17
CUST34967251739,1441.67,1441.67,1,17898.34
CUST34975248018,24.71,24.71,1,106371.43
CUST34982398167,2949.31,2949.31,1,47171.65
CUST34988435453,1201.52,1201.52,1,464606.21
CUST34993145068,3155.95,3155.95,1,191083.6
CUST34998161809,149.72,149.72,1,483228.51
CUST35000551097,6702.78,6702.78,1,55160.83
CUST35009419088,141.62,141.62,1,55442.51
CUST35012168917,5089.74,5089.74,1,280177.62
CUST35012497040,92.34,92.34,1,51936.04
CUST35014231691,403.76,403.76,1,99840.48
CUST35015589105,13066.43,13066.43,1,318300.37
CUST35025113598,821.93,821.93,1,310689.07
CUST35025337969,646.73,646.73,1,343133.59
CUST35025523067,732.3,732.3,1,11612.93
CUST35026736028,1130.06,1130.06,1,182471.6
CUST35030076253,213.37,213.37,1,250756.66
CUST35035975529,3785.73,3785.73,1,374302.69
CUST35038129399,2213.15,2213.15,1,214112.9
CUST35038925449,283.91,283.91,1,186161.61
CUST35040552129,877.77,877.77,1,321905.01
CUST35041475223,2742.46,2742.46,1,450393.78
CUST35050464489,2441.55,2441.55,1,114027.65
CUST35063501896,467.96,467.96,1,142393.48
CUST35065415225,246.4,246.4,1,141758.17
CUST35067193478,124.63,124.63,1,354670.67
CUST35080506395,1659.39,1659.39,1,369434.33
CUST35087540227,2161.98,2161.98,1,324134.85
CUST35090019421,1813.21,1813.21,1,406971.0
CUST35090175160,549.67,549.67,1,283078.86
CUST35090743430,464.25,464.25,1,10314.2
CUST35099076892,3790.35,3790.35,1,33961.28
CUST35099418850,143.96,143.96,1,116058.37
CUST35102069001,5629.48,5629.48,1,11589.2
CUST35102070723,29979.25,29979.25,1,374144.07
CUST35102429721,301.76,301.76,1,368583.81
CUST35103566309,429.76,429.76,1,154171.27
CUST35124436265,408.45,408.45,1,286788.31
CUST35125617850,1589.94,1589.94,1,389835.43
CUST35131408653,2491.04,2491.04,1,443456.37
CUST35158385645,948.24,948.24,1,143397.91
CUST35160108562,544.87,544.87,1,354445.14
CUST35170239937,239.15,239.15,1,105352.34
CUST35182122382,670.85,670.85,1,110385.87
CUST35182172130,699.74,699.74,1,466904.6
CUST35183172685,392.18,392.18,1,123941.15
CUST35183797217,9980.01,9980.01,1,185559.88
CUST35187812915,500.72,500.72,1,111861.92
CUST35192196152,140.41,140.41,1,120662.05
CUST35192505878,901.74,901.74,1,293507.71
CUST35196177735,112.69,112.69,1,9900.94
CUST35203455427,2973.1,2973.1,1,206717.58
CUST35205411529,3794.31,3794.31,1,76857.74
CUST35211236338,729.25,729.25,1,478272.96
CUST35212997408,538.43,538.43,1,179613.63
CUST35214074095,1406.61,1406.61,1,104706.27
CUST35222096336,394.01,394.01,1,474069.46
CUST35227586349,917.42,917.42,1,431765.09
CUST35230608222,375.92,375.92,1,357874.2
CUST35230659098,5750.98,5750.98,1,167672.55
CUST35234313426,2002.72,2002.72,1,476515.33
CUST35236549609,999.4,999.4,1,30377.24
CUST35237126020,98.97,98.97,1,93790.04
CUST35241588053,258.35,258.35,1,388240.51
CUST35244478623,193.96,193.96,1,177448.69
CUST35245150960,595.06,595.06,1,130015.48
CUST35249516372,13175.55,13175.55,1,84307.14
CUST35251890146,11813.21,11813.21,1,209019.7
CUST35254759544,57.79,57.79,1,225554.79
CUST35259782789,562.52,562.52,1,162017.54
CUST35261132115,195.8,195.8,1,389795.87
CUST35263437649,582.91,582.91,1,92572.4
CUST35266823785,217.14,217.14,1,295612.07
CUST35270956791,655.48,655.48,1,358087.39
CUST35270963199,1524.76,1524.76,1,303258.6
CUST35290537523,314.95,314.95,1,468636.29
CUST35294448159,1271.86,1271.86,1,475086.47
CUST35316116024,123.29,123.29,1,386463.94
CUST35320374836,6841.47,6841.47,1,309525.03
CUST35322878844,490.52,490.52,1,43564.83
CUST35323381569,133.98,133.98,1,118540.62
CUST35331654301,173.07,173.07,1,55221.06
CUST35333219085,1040.41,1040.41,1,153134.08
CUST35334410089,195.98,195.98,1,201774.29
CUST35339505956,248.01,248.01,1,449861.19
CUST35348927720,160.9,160.9,1,109485.79
CUST35351405273,1123.02,1123.02,1,326565.79
CUST35351714408,532.7,532.7,1,312212.8
CUST35356433937,1680.46,1680.46,1,128447.13
CUST35360889196,730.56,730.56,1,25638.97
CUST35365390236,775.14,775.14,1,412408.98
CUST35367409767,116.77,116.77,1,63092.44
CUST35369040138,5676.38,5676.38,1,299770.2
CUST35389066707,373.69,373.69,1,428507.93
CUST35389123888,2344.52,2344.52,1,364133.05
CUST35389930750,504.89,504.89,1,25290.06
CUST35390474295,267.66,267.66,1,146219.17
CUST35393819345,118.49,118.49,1,257919.82
CUST35401529469,75.84,75.84,1,378206.87
CUST35403581464,856.41,856.41,1,338015.82
CUST35404189877,495.94,495.94,1,364410.62
CUST35414846973,374.53,374.53,1,321183.23
CUST35423394638,2012.9,2012.9,1,220234.47
CUST35433819930,236.9,236.9,1,149097.88
CUST35436715637,806.65,806.65,1,83197.69
CUST35459672947,1197.53,1197.53,1,245868.1
CUST35468801956,3457.44,3457.44,1,369492.55
CUST35469415045,239.57,239.57,1,145365.37
CUST35473428649,583.38,583.38,1,226237.71
CUST35473916713,1196.78,1196.78,1,44001.98
CUST35474584772,3002.05,3002.05,1,99322.86
CUST35474932889,584.22,584.22,1,71949.86
CUST35500449975,213.4,213.4,1,472366.46
CUST35511781916,5098.36,5098.36,1,134402.22
CUST35512348700,111.48,111.48,1,354417.06
CUST35513120106,987.29,987.29,1,159187.53
CUST35516767789,1213.44,1213.44,1,123785.97
CUST35523162005,602.23,602.23,1,472681.66
CUST35530180238,206.51,206.51,1,219838.17
CUST35530347040,192.29,192.29,1,428656.17
CUST35532056698,31.36,31.36,1,42871.75
CUST35541991498,2371.8,2371.8,1,9570.12
CUST35561156173,1107.4,1107.4,1,339705.59
CUST35563879952,734.12,734.12,1,79327.6
CUST35565466843,519.24,519.24,1,254626.91
CUST35567889993,335.26,335.26,1,364700.46
CUST35569259348,2034.77,2034.77,1,190082.37
CUST35572934873,753.15,753.15,1,235523.07
CUST35573005772,766.53,766.53,1,292643.24
CUST35574713277,5003.66,5003.66,1,98363.68
CUST35577746353,702.07,702.07,1,223288.17
CUST35578272300,113.8,113.8,1,242112.91
CUST35584862189,2057.94,2057.94,1,181399.2
CUST35589397696,395.03,395.03,1,444188.45
CUST35595956779,468.08,468.08,1,65597.2
CUST35599317102,4024.67,4024.67,1,19931.98
CUST35604077399,2444.37,2444.37,1,340301.27
CUST35611515603,931.41,931.41,1,25737.21
CUST35614500859,1035.13,1035.13,1,95026.93
CUST35616927913,2127.29,2127.29,1,374872.77
CUST35618556758,571.39,571.39,1,54709.03
CUST35629908949,688.15,688.15,1,270341.55
CUST35631302743,2787.74,2787.74,1,269000.49
CUST35634349448,2064.78,2064.78,1,180357.03
CUST35637170767,475.54,475.54,1,250861.56
CUST35639801845,591.64,591.64,1,274337.53
CUST35644769483,290.28,290.28,1,486495.98
CUST35645537853,917.99,917.99,1,33696.52
CUST35646345597,1063.46,1063.46,1,373475.64
CUST35649323536,1072.1,1072.1,1,359579.27
CUST35654041916,1428.81,1428.81,1,161086.69
CUST35656221222,1046.2,1046.2,1,115214.64
CUST35656304323,115.26,115.26,1,146394.98
CUST35667196392,75.38,75.38,1,461344.09
CUST35674266104,265.96,265.96,1,348635.19
CUST35674269313,828.61,828.61,1,463717.02
CUST35674684563,551.22,551.22,1,72540.41
CUST35680715410,205.31,205.31,1,34186.28
CUST35681569593,343.75,343.75,1,385260.06
CUST35690749051,497.94,497.94,1,74609.28
CUST35690954563,455.1,455.1,1,54002.18
CUST35693800363,792.89,792.89,1,52458.13
CUST35697486361,680.65,680.65,1,260462.73
CUST35717355865,553.83,553.83,1,201681.83
CUST35730737821,411.03,411.03,1,135520.95
CUST35730929964,45.34,45.34,1,405249.5
CUST35735455053,875.21,875.21,1,453112.56
CUST35735998370,838.37,838.37,1,41475.1
CUST35738116448,1383.65,1383.65,1,144489.37
CUST35738523380,96.65,96.65,1,487446.59
CUST35742378786,1060.57,1060.57,1,193297.84
CUST35742609792,1347.32,1347.32,1,428441.18
CUST35742958031,139.26,139.26,1,3992.59
CUST35743841423,686.92,686.92,1,210522.59
CUST35748842569,318.24,318.24,1,254245.58
CUST35749360566,3152.59,3152.59,1,174637.89
CUST35754057559,555.85,555.85,1,379201.61
CUST35754241850,753.49,753.49,1,388323.79
CUST35757532672,7069.73,7069.73,1,334744.98
CUST35759541429,361.18,361.18,1,228607.01
CUST35760417258,4094.44,4094.44,1,54675.35
CUST35771734717,204.38,204.38,1,71561.55
CUST35779059817,221.34,221.34,1,348095.84
CUST35788371317,635.96,635.96,1,363644.94
CUST35789329764,604.88,604.88,1,303843.78
CUST35790911180,116.64,116.64,1,370514.74
CUST35791996609,416.94,416.94,1,164287.34
CUST35796498912,10015.13,10015.13,1,209464.22
CUST35797880601,1394.12,1394.12,1,78587.42
CUST35798726808,429.46,429.46,1,389956.21
CUST35801252027,242.75,242.75,1,191077.94
CUST35814155874,343.05,343.05,1,386309.18
CUST35815604259,1286.26,1286.26,1,258651.75
CUST35816167442,30777.41,30777.41,1,19750.81
CUST35840449374,148.74,148.74,1,163476.97
CUST35849349751,1523.49,1523.49,1,59240.73
CUST35855822300,232.85,232.85,1,366740.93
CUST35857605601,4567.29,4567.29,1,204442.93
CUST35870598393,6026.36,6026.36,1,77085.61
CUST35873423840,21422.55,21422.55,1,156765.91
CUST35875783717,260.78,260.78,1,479992.87
CUST35879956581,1144.12,1144.12,1,398675.38
CUST35883963792,72.44,72.44,1,302689.73
CUST35894956863,338.73,338.73,1,126738.44
CUST35907194082,506.97,506.97,1,374491.64
CUST35908751445,1841.37,1841.37,1,43516.4
CUST35917781424,681.56,681.56,1,327837.6
CUST35922726038,7009.23,7009.23,1,90191.05
CUST35924446594,342.27,342.27,1,101204.35
CUST35934020465,8904.87,8904.87,1,66573.58
CUST35934294759,1474.11,1474.11,1,159168.76
CUST35935255743,275.93,275.93,1,451710.16
CUST35937968269,768.42,768.42,1,410562.04
CUST35950001560,4184.81,4184.81,1,333797.07
CUST35960381357,582.54,582.54,1,67380.22
CUST35972058216,1602.8,1602.8,1,410687.46
CUST35972292492,222.27,222.27,1,105188.08
CUST35972534346,2329.62,2329.62,1,331124.88
CUST35984048196,632.6,632.6,1,79561.99
CUST35984470248,767.53,767.53,1,329219.73
CUST35991716683,597.98,597.98,1,424989.76
CUST35993588714,529.45,529.45,1,52239.07
CUST35996314770,403.19,403.19,1,8588.0
CUST35996970128,10311.01,10311.01,1,71172.79
CUST35998925215,374.78,374.78,1,202633.69
CUST36006064542,215.92,215.92,1,141103.2
CUST36010594716,185.86,185.86,1,203571.15
CUST36011459174,758.78,758.78,1,348357.65
CUST36012235547,27248.54,27248.54,1,374459.76
CUST36014197668,115.25,115.25,1,225046.81
CUST36019078046,2835.35,2835.35,1,367263.78
CUST36025661916,3121.65,3121.65,1,13075.01
CUST36030061802,394.34,394.34,1,194629.09
CUST36034108674,520.39,520.39,1,97905.05
CUST36035123666,94.58,94.58,1,379518.17
CUST36042676702,205.95,205.95,1,96123.49
CUST36045364895,293.46,293.46,1,149632.93
CUST36046500577,2750.32,2750.32,1,451808.64
CUST36046709061,749.29,749.29,1,405811.51
CUST36055082859,1344.68,1344.68,1,140804.86
CUST36060628709,98.81,98.81,1,420987.26
CUST36062069097,934.93,934.93,1,19246.83
CUST36074698551,1500.28,1500.28,1,41251.33
CUST36076827232,532.26,532.26,1,342522.78
CUST36082410109,230.42,230.42,1,20503.81
CUST36083111889,286.25,286.25,1,173449.18
CUST36083882769,1743.88,1743.88,1,11181.77
CUST36085132087,208.27,208.27,1,90281.02
CUST36088432095,1313.44,1313.44,1,129471.45
CUST36089055010,645.03,645.03,1,212264.37
CUST36092288237,102.31,102.31,1,394494.93
CUST36124327213,301.04,301.04,1,329965.69
CUST36148983434,1542.58,1542.58,1,214514.47
CUST36150166110,1777.03,1777.03,1,261470.71
CUST36152896193,357.01,357.01,1,69443.93
CUST36155071479,538.57,538.57,1,471641.94
CUST36160835265,64.59,64.59,1,474693.01
CUST36160975994,2350.34,2350.34,1,60749.5
CUST36163124433,1029.8,1029.8,1,298361.49
CUST36181158568,1467.64,1467.64,1,72240.66
CUST36181300986,2244.89,2244.89,1,148976.52
CUST36184508621,503.77,503.77,1,246996.17
CUST36186828106,434.07,434.07,1,275627.12
CUST36191429482,909.33,909.33,1,238634.15
CUST36202807744,171.04,171.04,1,330258.53
CUST36218315373,359.64,359.64,1,420275.29
CUST36222742479,199.39,199.39,1,314955.44
CUST36227220646,300.52,300.52,1,202193.03
CUST36227527258,13640.12,13640.12,1,28235.02
CUST36236743271,2310.88,2310.88,1,323480.91
CUST36238625988,293.41,293.41,1,145049.24
CUST36239518335,2056.23,2056.23,1,164978.75
CUST36242250273,1925.5,1925.5,1,120030.26
CUST36250378383,817.82,817.82,1,379054.67
CUST36258505547,2325.43,2325.43,1,217886.38
CUST36258799930,353.27,353.27,1,449768.88
CUST36265972271,157.3,157.3,1,476306.47
CUST36275735200,214.33,214.33,1,75551.94
CUST36281516207,609.95,609.95,1,156843.93
CUST36290825624,146.17,146.17,1,160786.31
CUST36293261280,993.11,993.11,1,418151.11
CUST36307596161,327.13,327.13,1,7565.56
CUST36311777504,213.89,213.89,1,78906.83
CUST36315548588,81.81,81.81,1,108222.1
CUST36317765184,2705.29,2705.29,1,39012.6
CUST36318180015,33.71,33.71,1,265269.75
CUST36321204717,239.99,239.99,1,394800.43
CUST36324060313,201.0,201.0,1,361691.46
CUST36324535748,118.72,118.72,1,458878.97
CUST36325344858,3308.1,3308.1,1,333803.94
CUST36325462100,1211.38,1211.38,1,472222.43
CUST36329582366,1054.63,1054.63,1,380505.58
CUST36329648798,322.3,322.3,1,484407.62
CUST36329709497,866.13,866.13,1,281054.03
CUST36334010626,3164.97,3164.97,1,286287.15
CUST36344071591,104.88,104.88,1,202040.14
CUST36348308290,282.25,282.25,1,355089.2
CUST36348707050,197.62,197.62,1,222306.8
CUST36348799221,1713.04,1713.04,1,215597.29
CUST36348799933,1413.4,1413.4,1,2022.84
CUST36356602725,680.63,680.63,1,44834.47
CUST36372056484,1143.07,1143.07,1,316595.7
CUST36372097242,916.43,916.43,1,298904.46
CUST36377042355,1235.54,1235.54,1,126434.45
CUST36378222314,5615.48,5615.48,1,440813.47
CUST36378586110,194.16,194.16,1,404411.12
CUST36386228521,360.73,360.73,1,101582.11
CUST36389020954,234.35,234.35,1,156165.24
CUST36393891787,3698.3,3698.3,1,274270.69
CUST36398568811,1915.39,1915.39,1,48862.39
CUST36405756768,11632.62,11632.62,1,167321.85
CUST36427058404,57.7,57.7,1,21365.4
CUST36430774977,96.07,96.07,1,72610.63
CUST36434021858,370.91,370.91,1,362277.61
CUST36441989291,19155.19,19155.19,1,319382.29
CUST36444634785,499.0,499.0,1,424975.88
CUST36454531658,209.91,209.91,1,309977.16
CUST36459541652,8952.85,8952.85,1,329662.55
CUST36459637221,2357.37,2357.37,1,441218.45
CUST36465086848,11185.12,11185.12,1,207014.44
CUST36468464686,2776.36,2776.36,1,315883.07
CUST36472249175,238.27,238.27,1,428694.16
CUST36486833243,886.73,886.73,1,12437.36
CUST36487928939,138.53,138.53,1,102443.16
CUST36498794532,320.11,320.11,1,12619.48
CUST36503384649,145.6,145.6,1,453597.19
CUST36507614812,1005.5,1005.5,1,319186.86
CUST36511864140,334.53,334.53,1,116152.53
CUST36515383872,117.71,117.71,1,196753.76
CUST36525103860,253.25,253.25,1,158540.79
CUST36546150573,160.58,160.58,1,349164.08
CUST36547552417,664.94,664.94,1,72226.36
CUST36552506522,11264.38,11264.38,1,364796.69
CUST36553815296,971.16,971.16,1,487276.3
CUST36556784792,21.42,21.42,1,188544.54
CUST36559589194,3250.43,3250.43,1,222630.2
CUST36563460314,1278.86,1278.86,1,200855.47
CUST36563997409,961.62,961.62,1,196642.47
CUST36568652337,718.05,718.05,1,226020.83
CUST36578547312,508.87,508.87,1,163141.86
CUST36583320396,2162.11,2162.11,1,270222.08
CUST36589519275,1342.76,1342.76,1,68110.49
CUST36592464394,460.56,460.56,1,297824.02
CUST36594430598,1097.92,1097.92,1,198748.92
CUST36595377132,2800.86,2800.86,1,485431.7
CUST36596915577,710.94,710.94,1,426688.66
CUST36600797142,3158.39,3158.39,1,211800.93
CUST36607912912,1476.86,1476.86,1,296857.04
CUST36615174631,121.82,121.82,1,9150.37
CUST36621106477,7278.48,7278.48,1,469312.51
CUST36634154745,165.71,165.71,1,480421.08
CUST36640362591,15530.85,15530.85,1,222038.6
CUST36642027813,713.27,713.27,1,398729.59
CUST36646690261,204.11,204.11,1,94572.07
CUST36649162633,350.67,350.67,1,135988.58
CUST36651686815,1296.76,1296.76,1,408312.43
CUST36655958477,167.82,167.82,1,47634.46
CUST36660767539,2222.02,2222.02,1,180862.11
CUST36662008817,12943.24,12943.24,1,36905.15
CUST36662132905,587.57,587.57,1,97912.46
CUST36663357676,11052.4,11052.4,1,170766.61
CUST36667059313,166.48,166.48,1,465155.06
CUST36668584844,609.82,609.82,1,241582.1
CUST36677210188,8741.34,8741.34,1,354071.51
CUST36694690392,446.67,446.67,1,186093.77
CUST36699257589,76635.05,76635.05,1,100703.91
CUST36699287560,1335.41,1335.41,1,322149.17
CUST36700157975,617.59,617.59,1,90070.39
CUST36709651950,61.87,61.87,1,120757.67
CUST36712165248,231.19,231.19,1,89478.24
CUST36713163566,317.68,317.68,1,492910.8
CUST36717586570,4067.32,4067.32,1,273292.56
CUST36718928885,4393.3,4393.3,1,49137.6
CUST36723434702,3442.46,3442.46,1,146939.5
CUST36727220227,283.09,283.09,1,86336.0
CUST36731876123,269.94,269.94,1,353319.37
CUST36736036486,1461.72,1461.72,1,223121.77
CUST36736309070,165.6,165.6,1,175657.59
CUST36744852837,1071.97,1071.97,1,62577.91
CUST36754981336,374.74,374.74,1,483076.69
CUST36755266955,1262.79,1262.79,1,405346.42
CUST36763392650,994.62,994.62,1,386866.32
CUST36767865651,1304.91,1304.91,1,196526.86
CUST36768231780,933.3,933.3,1,445336.7
CUST36778548637,201.9,201.9,1,73595.2
CUST36778581736,2350.75,2350.75,1,122529.49
CUST36800787542,123.38,123.38,1,17258.74
CUST36810683208,378.22,378.22,1,66728.68
CUST36810835807,1250.62,1250.62,1,31433.91
CUST36812406474,1228.58,1228.58,1,132468.42
CUST36814099698,617.77,617.77,1,1437.74
CUST36815686706,621.75,621.75,1,82627.35
CUST36821650620,449.32,449.32,1,161594.85
CUST36833181147,507.32,507.32,1,250325.5
CUST36834587671,1394.61,1394.61,1,121669.7
CUST36836029606,1193.79,1193.79,1,244925.46
CUST36836809354,1267.25,1267.25,1,379558.72
CUST36837774596,449.99,449.99,1,430524.61
CUST36837776147,463.11,463.11,1,339378.08
CUST36839410062,448.59,448.59,1,378674.62
CUST36840383344,1365.12,1365.12,1,62435.26
CUST36843811420,318.85,318.85,1,216157.13
CUST36845465231,197.84,197.84,1,154529.03
CUST36855676986,704.41,704.41,1,108756.5
CUST36868511469,132.51,132.51,1,332348.98
CUST36870799049,1160.6,1160.6,1,347275.53
CUST36878814280,220.14,220.14,1,362357.09
CUST36892011684,6155.21,6155.21,1,138379.47
CUST36900469323,249.91,249.91,1,348127.13
CUST36903129395,1634.0,1634.0,1,440795.66
CUST36906720194,312.65,312.65,1,487692.22
CUST36907947677,772.13,772.13,1,312850.14
CUST36909999664,5701.79,5701.79,1,128730.41
CUST36925035961,235.16,235.16,1,33075.03
CUST36929528735,673.35,673.35,1,108397.34
CUST36938013946,607.7,607.7,1,390636.68
CUST36940556580,1118.97,1118.97,1,195111.87
CUST36944215265,5559.47,5559.47,1,50547.09
CUST36951548463,876.9,876.9,1,451907.45
CUST36957427214,4824.63,4824.63,1,223470.52
CUST36958020087,484.94,484.94,1,111997.93
CUST36961571931,230.0,230.0,1,299234.66
CUST36965381314,1735.72,1735.72,1,92841.21
CUST36966658082,69.9,69.9,1,109480.61
CUST36970609742,1021.93,1021.93,1,451302.79
CUST36982024248,500.94,500.94,1,244380.85
CUST36982599323,808.59,808.59,1,294491.71
CUST36995178991,167.33,167.33,1,335118.07
CUST37005122995,581.19,581.19,1,318998.98
CUST37007540193,8210.68,8210.68,1,43679.46
CUST37008056862,583.78,583.78,1,5219.86
CUST37022695170,2483.05,2483.05,1,390798.81
CUST37033214226,1247.72,1247.72,1,239864.07
CUST37034906296,92.25,92.25,1,475799.93
CUST37035629033,444.72,444.72,1,265953.3
CUST37039481399,670.35,670.35,1,446119.49
CUST37042650760,92.96,92.96,1,310462.22
CUST37044641362,640.01,640.01,1,19018.05
CUST37050300362,63.36,63.36,1,441753.92
CUST37050606263,109.42,109.42,1,396255.73
CUST37053636568,581.45,581.45,1,218503.31
CUST37056044597,5556.59,5556.59,1,446125.33
CUST37056304730,125.04,125.04,1,270011.74
CUST37058254228,107.63,107.63,1,442100.53
CUST37059953879,4184.17,4184.17,1,34731.81
CUST37071788812,263.76,263.76,1,170414.39
CUST37073644846,798.05,798.05,1,450224.27
CUST37076163319,937.55,937.55,1,23194.87
CUST37080158923,4565.16,4565.16,1,33563.42
CUST37085820962,108.29,108.29,1,282351.86
CUST37086544067,377.75,377.75,1,409365.35
CUST37097364495,337.49,337.49,1,86431.99
CUST37098461026,729.91,729.91,1,336236.07
CUST37099383931,1712.28,1712.28,1,117955.8
CUST37108138572,1269.51,1269.51,1,276.32
CUST37111003410,885.35,885.35,1,273604.2
CUST37111491622,1024.59,1024.59,1,218943.89
CUST37113251850,29676.56,29676.56,1,325714.59
CUST37129537978,120.88,120.88,1,232637.69
CUST37143854182,1438.0,1438.0,1,240296.12
CUST37158507260,1224.72,1224.72,1,335809.51
CUST37162650602,367.45,367.45,1,193506.81
CUST37172581563,2881.16,2881.16,1,153840.9
CUST37176596444,3456.33,3456.33,1,317660.83
CUST37178380462,1063.42,1063.42,1,106529.12
CUST37178645193,221.23,221.23,1,77239.93
CUST37181833871,69.5,69.5,1,24079.93
CUST37185979916,76.56,76.56,1,65529.52
CUST37186311920,1365.2,1365.2,1,259738.15
CUST37195263962,696.1,696.1,1,146115.16
CUST37197171778,241.2,241.2,1,238492.64
CUST37202837955,177.54,177.54,1,48455.58
CUST37208336418,1813.03,1813.03,1,275335.81
CUST37214367625,241.17,241.17,1,358619.56
CUST37219837449,268.99,268.99,1,491476.98
CUST37220278036,614.34,614.34,1,232291.57
CUST37221777037,285.04,285.04,1,333509.71
CUST37237092623,360.34,360.34,1,491888.29
CUST37239273652,110.78,110.78,1,108003.61
CUST37241887029,175.07,175.07,1,242520.26
CUST37247738599,1055.02,1055.02,1,321951.36
CUST37248960116,1073.16,1073.16,1,262153.47
CUST37251758140,616.27,616.27,1,304012.5
CUST37252412431,5460.28,5460.28,1,56700.53
CUST37253270408,305.78,305.78,1,43396.3
CUST37256465211,99.26,99.26,1,387405.54
CUST37259942478,761.23,761.23,1,243952.91
CUST37263119540,401.21,401.21,1,427933.77
CUST37270010026,287.7,287.7,1,433028.75
CUST37270656099,1544.04,1544.04,1,206543.22
CUST37276262115,433.65,433.65,1,114960.76
CUST37286634638,573.15,573.15,1,255325.37
CUST37290427422,146.82,146.82,1,376092.2
CUST37292973987,3234.6,3234.6,1,402344.64
CUST37295098693,165.83,165.83,1,335784.83
CUST37297076881,1365.15,1365.15,1,422898.19
CUST37303004136,6775.74,6775.74,1,414179.56
CUST37306687290,97.4,97.4,1,280508.22
CUST37307257615,7437.03,7437.03,1,202576.82
CUST37307650355,188.74,188.74,1,87314.61
CUST37326729881,136.21,136.21,1,262249.79
CUST37326764123,1931.71,1931.71,1,450321.17
CUST37328051926,1881.34,1881.34,1,408558.64
CUST37332028043,304.22,304.22,1,320989.42
CUST37338035534,371.43,371.43,1,442518.05
CUST37341647925,2018.89,2018.89,1,496487.21
CUST37343921714,440.1,440.1,1,148153.72
CUST37360508247,1808.51,1808.51,1,415609.97
CUST37363202210,2664.32,2664.32,1,332671.19
CUST37381135025,718.13,718.13,1,245314.43
CUST37386414900,1517.61,1517.61,1,420570.38
CUST37391194149,358.49,358.49,1,384815.2
CUST37393401675,138.38,138.38,1,488897.4
CUST37396752019,231.39,231.39,1,334265.44
CUST37397406365,378.88,378.88,1,307812.69
CUST37399115028,714.06,714.06,1,430976.46
CUST37400829227,698.66,698.66,1,69952.4
CUST37404504393,1632.51,1632.51,1,316340.04
CUST37407692829,261.86,261.86,1,292944.41
CUST37407878759,54.93,54.93,1,341394.72
CUST37417308402,129.4,129.4,1,276448.54
CUST37427004877,356.31,356.31,1,36069.84
CUST37427132570,995.82,995.82,1,105507.07
CUST37436142299,264.61,264.61,1,323098.65
CUST37443388309,396.61,396.61,1,433736.72
CUST37448548012,313.98,313.98,1,423563.98
CUST37449846613,39208.3,39208.3,1,408323.98
CUST37449907809,363.87,363.87,1,203312.33
CUST37456691982,443.69,443.69,1,252253.01
CUST37456736993,1684.55,1684.55,1,286601.14
CUST37462893741,542.85,542.85,1,187451.46
CUST37464100040,1784.96,1784.96,1,126225.69
CUST37465841292,377.06,377.06,1,163546.52
CUST37478604492,5248.19,5248.19,1,135884.06
CUST37484317248,220.38,220.38,1,190784.22
CUST37486332323,473.3,473.3,1,224749.44
CUST37488062255,442.27,442.27,1,454930.9
CUST37491545632,284.3,284.3,1,255435.55
CUST37494930761,514.78,514.78,1,274977.82
CUST37497517014,182.7,182.7,1,390591.72
CUST37503047880,1767.07,1767.07,1,119440.06
CUST37506566283,1675.66,1675.66,1,107913.34
CUST37517797661,2065.93,2065.93,1,158652.97
CUST37521869691,12562.15,12562.15,1,46257.18
CUST37524276087,74.99,74.99,1,438518.71
CUST37526460109,6816.83,6816.83,1,268367.27
CUST37526534366,1093.31,1093.31,1,120218.32
CUST37526661220,1113.97,1113.97,1,497876.33
CUST37533872559,239.54,239.54,1,338328.47
CUST37534144112,941.54,941.54,1,358153.4
CUST37535847764,1770.52,1770.52,1,85829.74
CUST37540839536,203.53,203.53,1,450572.37
CUST37545785693,97.0,97.0,1,322351.42
CUST37554425705,475.87,475.87,1,495253.98
CUST37554585964,946.62,946.62,1,80685.04
CUST37555077442,465.47,465.47,1,134648.14
CUST37556168582,1047.63,1047.63,1,137483.17
CUST37556945244,520.83,520.83,1,271885.92
CUST37567294243,534.84,534.84,1,318249.28
CUST37570960653,1098.05,1098.05,1,1995.81
CUST37575162485,2955.75,2955.75,1,130237.8
CUST37576030950,106.26,106.26,1,333325.69
CUST37582483694,246.4,246.4,1,437547.65
CUST37590287422,2356.41,2356.41,1,138639.54
CUST37591121020,1255.66,1255.66,1,113748.65
CUST37591264386,1795.86,1795.86,1,490686.01
CUST37608231765,28.44,28.44,1,186753.57
CUST37619174421,214.89,214.89,1,20436.87
CUST37625129177,1545.86,1545.86,1,333921.15
CUST37628805568,8986.26,8986.26,1,264267.15
CUST37632300650,724.52,724.52,1,51604.76
CUST37634150241,1051.23,1051.23,1,44489.83
CUST37642658832,185.23,185.23,1,234954.63
CUST37653881353,262.68,262.68,1,244162.07
CUST37657678787,435.15,435.15,1,299797.86
CUST37658835136,746.27,746.27,1,124253.77
CUST37659255311,927.46,927.46,1,111948.41
CUST37661588233,637.95,637.95,1,322224.74
CUST37662049001,796.85,796.85,1,112018.52
CUST37662292699,159.93,159.93,1,281257.5
CUST37696436464,4718.88,4718.88,1,303790.57
CUST37697305929,1482.02,1482.02,1,203379.95
CUST37701869898,3349.32,3349.32,1,292673.22
CUST37715034918,854.99,854.99,1,21085.36
CUST37722210542,5790.07,5790.07,1,121894.94
CUST37722565689,4933.82,4933.82,1,115064.1
CUST37732252441,1111.98,1111.98,1,283792.98
CUST37734869254,594.47,594.47,1,254892.09
CUST37735597697,351.99,351.99,1,15356.94
CUST37746980527,83.2,83.2,1,139851.02
CUST37750245926,151.95,151.95,1,462377.81
CUST37756073307,195.52,195.52,1,278215.64
CUST37760267905,47097.42,47097.42,1,398482.74
CUST37769545890,161.48,161.48,1,377473.27
CUST37771812467,150.19,150.19,1,14305.8
CUST37781523534,829.64,829.64,1,474929.12
CUST37788391995,181.73,181.73,1,323297.06
CUST37792765188,37.18,37.18,1,111736.97
CUST37795930070,1072.09,1072.09,1,251195.77
CUST37802540173,506.02,506.02,1,380954.5
CUST37803082694,2318.26,2318.26,1,214114.75
CUST37803255628,1084.89,1084.89,1,275715.1
CUST37803309377,447.33,447.33,1,403541.34
CUST37807000448,457.21,457.21,1,380265.52
CUST37807918339,146.08,146.08,1,211809.78
CUST37820337303,698.53,698.53,1,154967.01
CUST37823642043,5154.33,5154.33,1,276504.37
CUST37825279996,115.06,115.06,1,160401.49
CUST37831700090,190.44,190.44,1,241077.57
CUST37838476184,15899.38,15899.38,1,402969.93
CUST37840177464,288.03,288.03,1,266169.31
CUST37842246970,432.85,432.85,1,491825.97
CUST37858321486,193.85,193.85,1,473692.62
CUST37861835914,4572.96,4572.96,1,49445.79
CUST37864902114,738.77,738.77,1,171941.19
CUST37867175379,299.85,299.85,1,3838.2
CUST37867858959,1097.64,1097.64,1,176586.49
CUST37869440731,350.23,350.23,1,337542.48
CUST37870002590,226.16,226.16,1,63876.65
CUST37872124361,975.02,975.02,1,441910.83
CUST37882910584,348.28,348.28,1,350187.55
CUST37883604486,265.61,265.61,1,397671.18
CUST37883854580,116.92,116.92,1,159120.57
CUST37888641415,2124.22,2124.22,1,215423.09
CUST37894981860,94.95,94.95,1,480873.99
CUST37895649361,589.68,589.68,1,39353.08
CUST37897215958,208.14,208.14,1,216177.71
CUST37898180759,140.82,140.82,1,124099.85
CUST37901061327,84.57,84.57,1,249426.94
CUST37901916816,612.91,612.91,1,204433.97
CUST37902937780,451.07,451.07,1,446799.61
CUST37909830688,7149.41,7149.41,1,104296.14
CUST37925730983,4889.42,4889.42,1,301197.29
CUST37926182858,16179.41,16179.41,1,389121.61
CUST37934978949,175.19,175.19,1,189799.25
CUST37944330837,250.79,250.79,1,398271.51
CUST37948902155,423.84,423.84,1,304070.42
CUST37957135155,353.64,353.64,1,230437.39
CUST37957663338,8851.34,8851.34,1,48026.69
CUST37959476166,1560.41,1560.41,1,329346.97
CUST37974633232,292.78,292.78,1,337957.55
CUST37975299938,339.26,339.26,1,348339.71
CUST37976502821,107.85,107.85,1,411057.43
CUST37977002405,781.57,781.57,1,321374.51
CUST37987185212,157.58,157.58,1,3236.95
CUST37987892601,2134.25,2134.25,1,167376.63
CUST37988641320,3775.41,3775.41,1,27488.39
CUST37989437208,379.16,379.16,1,443155.98
CUST37995923957,1550.36,1550.36,1,299077.47
CUST37997993754,1185.92,1185.92,1,291542.99
CUST37998006900,466.66,466.66,1,457047.19
CUST38001615056,8377.86,8377.86,1,214251.83
CUST38004406213,747.61,747.61,1,211137.28
CUST38005399077,42.02,42.02,1,265050.41
CUST38013146959,1792.06,1792.06,1,242544.24
CUST38021846968,1250.4,1250.4,1,430833.84
CUST38028967723,54.01,54.01,1,221544.19
CUST38032447511,2869.4,2869.4,1,92365.1
CUST38039406765,3745.54,3745.54,1,253666.93
CUST38041517421,1205.5,1205.5,1,421605.54
CUST38045433989,48.89,48.89,1,172837.51
CUST38046682196,321.47,321.47,1,278434.69
CUST38048274255,3534.98,3534.98,1,294008.87
CUST38054447660,571.82,571.82,1,498716.0
CUST38060056510,1121.43,1121.43,1,484238.25
CUST38061558185,226.92,226.92,1,267848.51
CUST38067047722,347.09,347.09,1,56850.05
CUST38067818237,537.59,537.59,1,263384.27
CUST38068490938,517.71,517.71,1,297862.96
CUST38079878127,504.59,504.59,1,198026.1
CUST38080179092,336.34,336.34,1,364390.41
CUST38080519624,464.67,464.67,1,104831.09
CUST38088314511,903.9,903.9,1,28792.57
CUST38088485469,53.64,53.64,1,212750.02
CUST38093816693,694.3,694.3,1,247660.93
CUST38097567839,96.83,96.83,1,214929.48
CUST38100616281,828.21,828.21,1,259519.74
CUST38100882975,4092.46,4092.46,1,235830.73
CUST38102559625,814.13,814.13,1,193647.3
CUST38103306433,931.54,931.54,1,308914.36
CUST38121000362,91.51,91.51,1,199458.9
CUST38132657936,1687.16,1687.16,1,271973.94
CUST38145572044,1191.65,1191.65,1,160528.74
CUST38145869426,4066.36,4066.36,1,70065.83
CUST38155188746,1688.35,1688.35,1,70725.85
CUST38166111410,2899.07,2899.07,1,405904.75
CUST38183546050,452.17,452.17,1,49017.34
CUST38186068863,123.73,123.73,1,77978.74
CUST38190780027,1432.76,1432.76,1,421864.83
CUST38197618652,416.92,416.92,1,183065.96
CUST38208098201,48.34,48.34,1,313832.14
CUST38220330674,176.23,176.23,1,328616.1
CUST38227623069,1372.98,1372.98,1,343829.94
CUST38229226340,612.4,612.4,1,194270.91
CUST38236673594,550.16,550.16,1,51479.57
CUST38237273018,120.83,120.83,1,391376.42
CUST38240045107,164.25,164.25,1,168250.47
CUST38240251842,557.18,557.18,1,480562.86
CUST38245471727,819.07,819.07,1,61920.69
CUST38247712406,594.03,594.03,1,5000.37
CUST38249214303,5919.74,5919.74,1,241806.83
CUST38250743054,560.67,560.67,1,253083.98
CUST38251573698,3427.25,3427.25,1,128127.82
CUST38254399455,2533.79,2533.79,1,193748.69
CUST38254799298,10759.57,10759.57,1,264308.48
CUST38259214047,496.53,496.53,1,153383.45
CUST38274809829,3434.25,3434.25,1,169361.0
CUST38279363191,845.77,845.77,1,121901.05
CUST38296934951,342.14,342.14,1,400520.66
CUST38311910314,359.35,359.35,1,326395.63
CUST38312006557,995.55,995.55,1,336447.91
CUST38319541609,1939.41,1939.41,1,34234.56
CUST38323282153,200.3,200.3,1,195252.82
CUST38328196399,593.74,593.74,1,63017.87
CUST38339702227,4841.3,4841.3,1,364180.02
CUST38353579136,447.2,447.2,1,78569.08
CUST38360496800,595.45,595.45,1,341213.3
CUST38368480486,221.05,221.05,1,69183.71
CUST38376434567,349.14,349.14,1,174349.29
CUST38382771161,372.06,372.06,1,276333.21
CUST38383588402,372.02,372.02,1,34779.0
CUST38399288026,667.54,667.54,1,496154.36
CUST38407400905,881.5,881.5,1,24473.32
CUST38408155730,767.57,767.57,1,223937.97
CUST38410389198,709.25,709.25,1,284579.68
CUST38410688528,541.22,541.22,1,256169.36
CUST38412522316,834.73,834.73,1,207544.56
CUST38423351784,324.88,324.88,1,241866.23
CUST38437035159,136.76,136.76,1,370050.56
CUST38437494845,1549.93,1549.93,1,115206.78
CUST38443785038,2958.83,2958.83,1,309690.98
CUST38446208642,276.91,276.91,1,376049.53
CUST38446689659,125.21,125.21,1,492548.35
CUST38446825834,442.4,442.4,1,28401.24
CUST38451988526,3211.16,3211.16,1,420740.04
CUST38454598401,394.59,394.59,1,413285.17
CUST38462752612,868.57,868.57,1,21998.92
CUST38463090315,1640.48,1640.48,1,104246.92
CUST38470870250,265.48,265.48,1,88385.51
CUST38483883254,2074.84,2074.84,1,461063.13
CUST38489266273,337.4,337.4,1,59174.43
CUST38495628426,439.55,439.55,1,409837.78
CUST38509421573,281.62,281.62,1,129155.85
CUST38526558661,288.72,288.72,1,364109.39
CUST38535674347,458.42,458.42,1,457684.71
CUST38552126597,218.08,218.08,1,71477.79
CUST38554626990,339.83,339.83,1,198612.64
CUST38558158490,288.61,288.61,1,357258.44
CUST38566985165,570.01,570.01,1,374549.46
CUST38569124473,1421.51,1421.51,1,164005.53
CUST38569236201,1335.84,1335.84,1,251915.22
CUST38572210356,2251.98,2251.98,1,92650.94
CUST38574149210,4236.03,4236.03,1,23287.45
CUST38575483445,591.45,591.45,1,372083.36
CUST38581160709,1726.57,1726.57,1,196065.93
CUST38582449125,1980.85,1980.85,1,434461.94
CUST38586220343,334.52,334.52,1,85453.2
CUST38597113896,1557.18,1557.18,1,101582.05
CUST38598310019,19028.99,19028.99,1,226412.2
CUST38605463229,983.8,983.8,1,256998.94
CUST38613036786,302.61,302.61,1,42413.6
CUST38618621773,15658.43,15658.43,1,392554.64
CUST38626030852,2550.01,2550.01,1,41970.62
CUST38634183412,16649.12,16649.12,1,118326.08
CUST38635912835,210.05,210.05,1,467240.8
CUST38637236372,2455.76,2455.76,1,267728.7
CUST38643254771,1179.78,1179.78,1,316219.31
CUST38648293240,5032.08,5032.08,1,405686.98
CUST38648737273,1776.07,1776.07,1,104703.55
CUST38650131267,343.7,343.7,1,462518.31
CUST38652470939,117.34,117.34,1,75036.5
CUST38665961998,2064.46,2064.46,1,287020.93
CUST38666420555,2535.53,2535.53,1,230216.88
CUST38671404444,948.97,948.97,1,313438.29
CUST38675863078,463.96,463.96,1,301736.74
CUST38676397427,614.21,614.21,1,417357.91
CUST38678147027,1338.72,1338.72,1,338698.39
CUST38684962987,115.07,115.07,1,9495.59
CUST38697448305,343.53,343.53,1,360316.81
CUST38711199343,350.54,350.54,1,287302.98
CUST38712670367,294.58,294.58,1,8224.04
CUST38712879821,160.2,160.2,1,55562.39
CUST38714710361,649.73,649.73,1,316658.94
CUST38717645910,459.47,459.47,1,476225.98
CUST38722718423,762.81,762.81,1,316661.54
CUST38723383352,619.91,619.91,1,429236.34
CUST38723824614,1377.88,1377.88,1,284195.78
CUST38725651247,357.07,357.07,1,374280.37
CUST38735351677,1303.7,1303.7,1,311934.9
CUST38736347033,3283.34,3283.34,1,11556.39
CUST38741794838,79.46,79.46,1,48251.95
CUST38745778207,465.09,465.09,1,232610.79
CUST38745842399,580.07,580.07,1,332738.52
CUST38751797567,74.86,74.86,1,333539.39
CUST38753572814,177.93,177.93,1,440470.2
CUST38753917952,4136.15,4136.15,1,367300.68
CUST38754974946,538.29,538.29,1,106354.44
CUST38756588713,1529.52,1529.52,1,499144.39
CUST38759777418,574.98,574.98,1,14159.38
CUST38773732684,473.44,473.44,1,496942.54
CUST38779666124,202.62,202.62,1,391559.41
CUST38780742890,1230.06,1230.06,1,149146.26
CUST38780992902,1509.11,1509.11,1,487318.94
CUST38785373823,452.39,452.39,1,192077.3
CUST38787768307,137.14,137.14,1,320912.57
CUST38788116101,63.19,63.19,1,4152.64
CUST38790386513,3159.53,3159.53,1,277656.0
CUST38794051015,800.57,800.57,1,399179.51
CUST38795991775,324.72,324.72,1,102624.07
CUST38796183528,2087.05,2087.05,1,457107.75
CUST38799162587,590.61,590.61,1,375590.79
CUST38802168829,863.24,863.24,1,70050.63
CUST38805963726,192.27,192.27,1,283754.59
CUST38806364505,1783.71,1783.71,1,274935.88
CUST38806553289,1691.07,1691.07,1,416763.97
CUST38809387757,1974.55,1974.55,1,16320.24
CUST38822131446,1705.42,1705.42,1,290766.9
CUST38823978757,281.83,281.83,1,150306.5
CUST38825078711,468.93,468.93,1,365743.95
CUST38827346399,2949.55,2949.55,1,248439.46
CUST38828695947,741.17,741.17,1,377469.67
CUST38837567477,1284.57,1284.57,1,461640.83
CUST38840319463,433.73,433.73,1,113635.84
CUST38840431308,678.77,678.77,1,120247.13
CUST38841850299,4557.92,4557.92,1,297740.77
CUST38849994924,113.77,113.77,1,206544.59
CUST38857845874,4701.74,4701.74,1,278397.48
CUST38860422399,2126.03,2126.03,1,250561.69
CUST38861594677,918.68,918.68,1,8741.75
CUST38861770474,179.27,179.27,1,366217.47
CUST38862428943,6021.28,6021.28,1,275930.91
CUST38862778393,24837.47,24837.47,1,280533.36
CUST38866676245,2071.04,2071.04,1,303018.56
CUST38869369006,2267.67,2267.67,1,157361.71
CUST38875375570,257.5,257.5,1,455998.16
CUST38876856315,334.06,334.06,1,386587.62
CUST38882010402,763.01,763.01,1,417269.68
CUST38885763796,7630.93,7630.93,1,469901.16
CUST38887916981,598.88,598.88,1,442570.15
CUST38888726422,9304.31,9304.31,1,387397.02
CUST38890236485,393.65,393.65,1,406797.18
CUST38891825436,10492.78,10492.78,1,110887.34
CUST38893230592,1647.67,1647.67,1,285399.73
CUST38893399278,198.54,198.54,1,188328.68
CUST38897190206,1921.13,1921.13,1,245219.79
CUST38912627809,377.85,377.85,1,290569.69
CUST38915176988,1287.46,1287.46,1,341184.83
CUST38918097550,362.85,362.85,1,22189.11
CUST38921146359,10744.49,10744.49,1,342921.3
CUST38921975333,249.78,249.78,1,393877.62
CUST38927145394,11437.8,11437.8,1,246207.78
CUST38930129575,2173.62,2173.62,1,189833.28
CUST38931836525,5427.85,5427.85,1,204155.1
CUST38935143756,5703.75,5703.75,1,139614.82
CUST38946395164,159.97,159.97,1,436645.04
CUST38947224061,4739.83,4739.83,1,427641.62
CUST38950245101,734.17,734.17,1,373239.99
CUST38958325552,2374.24,2374.24,1,336676.33
CUST38959442158,508.57,508.57,1,398262.25
CUST38960718099,160.14,160.14,1,289190.59
CUST38961132771,773.11,773.11,1,280220.58
CUST38964467310,1615.31,1615.31,1,268407.71
CUST38970732313,14929.27,14929.27,1,86929.11
CUST38975308572,1307.93,1307.93,1,299983.16
CUST38975880190,3959.94,3959.94,1,165610.95
CUST38979160151,3830.32,3830.32,1,291790.15
CUST38990694012,1387.26,1387.26,1,333440.56
CUST38999613828,8455.84,8455.84,1,449038.18
CUST39005502473,108.29,108.29,1,448271.27
CUST39007979657,5180.1,5180.1,1,289447.2
CUST39014528578,3522.86,3522.86,1,138997.55
CUST39021958259,645.84,645.84,1,355495.43
CUST39029156914,1192.27,1192.27,1,367029.56
CUST39029944870,130.1,130.1,1,107682.21
CUST39033222213,2177.98,2177.98,1,437781.48
CUST39034373969,252.56,252.56,1,122933.83
CUST39035843073,948.83,948.83,1,141021.52
CUST39036180555,874.13,874.13,1,162150.28
CUST39041174940,891.43,891.43,1,399789.35
CUST39046226490,154.64,154.64,1,262602.42
CUST39051984882,363.75,363.75,1,325654.71
CUST39074067378,10130.95,10130.95,1,147688.85
CUST39076020941,4253.39,4253.39,1,154154.55
CUST39079959882,6767.06,6767.06,1,417596.98
CUST39088034460,968.71,968.71,1,267277.34
CUST39089398441,386.04,386.04,1,239982.51
CUST39090248006,2945.81,2945.81,1,387472.3
CUST39093466591,575.31,575.31,1,85814.41
CUST39095036526,594.51,594.51,1,250388.41
CUST39098260060,162.66,162.66,1,183625.45
CUST39102083322,426.34,426.34,1,290530.93
CUST39106224723,263.8,263.8,1,239645.06
CUST39115047074,146.12,146.12,1,222443.56
CUST39127123059,247.91,247.91,1,277970.45
CUST39131307235,342.61,342.61,1,431366.57
CUST39136353001,181.6,181.6,1,29926.93
CUST39143870008,102.62,102.62,1,29232.95
CUST39148076606,9714.6,9714.6,1,306885.22
CUST39156189340,351.79,351.79,1,309198.22
CUST39171386856,95.61,95.61,1,127384.26
CUST39186025550,1999.01,1999.01,1,240967.48
CUST39197672635,10216.73,10216.73,1,403481.03
CUST39206659744,806.75,806.75,1,123383.85
CUST39206868869,2482.67,2482.67,1,407532.76
CUST39207563503,12845.93,12845.93,1,265407.83
CUST39213900110,874.33,874.33,1,260191.06
CUST39219788846,3905.06,3905.06,1,33009.57
CUST39222018018,243.73,243.73,1,275813.47
CUST39226871565,196.49,196.49,1,69029.67
CUST39235710006,545.33,545.33,1,116927.46
CUST39238166243,4671.32,4671.32,1,434806.68
CUST39238371556,339.11,339.11,1,386221.24
CUST39240586020,1151.83,1151.83,1,335940.81
CUST39241666133,43.87,43.87,1,117270.68
CUST39244194905,7057.0,7057.0,1,293597.04
CUST39244813201,1218.71,1218.71,1,344003.3
CUST39245871877,3014.87,3014.87,1,43531.66
CUST39262763982,809.75,809.75,1,205966.42
CUST39263688727,670.16,670.16,1,165593.99
CUST39264294509,2009.82,2009.82,1,215124.68
CUST39271196886,506.73,506.73,1,76108.66
CUST39271965560,486.36,486.36,1,413981.47
CUST39280138631,315.96,315.96,1,190227.63
CUST39280773737,387.53,387.53,1,393644.23
CUST39281998627,222.75,222.75,1,118601.44
CUST39291249497,1654.45,1654.45,1,43671.82
CUST39298970245,648.44,648.44,1,482281.3
CUST39300908641,543.55,543.55,1,13070.66
CUST39300912638,1066.83,1066.83,1,424389.22
CUST39310341477,900.04,900.04,1,357608.19
CUST39311398349,551.9,551.9,1,499027.6
CUST39317769431,2731.7,2731.7,1,240016.64
CUST39319605472,2867.45,2867.45,1,50014.97
CUST39320814241,106.2,106.2,1,71576.59
CUST39324884525,392.26,392.26,1,397550.55
CUST39331210732,3528.09,3528.09,1,457521.67
CUST39336758636,5015.32,5015.32,1,15200.72
CUST39339559781,1684.35,1684.35,1,29619.53
CUST39340632451,1375.45,1375.45,1,306994.45
CUST39342427845,599.61,599.61,1,301408.01
CUST39348318917,16066.69,16066.69,1,2489.3
CUST39350498894,112.25,112.25,1,247571.9
CUST39352817142,412.16,412.16,1,491672.03
CUST39362214705,1158.15,1158.15,1,87661.25
CUST39370343089,94.6,94.6,1,181242.66
CUST39380487124,3408.55,3408.55,1,250393.75
CUST39388073623,573.01,573.01,1,401388.92
CUST39396867435,228.56,228.56,1,364521.63
CUST39414491938,600.76,600.76,1,70349.22
CUST39415108329,6153.7,6153.7,1,134006.61
CUST39423926304,149.57,149.57,1,461229.9
CUST39427083962,181.55,181.55,1,494314.48
CUST39427356119,548.82,548.82,1,52514.8
CUST39432074198,1833.27,1833.27,1,144494.97
CUST39435240845,5717.23,5717.23,1,69711.35
CUST39437236365,366.77,366.77,1,228768.21
CUST39438816139,2119.21,2119.21,1,388722.85
CUST39442414731,645.8,645.8,1,17522.27
CUST39443837989,472.48,472.48,1,410575.39
CUST39446159296,1572.02,1572.02,1,461098.93
CUST39447746310,7194.79,7194.79,1,64249.89
CUST39450558444,249.62,249.62,1,63805.07
CUST39457011530,2487.89,2487.89,1,417713.22
CUST39463937159,853.87,853.87,1,309319.66
CUST39466062345,1130.25,1130.25,1,318355.81
CUST39467112847,386.94,386.94,1,31334.21
CUST39473415491,1795.87,1795.87,1,231577.15
CUST39488008844,3309.19,3309.19,1,296798.54
CUST39488803295,864.36,864.36,1,7400.18
CUST39489560123,304.68,304.68,1,164217.41
CUST39493325855,995.36,995.36,1,404454.45
CUST39498239287,229.87,229.87,1,384390.61
CUST39502332327,204.51,204.51,1,42508.26
CUST39502474857,727.25,727.25,1,93749.35
CUST39503032621,2628.15,2628.15,1,49722.2
CUST39508175016,557.22,557.22,1,360487.79
CUST39508886291,1371.54,1371.54,1,259863.13
CUST39525957065,1219.13,1219.13,1,185181.27
CUST39526654195,41.79,41.79,1,118992.76
CUST39534567393,235.39,235.39,1,197543.14
CUST39539315623,474.82,474.82,1,157974.01
CUST39542017211,133.71,133.71,1,469039.86
CUST39548490085,571.96,571.96,1,258748.76
CUST39564584288,1902.82,1902.82,1,337997.63
CUST39571923241,356.01,356.01,1,461899.31
CUST39578599229,15.43,15.43,1,252260.21
CUST39586546201,160.83,160.83,1,466009.76
CUST39594859818,70.49,70.49,1,308937.46
CUST39596029186,36035.65,36035.65,1,82792.4
CUST39601553390,393.51,393.51,1,140272.88
CUST39606198671,660.04,660.04,1,64857.91
CUST39608335849,884.26,884.26,1,431508.9
CUST39610749231,589.5,589.5,1,129345.17
CUST39613158450,972.13,972.13,1,50900.19
CUST39617990439,273.07,273.07,1,497632.95
CUST39618062229,306.43,306.43,1,12280.8
CUST39623809326,469.87,469.87,1,34130.64
CUST39631769153,216.58,216.58,1,369105.87
CUST39632635711,759.0,759.0,1,49970.57
CUST39640296468,13214.61,13214.61,1,95572.95
CUST39640543155,272.93,272.93,1,262647.37
CUST39644872387,4955.96,4955.96,1,33134.48
CUST39649331179,683.21,683.21,1,59136.41
CUST39652215636,2760.67,2760.67,1,130386.96
CUST39655341865,8591.85,8591.85,1,269656.1
CUST39659992475,288.15,288.15,1,441895.66
CUST39660095297,932.85,932.85,1,218686.57
CUST39669428612,1641.36,1641.36,1,346517.18
CUST39670462151,523.95,523.95,1,392795.48
CUST39672107897,731.99,731.99,1,28463.19
CUST39676617623,800.08,800.08,1,222469.87
CUST39679259045,1543.55,1543.55,1,476332.36
CUST39687952263,130.35,130.35,1,55652.37
CUST39694997291,2632.03,2632.03,1,94493.35
CUST39696414903,1538.28,1538.28,1,361442.95
CUST39704084949,500.91,500.91,1,221013.11
CUST39709544142,307.24,307.24,1,246797.61
CUST39709661079,224.07,224.07,1,57521.56
CUST39711035620,483.49,483.49,1,10412.59
CUST39713651491,3126.34,3126.34,1,254875.37
CUST39718571361,87.01,87.01,1,64033.45
CUST39720650824,297.87,297.87,1,495510.81
CUST39720728542,2309.73,2309.73,1,124242.09
CUST39727009660,253.98,253.98,1,274753.31
CUST39732035898,416.09,416.09,1,50229.76
CUST39735695131,877.71,877.71,1,211639.19
CUST39744125141,560.0,560.0,1,71126.7
CUST39744835495,515.21,515.21,1,275205.16
CUST39756275324,1310.47,1310.47,1,386666.21
CUST39758506988,1451.01,1451.01,1,126919.39
CUST39780580932,4287.19,4287.19,1,240540.75
CUST39784870264,688.63,688.63,1,385963.91
CUST39789049403,72.72,72.72,1,314077.88
CUST39790392884,1334.01,1334.01,1,3087.35
CUST39794885595,791.1,791.1,1,212925.69
CUST39805541665,4860.07,4860.07,1,412923.74
CUST39809632124,398.92,398.92,1,101738.92
CUST39809942850,141.2,141.2,1,19588.88
CUST39813663948,220.47,220.47,1,289307.97
CUST39813723109,773.78,773.78,1,346887.11
CUST39820408251,371.37,371.37,1,469379.12
CUST39825120472,556.2,556.2,1,161330.18
CUST39826481049,229.42,229.42,1,423883.02
CUST39828461348,170.21,170.21,1,290686.88
CUST39845687590,163.74,163.74,1,252836.9
CUST39845948777,3968.75,3968.75,1,218752.08
CUST39848347190,136.67,136.67,1,86390.55
CUST39850070456,3977.56,3977.56,1,322650.42
CUST39853692364,1613.09,1613.09,1,452100.32
CUST39865962172,822.38,822.38,1,85748.95
CUST39869148362,3319.02,3319.02,1,351100.3
CUST39873110038,2059.06,2059.06,1,396703.39
CUST39879017228,1465.89,1465.89,1,58638.96
CUST39881833532,486.69,486.69,1,36073.89
CUST39882288802,230.3,230.3,1,226455.67
CUST39890820275,196.09,196.09,1,94061.5
CUST39896822137,12205.97,12205.97,1,175226.52
CUST39906709603,951.01,951.01,1,252396.84
CUST39911397046,758.9,758.9,1,389056.13
CUST39915504753,527.14,527.14,1,74875.01
CUST39918723139,201.22,201.22,1,271006.37
CUST39919496260,354.68,354.68,1,203749.29
CUST39919750518,228.41,228.41,1,399823.15
CUST39922620226,136.3,136.3,1,364249.67
CUST39931234023,806.07,806.07,1,304820.64
CUST39932167977,943.68,943.68,1,123433.09
CUST39933616957,442.33,442.33,1,282888.6
CUST39942683320,3217.9,3217.9,1,351817.72
CUST39945277519,206.41,206.41,1,299536.76
CUST39948472499,393.72,393.72,1,194572.71
CUST39952132945,763.29,763.29,1,450667.7
CUST39953811821,679.73,679.73,1,26719.61
CUST39961602614,1195.7,1195.7,1,377260.29
CUST39964307187,964.55,964.55,1,380385.57
CUST39969134627,539.97,539.97,1,221188.46
CUST39971592531,2342.15,2342.15,1,299468.58
CUST39991556859,8914.15,8914.15,1,366443.1
CUST39992204158,777.4,777.4,1,411269.41
CUST39995578514,786.99,786.99,1,8967.39
CUST40002543064,11332.98,11332.98,1,361155.33
CUST40013506594,134.11,134.11,1,330006.49
CUST40020577624,1029.31,1029.31,1,153676.99
CUST40024231579,798.98,798.98,1,399949.35
CUST40027146785,272.48,272.48,1,104399.31
CUST40038259987,163.19,163.19,1,146206.1
CUST40042139339,2023.75,2023.75,1,106508.27
CUST40060745540,99.52,99.52,1,206245.34
CUST40069037733,1638.79,1638.79,1,410900.75
CUST40079218752,2743.95,2743.95,1,91908.7
CUST40081193170,198.19,198.19,1,218435.29
CUST40083371680,1906.71,1906.71,1,314390.4
CUST40083873297,928.17,928.17,1,106298.63
CUST40087158928,1237.36,1237.36,1,487030.76
CUST40089726352,2037.56,2037.56,1,298436.05
CUST40090227891,3180.77,3180.77,1,202108.02
CUST40100476631,342.34,342.34,1,498304.48
CUST40100599552,750.93,750.93,1,57561.85
CUST40101435010,248.81,248.81,1,422182.41
CUST40102542080,709.14,709.14,1,407254.03
CUST40104498431,3237.02,3237.02,1,339111.64
CUST40110426767,6694.1,6694.1,1,252764.61
CUST40121121913,608.32,608.32,1,418352.46
CUST40127020182,415.0,415.0,1,476835.35
CUST40130586962,902.39,902.39,1,188499.71
CUST40134628502,607.78,607.78,1,451685.91
CUST40143354917,144.22,144.22,1,107767.25
CUST40145892114,343.0,343.0,1,80341.8
CUST40147638424,139.64,139.64,1,421328.24
CUST40149175727,314.47,314.47,1,105055.29
CUST40154511357,41.54,41.54,1,378905.89
CUST40161097556,199.12,199.12,1,285235.58
CUST40165680305,3042.76,3042.76,1,114442.76
CUST40171566351,514.87,514.87,1,196754.47
CUST40171712726,259.12,259.12,1,350195.9
CUST40172790031,2622.86,2622.86,1,186267.47
CUST40175838933,252.68,252.68,1,290415.59
CUST40176957864,258.39,258.39,1,128801.44
CUST40185827756,54.49,54.49,1,390185.94
CUST40189430221,2642.01,2642.01,1,339819.65
CUST40192567051,971.29,971.29,1,179658.44
CUST40199380702,1357.99,1357.99,1,268034.43
CUST40210211607,1857.37,1857.37,1,128375.14
CUST40210305977,828.09,828.09,1,200829.91
CUST40221558772,148.98,148.98,1,214922.91
CUST40221595405,380.33,380.33,1,127282.61
CUST40224786117,304.93,304.93,1,354830.46
CUST40226515148,131.02,131.02,1,147700.02
CUST40236037374,1126.93,1126.93,1,3172.18
CUST40236078782,532.43,532.43,1,92476.35
CUST40237802192,126.42,126.42,1,330373.49
CUST40246185275,3286.65,3286.65,1,158209.11
CUST40247529489,4163.84,4163.84,1,280615.59
CUST40250413006,1990.58,1990.58,1,281947.01
CUST40250779314,475.77,475.77,1,418677.98
CUST40258537310,657.65,657.65,1,355930.54
CUST40259797563,106.42,106.42,1,363652.85
CUST40262464226,219.87,219.87,1,443142.07
CUST40263786418,2198.45,2198.45,1,307241.17
CUST40265571469,11325.71,11325.71,1,144148.98
CUST40271249679,2571.09,2571.09,1,242851.04
CUST40272212022,5785.22,5785.22,1,114610.75
CUST40280663623,222.38,222.38,1,136028.7
CUST40283411125,259.22,259.22,1,408212.92
CUST40284940511,738.98,738.98,1,312024.14
CUST40294546007,3568.91,3568.91,1,138322.75
CUST40302084478,25.66,25.66,1,475217.82
CUST40306951892,269.92,269.92,1,28003.74
CUST40308908758,277.32,277.32,1,213015.13
CUST40309567921,1426.67,1426.67,1,69557.6
CUST40323979844,299.04,299.04,1,43684.37
CUST40330443431,232.22,232.22,1,473290.29
CUST40334188331,640.74,640.74,1,287273.35
CUST40337383483,627.16,627.16,1,229789.05
CUST40348845829,2152.76,2152.76,1,210299.73
CUST40348975134,2847.98,2847.98,1,39122.24
CUST40349544884,140.64,140.64,1,355230.09
CUST40353536165,1588.35,1588.35,1,19029.08
CUST40356888064,2969.55,2969.55,1,79258.82
CUST40361821561,401.43,401.43,1,275533.21
CUST40362288648,266.62,266.62,1,226241.0
CUST40362402820,550.14,550.14,1,63246.83
CUST40367551630,135.11,135.11,1,418224.57
CUST40367934702,1297.87,1297.87,1,449891.79
CUST40372940607,125.4,125.4,1,431820.29
CUST40377742038,430.79,430.79,1,52040.82
CUST40385650188,1463.49,1463.49,1,144689.63
CUST40397312893,774.73,774.73,1,276246.09
CUST40410503158,262.32,262.32,1,453229.73
CUST40422602016,921.44,921.44,1,228283.03
CUST40426818569,405.17,405.17,1,482766.63
CUST40431114632,161.74,161.74,1,141238.82
CUST40436928090,2546.7,2546.7,1,482121.97
CUST40440155410,4300.89,4300.89,1,480572.57
CUST40442980223,2696.98,2696.98,1,43825.74
CUST40450575442,4603.37,4603.37,1,249512.39
CUST40452881611,1144.64,1144.64,1,293083.7
CUST40456378033,492.92,492.92,1,161655.7
CUST40463459810,197.13,197.13,1,109070.31
CUST40464594047,6529.03,6529.03,1,14290.03
CUST40465215928,4135.74,4135.74,1,109134.42
CUST40474218292,1946.51,1946.51,1,192602.69
CUST40478030679,419.04,419.04,1,199488.33
CUST40486485079,2495.68,2495.68,1,164853.04
CUST40488183771,21780.22,21780.22,1,213795.82
CUST40492883434,1298.26,1298.26,1,228533.56
CUST40493965229,290.97,290.97,1,107522.5
CUST40495049761,174.33,174.33,1,57786.44
CUST40495262406,1522.58,1522.58,1,132550.15
CUST40496266550,1196.32,1196.32,1,344072.04
CUST40500503466,668.91,668.91,1,289257.2
CUST40502330630,587.64,587.64,1,387291.05
CUST40504836644,799.71,799.71,1,5978.86
CUST40505333346,367.84,367.84,1,354549.29
CUST40508004393,241.84,241.84,1,152845.04
CUST40508409457,4539.0,4539.0,1,460637.83
CUST40533141697,902.24,902.24,1,221935.86
CUST40537246339,80.73,80.73,1,426825.05
CUST40544982550,314.45,314.45,1,27856.0
CUST40545597160,12879.91,12879.91,1,285577.04
CUST40547138220,543.88,543.88,1,309314.78
CUST40547730572,335.41,335.41,1,439403.34
CUST40550233058,1781.17,1781.17,1,473261.99
CUST40550439515,276.38,276.38,1,394297.64
CUST40550734583,159.36,159.36,1,101080.14
CUST40553009618,751.42,751.42,1,225571.62
CUST40554957648,760.66,760.66,1,354474.06
CUST40560804361,6002.75,6002.75,1,124434.04
CUST40563638658,52.45,52.45,1,377099.76
CUST40564961894,82.28,82.28,1,242863.6
CUST40565706026,2565.98,2565.98,1,115767.93
CUST40566126279,34775.57,34775.57,1,459998.47
CUST40574140840,172.57,172.57,1,372658.22
CUST40578170086,44.36,44.36,1,459318.25
CUST40578220125,346.42,346.42,1,404687.13
CUST40585460597,186.58,186.58,1,169601.35
CUST40588183960,523.28,523.28,1,216015.6
CUST40592606387,1090.41,1090.41,1,182942.62
CUST40605941401,2041.23,2041.23,1,144074.88
CUST40610215418,153.43,153.43,1,124274.57
CUST40612743784,1663.41,1663.41,1,301477.73
CUST40614631086,82.3,82.3,1,245276.72
CUST40619739959,802.02,802.02,1,240916.15
CUST40620915451,939.0,939.0,1,331317.61
CUST40639136717,3585.03,3585.03,1,270568.6
CUST40649035198,784.5,784.5,1,477704.26
CUST40650009944,216.92,216.92,1,334190.26
CUST40675589988,113.38,113.38,1,16328.41
CUST40682293599,258.53,258.53,1,245120.35
CUST40692687812,1180.35,1180.35,1,209104.95
CUST40695226903,130.91,130.91,1,285789.78
CUST40717566978,923.21,923.21,1,112372.81
CUST40721042895,144.26,144.26,1,111459.15
CUST40734073131,1073.18,1073.18,1,88255.71
CUST40740805032,525.11,525.11,1,113402.74
CUST40740919440,104.79,104.79,1,182346.96
CUST40743261530,608.71,608.71,1,421944.33
CUST40743489003,6972.22,6972.22,1,400462.86
CUST40744133233,407.93,407.93,1,161990.02
CUST40748441144,908.05,908.05,1,398298.96
CUST40749605780,2793.31,2793.31,1,244684.92
CUST40763177312,109.83,109.83,1,48704.21
CUST40763846826,211.07,211.07,1,145047.77
CUST40766077718,1207.71,1207.71,1,44225.25
CUST40770470322,1246.36,1246.36,1,382710.87
CUST40777540348,493.2,493.2,1,44494.01
CUST40780576299,215.35,215.35,1,472384.4
CUST40780672458,803.06,803.06,1,449279.44
CUST40783529848,1471.29,1471.29,1,461681.92
CUST40792441186,4572.61,4572.61,1,153566.07
CUST40797404547,512.86,512.86,1,374581.63
CUST40800369010,265.93,265.93,1,287574.05
CUST40805199698,4348.56,4348.56,1,436588.9
CUST40808528215,2855.25,2855.25,1,213995.75
CUST40818352255,1586.7,1586.7,1,483530.4
CUST40818530393,6970.1,6970.1,1,388270.62
CUST40824322895,584.15,584.15,1,415906.85
CUST40829321643,2543.23,2543.23,1,198474.97
CUST40832796903,837.95,837.95,1,57467.06
CUST40835181944,139.82,139.82,1,270846.27
CUST40835448861,242.43,242.43,1,482219.31
CUST40837812299,745.5,745.5,1,139613.53
CUST40841054046,410.96,410.96,1,64833.21
CUST40845119422,1713.48,1713.48,1,317412.03
CUST40846606741,280.06,280.06,1,476108.76
CUST40848616287,439.64,439.64,1,150597.3
CUST40852252839,1620.34,1620.34,1,6234.88
CUST40855915738,1686.39,1686.39,1,126642.09
CUST40856094978,232.93,232.93,1,33511.55
CUST40865731407,149.74,149.74,1,140054.24
CUST40872577850,11530.52,11530.52,1,64235.46
CUST40879196953,2077.92,2077.92,1,417581.91
CUST40886692268,458.1,458.1,1,74581.64
CUST40888367835,426.07,426.07,1,210495.57
CUST40888809915,369.06,369.06,1,309475.62
CUST40899616147,5720.92,5720.92,1,69651.52
CUST40904986070,1301.72,1301.72,1,328734.35
CUST40914842146,400.28,400.28,1,418688.15
CUST40924719455,699.36,699.36,1,143969.12
CUST40929038720,1949.81,1949.81,1,240840.56
CUST40931543565,435.75,435.75,1,179756.14
CUST40935297121,1250.99,1250.99,1,113830.47
CUST40941831767,842.8,842.8,1,306216.01
CUST40944037874,1577.32,1577.32,1,408590.45
CUST40944711678,413.8,413.8,1,197264.68
CUST40945268213,221.29,221.29,1,248143.9
CUST40949169626,239.52,239.52,1,361930.55
CUST40958946751,915.08,915.08,1,325726.65
CUST40958952572,280.98,280.98,1,217797.06
CUST40960354168,1083.11,1083.11,1,9665.84
CUST40976868808,1669.96,1669.96,1,66677.05
CUST40981119527,971.47,971.47,1,260792.9
CUST40981622561,436.43,436.43,1,400037.7
CUST40982310057,96.3,96.3,1,135678.92
CUST40983180197,7254.44,7254.44,1,215944.65
CUST40992386274,99.52,99.52,1,97748.57
CUST40994148343,1373.48,1373.48,1,335191.69
CUST41016766185,578.09,578.09,1,75567.38
CUST41019996700,23.45,23.45,1,217193.56
CUST41023557308,619.36,619.36,1,323329.09
CUST41024265668,657.05,657.05,1,478154.73
CUST41035226943,494.04,494.04,1,453867.63
CUST41041310654,906.09,906.09,1,54118.71
CUST41043837787,374.14,374.14,1,403132.69
CUST41045441391,563.22,563.22,1,47306.3
CUST41074901621,192.64,192.64,1,339042.8
CUST41095747677,111.28,111.28,1,493152.98
CUST41097738650,31584.9,31584.9,1,343726.82
CUST41108918363,225.58,225.58,1,282092.09
CUST41123260833,2482.06,2482.06,1,230207.36
CUST41125252157,582.67,582.67,1,57895.16
CUST41127595979,260.55,260.55,1,79759.77
CUST41128962868,837.92,837.92,1,89011.03
CUST41129982089,182.48,182.48,1,429066.6
CUST41132081332,1471.59,1471.59,1,439884.43
CUST41133685412,3907.6,3907.6,1,240436.48
CUST41134132627,1283.92,1283.92,1,3188.44
CUST41138317951,211.35,211.35,1,350489.81
CUST41139458320,4143.02,4143.02,1,356658.31
CUST41143789348,328.16,328.16,1,102413.42
CUST41147294379,252.57,252.57,1,254676.49
CUST41150101253,425.39,425.39,1,324081.34
CUST41156233640,1660.79,1660.79,1,249130.29
CUST41173315191,2398.36,2398.36,1,414526.75
CUST41180782761,12018.94,12018.94,1,305634.38
CUST41183913972,1511.99,1511.99,1,448138.58
CUST41184309894,2500.39,2500.39,1,312225.52
CUST41185715563,6342.92,6342.92,1,482070.8
CUST41187954394,5789.17,5789.17,1,386866.21
CUST41192525967,1109.46,1109.46,1,165232.9
CUST41203775943,2250.69,2250.69,1,173408.17
CUST41207955391,412.38,412.38,1,241804.26
CUST41211946362,742.07,742.07,1,314922.58
CUST41214960919,1226.2,1226.2,1,33324.06
CUST41217096586,645.7,645.7,1,355020.98
CUST41225675736,86.61,86.61,1,62928.95
CUST41244524574,18.38,18.38,1,240802.59
CUST41249404139,1516.91,1516.91,1,133911.26
CUST41252291386,450.46,450.46,1,454787.85
CUST41254138673,1818.95,1818.95,1,151648.52
CUST41255647246,390.4,390.4,1,446129.95
CUST41258424105,111.43,111.43,1,256806.04
CUST41263816114,16137.22,16137.22,1,164438.54
CUST41266570413,19677.09,19677.09,1,236466.94
CUST41267409083,1849.8,1849.8,1,385454.74
CUST41275984439,37.18,37.18,1,436821.79
CUST41279591749,1099.72,1099.72,1,371690.46
CUST41297374664,245.64,245.64,1,94451.25
CUST41298416059,5117.02,5117.02,1,442005.03
CUST41299248814,5686.84,5686.84,1,118413.49
CUST41303109785,1182.99,1182.99,1,273783.82
CUST41304707380,308.85,308.85,1,110861.9
CUST41332792220,108.97,108.97,1,114441.64
CUST41341007419,61546.68,61546.68,1,463787.98
CUST41342097139,3719.13,3719.13,1,327876.04
CUST41347348277,1072.38,1072.38,1,408965.55
CUST41349091249,1376.98,1376.98,1,374851.71
CUST41349405244,1087.65,1087.65,1,109785.86
CUST41359452326,629.48,629.48,1,429775.47
CUST41365664057,338.64,338.64,1,416231.8
CUST41367449399,142.33,142.33,1,230490.34
CUST41367719731,773.81,773.81,1,147477.89
CUST41370338241,1387.48,1387.48,1,288563.77
CUST41373601571,3624.38,3624.38,1,323851.32
CUST41374958382,120.48,120.48,1,119494.66
CUST41378790292,896.3,896.3,1,137752.02
CUST41382473370,313.74,313.74,1,389190.16
CUST41389571030,1020.08,1020.08,1,67791.78
CUST41390623390,1277.67,1277.67,1,458585.14
CUST41395651325,1445.33,1445.33,1,422626.83
CUST41397648275,1120.83,1120.83,1,129037.24
CUST41397893010,2651.95,2651.95,1,32572.49
CUST41403101916,956.74,956.74,1,189967.72
CUST41413169383,909.3,909.3,1,8620.61
CUST41422302860,522.66,522.66,1,60104.43
CUST41430837911,328.77,328.77,1,89620.83
CUST41451294893,839.04,839.04,1,331268.68
CUST41452973000,673.97,673.97,1,237306.18
CUST41454061004,3823.12,3823.12,1,346045.78
CUST41461890602,751.48,751.48,1,118976.62
CUST41463662551,544.55,544.55,1,336043.22
CUST41463903005,858.34,858.34,1,202519.84
CUST41464389644,542.26,542.26,1,164123.69
CUST41469867887,905.77,905.77,1,348827.17
CUST41470162957,2456.14,2456.14,1,257674.22
CUST41473616822,766.09,766.09,1,316862.73
CUST41475693994,131.73,131.73,1,123882.85
CUST41481296337,1597.64,1597.64,1,427209.69
CUST41488103118,80.22,80.22,1,306971.12
CUST41495319901,1483.85,1483.85,1,439855.86
CUST41505244253,211.92,211.92,1,160390.05
CUST41505820703,178.06,178.06,1,316277.36
CUST41507663799,626.5,626.5,1,110189.38
CUST41509465362,961.32,961.32,1,470610.66
CUST41512926736,1379.07,1379.07,1,73235.98
CUST41517771538,119.32,119.32,1,34580.21
CUST41522969523,321.36,321.36,1,198166.22
CUST41530520977,3825.52,3825.52,1,92792.3
CUST41533290857,2039.18,2039.18,1,60602.76
CUST41534742391,1130.8,1130.8,1,193932.21
CUST41542390845,1217.36,1217.36,1,176310.21
CUST41551424911,6618.53,6618.53,1,394100.52
CUST41566236840,1465.55,1465.55,1,291044.22
CUST41572174989,526.32,526.32,1,228195.31
CUST41579373842,3297.61,3297.61,1,398085.01
CUST41590371105,738.12,738.12,1,446527.84
CUST41598051996,412.25,412.25,1,169643.54
CUST41598600742,1460.78,1460.78,1,11268.85
CUST41602230612,729.34,729.34,1,268366.67
CUST41608089605,1872.84,1872.84,1,302464.25
CUST41608588277,643.49,643.49,1,145445.35
CUST41613004412,815.26,815.26,1,300578.07
CUST41615010847,1048.91,1048.91,1,10071.1
CUST41615915990,259.84,259.84,1,346713.92
CUST41618206069,114.45,114.45,1,282001.08
CUST41619481844,77.53,77.53,1,374153.65
CUST41620542529,2234.12,2234.12,1,425190.8
CUST41623231077,1639.71,1639.71,1,333102.91
CUST41624226455,145.13,145.13,1,158685.27
CUST41636209358,1093.68,1093.68,1,480450.46
CUST41639787968,175.9,175.9,1,268753.01
CUST41643616486,1417.96,1417.96,1,334120.31
CUST41648887814,3809.11,3809.11,1,179643.01
CUST41652919496,111.81,111.81,1,127828.74
CUST41655894174,201.62,201.62,1,449971.43
CUST41656630078,1338.63,1338.63,1,433288.66
CUST41664931915,6449.16,6449.16,1,423921.28
CUST41668472700,96.11,96.11,1,427707.45
CUST41672777802,1227.93,1227.93,1,211954.19
CUST41674292301,493.07,493.07,1,484256.52
CUST41674528095,202.03,202.03,1,74230.75
CUST41690675598,315.71,315.71,1,300683.38
CUST41694331571,5913.1,5913.1,1,244754.58
CUST41695411342,558.4,558.4,1,342487.08
CUST41707195937,7915.83,7915.83,1,9382.54
CUST41710222810,252.47,252.47,1,334223.48
CUST41714240359,1313.99,1313.99,1,344089.71
CUST41716784018,7262.2,7262.2,1,171590.0
CUST41717555512,1591.12,1591.12,1,212843.37
CUST41718683835,1680.52,1680.52,1,363080.71
CUST41723470346,1263.92,1263.92,1,151706.32
CUST41730207609,219.8,219.8,1,154813.43
CUST41730441818,208.41,208.41,1,147137.38
CUST41735791800,89.61,89.61,1,403474.24
CUST41735943311,4439.03,4439.03,1,121376.62
CUST41753554788,761.65,761.65,1,327140.34
CUST41759420726,748.18,748.18,1,189528.19
CUST41772264465,476.58,476.58,1,343065.13
CUST41773809059,257.5,257.5,1,26011.72
CUST41775041926,31.17,31.17,1,393276.63
CUST41779617090,17547.64,17547.64,1,115711.4
CUST41779736357,90.49,90.49,1,254759.78
CUST41785412993,372.56,372.56,1,220230.71
CUST41785440856,1184.71,1184.71,1,441071.28
CUST41786657988,2135.54,2135.54,1,327885.01
CUST41793067312,2642.52,2642.52,1,182940.57
CUST41798741412,1255.73,1255.73,1,189163.57
CUST41808519832,436.65,436.65,1,476479.74
CUST41810741098,80.18,80.18,1,126934.3
CUST41811999438,4465.5,4465.5,1,154952.53
CUST41815757128,4752.64,4752.64,1,194701.96
CUST41818140956,1590.91,1590.91,1,144757.5
CUST41821286918,947.35,947.35,1,199418.51
CUST41825498698,1166.14,1166.14,1,466976.64
CUST41830143037,419.78,419.78,1,401409.38
CUST41831908505,2234.29,2234.29,1,366084.03
CUST41838781656,683.66,683.66,1,16398.89
CUST41851157736,933.85,933.85,1,365239.22
CUST41865472039,11389.0,11389.0,1,155625.63
CUST41873678152,1090.69,1090.69,1,51825.92
CUST41884726473,311.82,311.82,1,340258.72
CUST41886196291,3775.69,3775.69,1,243633.26
CUST41887064591,1617.43,1617.43,1,374607.59
CUST41887394920,422.89,422.89,1,248386.59
CUST41897793721,805.61,805.61,1,331629.17
CUST41902144542,1619.78,1619.78,1,414929.0
CUST41907460206,172.89,172.89,1,428557.2
CUST41916562165,10981.61,10981.61,1,130341.97
CUST41917830937,370.89,370.89,1,100240.18
CUST41918097610,109.35,109.35,1,116395.15
CUST41919047868,682.75,682.75,1,230199.5
CUST41925125584,255.81,255.81,1,222780.01
CUST41930196739,9772.35,9772.35,1,200598.74
CUST41931861124,206.81,206.81,1,467527.09
CUST41937946442,2564.7,2564.7,1,33302.44
CUST41940833120,2362.98,2362.98,1,103359.28
CUST41947248436,181.78,181.78,1,177181.64
CUST41949904158,259.88,259.88,1,137910.28
CUST41961912886,5699.46,5699.46,1,58201.88
CUST41962730525,809.76,809.76,1,444036.64
CUST41963940710,329.44,329.44,1,103543.91
CUST41968736148,18817.63,18817.63,1,203859.38
CUST41971547010,1253.66,1253.66,1,155681.1
CUST41973709617,224.53,224.53,1,408035.09
CUST41973740539,356.33,356.33,1,142363.09
CUST41978374350,1073.9,1073.9,1,224662.65
CUST41980491734,489.61,489.61,1,95029.33
CUST41981627685,6120.21,6120.21,1,206645.73
CUST41986307823,304.43,304.43,1,240038.12
CUST41998463997,501.77,501.77,1,273810.01
CUST42007263248,846.08,846.08,1,399246.07
CUST42011147214,788.47,788.47,1,32892.71
CUST42015885623,127.18,127.18,1,233288.15
CUST42019942727,1763.28,1763.28,1,225355.25
CUST42022580320,110.14,110.14,1,481556.84
CUST42032166965,568.51,568.51,1,220335.62
CUST42044007827,888.28,888.28,1,58289.57
CUST42044638187,91.59,91.59,1,205140.56
CUST42047689078,113.55,113.55,1,278626.79
CUST42061205438,172.73,172.73,1,148383.02
CUST42062100770,114.7,114.7,1,454600.2
CUST42063339953,837.71,837.71,1,230865.44
CUST42063776995,789.01,789.01,1,106526.02
CUST42064870792,3330.21,3330.21,1,424540.85
CUST42073770776,791.46,791.46,1,315732.11
CUST42075971238,1946.56,1946.56,1,498852.91
CUST42076613503,1488.46,1488.46,1,268390.98
CUST42079780766,6207.25,6207.25,1,36249.06
CUST42081661487,1964.38,1964.38,1,244427.16
CUST42082260604,591.5,591.5,1,400166.23
CUST42087951626,83.06,83.06,1,5885.24
CUST42090659473,1879.65,1879.65,1,348608.79
CUST42091948030,15779.94,15779.94,1,220000.31
CUST42092640347,60.87,60.87,1,123568.96
CUST42103603061,3474.93,3474.93,1,8659.26
CUST42115926707,1302.62,1302.62,1,430579.37
CUST42116662873,6171.83,6171.83,1,204977.0
CUST42120324640,214.14,214.14,1,200084.78
CUST42121108195,279.41,279.41,1,9831.64
CUST42123817512,707.61,707.61,1,261014.06
CUST42124119114,741.61,741.61,1,113477.95
CUST42126900208,1276.36,1276.36,1,347133.35
CUST42127521335,4909.5,4909.5,1,352380.91
CUST42131099238,79.23,79.23,1,479239.7
CUST42134394286,689.75,689.75,1,1686.3
CUST42149259583,198.18,198.18,1,208664.39
CUST42149502072,900.67,900.67,1,39051.55
CUST42149839346,1510.1,1510.1,1,472152.14
CUST42159178148,1919.14,1919.14,1,109067.73
CUST42159545691,10225.62,10225.62,1,270203.03
CUST42164217989,1370.93,1370.93,1,208399.55
CUST42166000048,2680.73,2680.73,1,178764.28
CUST42166404862,5239.69,5239.69,1,454348.34
CUST42172400825,324.06,324.06,1,91219.88
CUST42175291812,832.07,832.07,1,208489.53
CUST42184194818,400.0,400.0,1,404319.83
CUST42197069448,386.99,386.99,1,430204.12
CUST42199403715,232.19,232.19,1,320630.46
CUST42201129932,5607.53,5607.53,1,401745.54
CUST42201732692,11843.27,11843.27,1,437008.33
CUST42201886648,445.11,445.11,1,177984.73
CUST42203285547,233.01,233.01,1,371082.83
CUST42211825932,2232.78,2232.78,1,53540.85
CUST42213029373,44.34,44.34,1,6604.48
CUST42215503032,2486.19,2486.19,1,177299.26
CUST42221589608,738.02,738.02,1,468276.73
CUST42225487421,908.79,908.79,1,341042.39
CUST42235147995,1702.41,1702.41,1,111814.24
CUST42235154333,122.05,122.05,1,399739.82
CUST42241830583,75.75,75.75,1,350344.97
CUST42247016021,1374.24,1374.24,1,454441.8
CUST42266265444,574.75,574.75,1,54691.78
CUST42274350172,783.0,783.0,1,110850.25
CUST42288070724,3498.44,3498.44,1,113556.69
CUST42289899875,493.07,493.07,1,482710.52
CUST42295291133,4725.68,4725.68,1,271894.68
CUST42296261882,4082.31,4082.31,1,335806.53
CUST42296394546,635.15,635.15,1,1981.87
CUST42297194586,802.38,802.38,1,259984.93
CUST42300866534,159.54,159.54,1,446540.26
CUST42301814113,5146.15,5146.15,1,6684.3
CUST42302190351,1731.8,1731.8,1,497039.62
CUST42311374369,1796.11,1796.11,1,470036.08
CUST42312602491,580.77,580.77,1,429071.53
CUST42313791334,173.39,173.39,1,283876.08
CUST42316153643,448.61,448.61,1,379377.65
CUST42319541670,265.16,265.16,1,269502.29
CUST42322766429,1861.61,1861.61,1,306614.24
CUST42333662931,63.41,63.41,1,70826.04
CUST42336692799,394.81,394.81,1,472144.41
CUST42336866882,279.23,279.23,1,393252.3
CUST42343851681,5712.38,5712.38,1,269555.3
CUST42352926922,624.96,624.96,1,263932.08
CUST42359087656,318.15,318.15,1,133017.61
CUST42365526263,462.51,462.51,1,473788.67
CUST42367408604,7665.52,7665.52,1,80489.82
CUST42368825365,2524.07,2524.07,1,109935.32
CUST42377115653,778.81,778.81,1,431495.0
CUST42385051311,813.54,813.54,1,149734.6
CUST42389935240,92.08,92.08,1,187756.93
CUST42390118177,577.6,577.6,1,111181.69
CUST42391372779,3145.14,3145.14,1,360559.9
CUST42393770511,228.6,228.6,1,480608.23
CUST42398124583,1066.19,1066.19,1,420654.82
CUST42405764853,230.54,230.54,1,114427.16
CUST42407308012,152.87,152.87,1,50728.41
CUST42411894116,2741.77,2741.77,1,312739.87
CUST42420245271,934.71,934.71,1,14715.1
CUST42428361816,578.18,578.18,1,355436.01
CUST42432194870,107.37,107.37,1,176286.52
CUST42435547333,31796.36,31796.36,1,140566.21
CUST42438719963,1122.79,1122.79,1,174948.67
CUST42441859223,916.33,916.33,1,201763.41
CUST42442559542,842.02,842.02,1,421973.55
CUST42445199835,649.47,649.47,1,66457.05
CUST42482999383,2446.57,2446.57,1,189057.42
CUST42488135959,246.14,246.14,1,233015.85
CUST42489840719,6155.63,6155.63,1,331543.93
CUST42497711440,347.27,347.27,1,258827.06
CUST42506579613,486.27,486.27,1,215185.62
CUST42511006585,2656.8,2656.8,1,436535.99
CUST42517961222,785.94,785.94,1,347282.44
CUST42525463674,409.73,409.73,1,323590.63
CUST42530077595,30981.73,30981.73,1,173757.43
CUST42531219720,4027.23,4027.23,1,301856.02
CUST42537065644,1556.41,1556.41,1,169530.23
CUST42537108777,691.47,691.47,1,448047.47
CUST42548045667,556.32,556.32,1,283289.61
CUST42553417696,466.85,466.85,1,473156.25
CUST42557363382,2550.11,2550.11,1,33329.97
CUST42558428491,1595.26,1595.26,1,412455.87
CUST42562146604,734.43,734.43,1,415608.17
CUST42565110785,146.15,146.15,1,70211.84
CUST42578872802,1158.1,1158.1,1,265033.78
CUST42588117223,444.38,444.38,1,80579.22
CUST42596410278,964.36,964.36,1,7609.38
CUST42600529011,265.85,265.85,1,390479.99
CUST42606903130,1010.91,1010.91,1,231425.07
CUST42616262628,140.27,140.27,1,181226.59
CUST42618528905,158.81,158.81,1,473216.8
CUST42620613278,1686.0,1686.0,1,177182.06
CUST42620777351,594.13,594.13,1,160633.44
CUST42622420225,523.78,523.78,1,299971.49
CUST42629514608,296.79,296.79,1,80333.03
CUST42634712492,143.94,143.94,1,123910.89
CUST42636517988,3302.45,3302.45,1,249079.16
CUST42636600520,510.76,510.76,1,129018.36
CUST42637101305,5838.19,5838.19,1,254727.31
CUST42639800662,7858.46,7858.46,1,140776.29
CUST42641328742,1021.44,1021.44,1,105695.03
CUST42641489402,7472.93,7472.93,1,465898.9
CUST42642736176,772.84,772.84,1,255765.39
CUST42644674718,89.47,89.47,1,242894.97
CUST42646369756,1312.64,1312.64,1,154682.02
CUST42652541199,2491.26,2491.26,1,213783.71
CUST42654681984,1094.47,1094.47,1,48379.28
CUST42657244477,1184.53,1184.53,1,216356.56
CUST42660900866,17956.89,17956.89,1,468614.85
CUST42671290164,2936.95,2936.95,1,247391.9
CUST42674486396,606.09,606.09,1,365049.59
CUST42675201179,1255.88,1255.88,1,101363.45
CUST42680674389,2674.92,2674.92,1,208832.02
CUST42681023428,1680.33,1680.33,1,282713.11
CUST42682068818,3007.91,3007.91,1,351951.72
CUST42693013629,1208.05,1208.05,1,335044.81
CUST42694195490,256.73,256.73,1,319687.24
CUST42702768156,19027.77,19027.77,1,252615.63
CUST42708702966,4029.99,4029.99,1,207119.21
CUST42718234837,178.25,178.25,1,333559.83
CUST42719046099,76.18,76.18,1,304264.04
CUST42720958071,114.6,114.6,1,182813.54
CUST42725875518,993.12,993.12,1,15640.54
CUST42730338568,2163.21,2163.21,1,155184.61
CUST42732475003,1072.48,1072.48,1,39970.34
CUST42734764462,470.99,470.99,1,318446.7
CUST42734822269,2790.46,2790.46,1,204076.96
CUST42738394591,186.91,186.91,1,142257.96
CUST42742675411,803.1,803.1,1,395924.83
CUST42755631359,682.49,682.49,1,168873.65
CUST42755667263,372.59,372.59,1,226413.16
CUST42756267940,2530.83,2530.83,1,86981.66
CUST42769656310,367.74,367.74,1,375805.66
CUST42772914670,203.27,203.27,1,39036.53
CUST42773277375,6655.85,6655.85,1,319768.51
CUST42773835960,1504.3,1504.3,1,41567.23
CUST42779203010,1111.38,1111.38,1,6360.03
CUST42779215309,1135.78,1135.78,1,368691.15
CUST42781918827,1274.34,1274.34,1,238633.21
CUST42782055519,2192.1,2192.1,1,424261.91
CUST42784355054,159.04,159.04,1,393143.79
CUST42786460916,5122.48,5122.48,1,97035.63
CUST42789149449,5966.14,5966.14,1,248895.91
CUST42792302409,77.92,77.92,1,71091.11
CUST42800015523,3032.52,3032.52,1,183685.54
CUST42806715443,8128.69,8128.69,1,282371.0
CUST42819151755,505.74,505.74,1,120205.85
CUST42819250157,2385.57,2385.57,1,294807.34
CUST42823892918,11523.15,11523.15,1,309907.81
CUST42827665071,233.3,233.3,1,50615.17
CUST42835828400,227.84,227.84,1,447571.92
CUST42847662410,640.73,640.73,1,67114.2
CUST42854972233,2364.38,2364.38,1,42236.8
CUST42855427095,100.9,100.9,1,440794.07
CUST42859030927,2160.48,2160.48,1,378781.52
CUST42861765845,442.03,442.03,1,87956.78
CUST42868338535,609.16,609.16,1,180687.47
CUST42870986960,184.85,184.85,1,319623.25
CUST42884662170,167.31,167.31,1,79784.54
CUST42894232992,490.97,490.97,1,311200.78
CUST42902074243,4533.41,4533.41,1,228915.13
CUST42911073844,4504.49,4504.49,1,22665.25
CUST42918138532,426.9,426.9,1,433003.64
CUST42918846345,450.31,450.31,1,164308.75
CUST42921290170,1232.39,1232.39,1,416329.67
CUST42926660337,12919.53,12919.53,1,386376.51
CUST42929952023,638.15,638.15,1,421774.67
CUST42935837116,895.29,895.29,1,211454.88
CUST42939765755,516.31,516.31,1,25931.54
CUST42948217756,339.97,339.97,1,387385.64
CUST42950917417,605.45,605.45,1,482705.73
CUST42969590450,2938.05,2938.05,1,458035.02
CUST42980503065,2090.23,2090.23,1,6925.5
CUST42980839583,1653.34,1653.34,1,166787.08
CUST42982551353,1657.84,1657.84,1,484046.64
CUST42991047127,2103.79,2103.79,1,326686.41
CUST42991200892,525.07,525.07,1,313522.82
CUST42991273558,405.25,405.25,1,71555.78
CUST43002800150,857.65,857.65,1,430400.2
CUST43003092515,923.65,923.65,1,168436.61
CUST43007139331,76.64,76.64,1,216183.93
CUST43009404934,81.14,81.14,1,216970.57
CUST43013274501,234.77,234.77,1,53629.21
CUST43028528844,687.33,687.33,1,259078.31
CUST43032951007,2243.99,2243.99,1,31350.11
CUST43033688754,667.26,667.26,1,164757.57
CUST43040189511,449.22,449.22,1,326738.78
CUST43042256523,4322.36,4322.36,1,420900.82
CUST43054868971,2598.07,2598.07,1,212492.0
CUST43057711191,274.29,274.29,1,363279.8
CUST43061175629,340.97,340.97,1,192294.96
CUST43061599456,1615.45,1615.45,1,184595.85
CUST43062266295,205.1,205.1,1,56297.15
CUST43074576252,1221.31,1221.31,1,130381.1
CUST43083700032,8449.39,8449.39,1,465978.71
CUST43084334564,829.34,829.34,1,220269.9
CUST43098124072,361.21,361.21,1,25856.37
CUST43102423729,305.77,305.77,1,97732.66
CUST43106624789,377.25,377.25,1,455664.08
CUST43108426944,870.47,870.47,1,153899.77
CUST43110337928,5574.66,5574.66,1,381200.15
CUST43114139852,3651.01,3651.01,1,23862.95
CUST43118769578,3107.12,3107.12,1,484307.2
CUST43119333999,3223.38,3223.38,1,70521.56
CUST43123122557,2932.02,2932.02,1,58493.91
CUST43128869331,1568.51,1568.51,1,211675.96
CUST43130580413,233.42,233.42,1,302245.25
CUST43131962657,789.51,789.51,1,188340.01
CUST43133425700,85.65,85.65,1,16315.56
CUST43179633543,614.78,614.78,1,319221.51
CUST43187215129,70.76,70.76,1,135539.67
CUST43192002384,8714.48,8714.48,1,237326.75
CUST43195538295,2147.39,2147.39,1,461308.7
CUST43201587020,796.1,796.1,1,379869.4
CUST43206890044,505.08,505.08,1,406327.41
CUST43223475389,3146.31,3146.31,1,409657.8
CUST43224592714,1790.38,1790.38,1,230989.55
CUST43226842324,113.38,113.38,1,470991.5
CUST43232069724,543.8,543.8,1,97565.66
CUST43242152266,65171.87,65171.87,1,388670.17
CUST43243065748,126.09,126.09,1,442240.44
CUST43243916852,289.58,289.58,1,378230.32
CUST43248214154,4961.42,4961.42,1,136872.35
CUST43254099860,90.3,90.3,1,431879.18
CUST43259840095,192.49,192.49,1,398653.2
CUST43265485468,40492.52,40492.52,1,144292.71
CUST43266056203,281.57,281.57,1,268215.47
CUST43268553420,18080.93,18080.93,1,261057.0
CUST43269977874,41.29,41.29,1,182404.67
CUST43277134351,135.66,135.66,1,305868.16
CUST43277631039,5029.1,5029.1,1,97884.8
CUST43277704727,580.26,580.26,1,307828.24
CUST43286348240,56.5,56.5,1,275586.74
CUST43287804336,251.53,251.53,1,442188.72
CUST43292192882,1964.59,1964.59,1,424286.95
CUST43294613071,3568.44,3568.44,1,422899.3
CUST43297328740,1583.81,1583.81,1,495878.73
CUST43300578915,375.81,375.81,1,417088.65
CUST43303347694,4517.33,4517.33,1,72678.75
CUST43304792180,2391.78,2391.78,1,126702.86
CUST43326353001,390.95,390.95,1,479601.47
CUST43331849691,412.2,412.2,1,309372.55
CUST43338538882,3160.73,3160.73,1,66786.05
CUST43338617784,477.94,477.94,1,3414.47
CUST43352930246,1798.14,1798.14,1,426672.05
CUST43354148781,252.58,252.58,1,430787.11
CUST43373052207,350.8,350.8,1,28017.61
CUST43390601623,366.37,366.37,1,39900.73
CUST43396655683,978.66,978.66,1,96711.65
CUST43397719292,145.58,145.58,1,342075.26
CUST43399166009,4610.26,4610.26,1,471651.97
CUST43401181994,403.87,403.87,1,258074.94
CUST43414029985,676.25,676.25,1,229848.4
CUST43417204918,3401.7,3401.7,1,11072.43
CUST43422118977,606.82,606.82,1,45963.32
CUST43423495028,1337.69,1337.69,1,54599.19
CUST43427430380,252.42,252.42,1,198596.35
CUST43437420710,141.97,141.97,1,365344.62
CUST43441013746,274.22,274.22,1,431834.2
CUST43441992213,145.61,145.61,1,12963.56
CUST43442872767,2676.78,2676.78,1,135001.74
CUST43452040879,350.81,350.81,1,36915.26
CUST43482581657,1298.3,1298.3,1,332166.11
CUST43483969790,100.11,100.11,1,85260.32
CUST43497797428,392.15,392.15,1,314988.97
CUST43502669418,216.96,216.96,1,219365.61
CUST43506710913,104.94,104.94,1,220852.81
CUST43507002928,118.7,118.7,1,77730.36
CUST43515882485,692.67,692.67,1,167386.14
CUST43518087443,208.24,208.24,1,463071.26
CUST43526273776,96.85,96.85,1,98828.38
CUST43532063491,1248.91,1248.91,1,394373.47
CUST43536935589,816.6,816.6,1,452239.38
CUST43542268793,246.7,246.7,1,195387.35
CUST43543733259,642.01,642.01,1,350516.31
CUST43546884084,4368.13,4368.13,1,221611.65
CUST43562467864,375.19,375.19,1,406564.36
CUST43565814768,504.55,504.55,1,97328.87
CUST43568164208,3868.35,3868.35,1,210670.93
CUST43570358906,89.04,89.04,1,47642.73
CUST43572555290,1872.1,1872.1,1,195611.39
CUST43572626634,2133.99,2133.99,1,424278.63
CUST43577531116,457.43,457.43,1,441064.56
CUST43582553115,1179.44,1179.44,1,273183.16
CUST43583533703,160.18,160.18,1,302394.48
CUST43583831410,1072.55,1072.55,1,73056.34
CUST43583919718,207.01,207.01,1,95790.48
CUST43584286813,363.66,363.66,1,191302.2
CUST43590303064,555.2,555.2,1,472520.55
CUST43597234429,1312.84,1312.84,1,22834.6
CUST43601014453,690.42,690.42,1,417993.34
CUST43612817776,343.41,343.41,1,482345.35
CUST43615231200,7391.34,7391.34,1,27835.46
CUST43622328477,841.65,841.65,1,118329.64
CUST43626240599,11745.77,11745.77,1,409826.47
CUST43628537853,142.97,142.97,1,100211.52
CUST43629687474,631.85,631.85,1,243027.54
CUST43636327712,325.34,325.34,1,304754.45
CUST43637129050,1678.77,1678.77,1,141411.07
CUST43641552222,1272.11,1272.11,1,460571.45
CUST43646100593,406.47,406.47,1,22582.21
CUST43648035414,674.07,674.07,1,419891.42
CUST43650707909,480.38,480.38,1,266271.71
CUST43650869840,1127.74,1127.74,1,205098.48
CUST43655742464,3244.48,3244.48,1,164106.59
CUST43656186729,222.78,222.78,1,161707.46
CUST43656192599,118.8,118.8,1,459698.87
CUST43662143646,413.54,413.54,1,210960.72
CUST43667507515,3312.76,3312.76,1,287731.49
CUST43667704260,211.85,211.85,1,162930.55
CUST43674263156,1886.11,1886.11,1,131518.15
CUST43675515093,767.56,767.56,1,438299.38
CUST43676930388,1745.8,1745.8,1,383217.85
CUST43681483425,281.04,281.04,1,153471.29
CUST43687458426,392.16,392.16,1,222862.73
CUST43688763972,1422.31,1422.31,1,142091.38
CUST43690971084,51.02,51.02,1,216767.51
CUST43697779364,1735.36,1735.36,1,237138.13
CUST43699373812,1217.86,1217.86,1,132887.25
CUST43701595884,4524.49,4524.49,1,308321.41
CUST43705542325,723.09,723.09,1,382662.9
CUST43705567082,1643.15,1643.15,1,232227.09
CUST43712159438,1713.15,1713.15,1,9257.88
CUST43713426625,838.49,838.49,1,180376.9
CUST43717106860,1196.53,1196.53,1,164188.35
CUST43717477790,320.21,320.21,1,185623.61
CUST43720627195,173.66,173.66,1,431569.26
CUST43726463831,1979.18,1979.18,1,240743.68
CUST43731345910,504.77,504.77,1,249807.04
CUST43734397085,270.24,270.24,1,301781.35
CUST43735033635,450.89,450.89,1,218943.33
CUST43736364096,192.56,192.56,1,428038.34
CUST43741653965,3491.14,3491.14,1,6663.03
CUST43743752495,6960.15,6960.15,1,463125.14
CUST43754678972,23515.79,23515.79,1,15521.67
CUST43754960883,681.44,681.44,1,231295.18
CUST43760145344,912.57,912.57,1,226128.3
CUST43766233056,353.33,353.33,1,398716.73
CUST43771760976,569.53,569.53,1,457648.88
CUST43774466220,1373.18,1373.18,1,122374.46
CUST43775313575,1708.95,1708.95,1,28050.95
CUST43776300486,291.45,291.45,1,405054.79
CUST43778748750,2268.91,2268.91,1,429215.87
CUST43788305570,17575.69,17575.69,1,94120.88
CUST43789405259,313.51,313.51,1,132663.61
CUST43791222838,716.27,716.27,1,61004.66
CUST43807855517,2735.16,2735.16,1,335781.02
CUST43809379636,236.2,236.2,1,223901.24
CUST43816253333,1093.01,1093.01,1,79606.54
CUST43833315876,162.63,162.63,1,150623.85
CUST43847041079,414.5,414.5,1,117791.51
CUST43861628207,675.3,675.3,1,200203.35
CUST43865643879,827.13,827.13,1,247961.8
CUST43874616786,4725.55,4725.55,1,460150.56
CUST43882242013,637.58,637.58,1,26679.98
CUST43887881485,32.26,32.26,1,290456.04
CUST43895704461,3155.94,3155.94,1,163560.31
CUST43897067793,1119.28,1119.28,1,490230.01
CUST43904951338,1845.26,1845.26,1,13939.95
CUST43906927336,32.1,32.1,1,168662.43
CUST43912183760,1365.08,1365.08,1,347720.94
CUST43912931593,815.09,815.09,1,144699.28
CUST43913991296,1973.93,1973.93,1,268382.07
CUST43915499303,1484.31,1484.31,1,441905.6
CUST43918030699,694.84,694.84,1,227762.3
CUST43920278229,3015.72,3015.72,1,332655.95
CUST43920600559,324.14,324.14,1,272124.78
CUST43929554702,879.5,879.5,1,459208.78
CUST43931232789,451.24,451.24,1,383030.46
CUST43952483286,9437.36,9437.36,1,176147.99
CUST43952888585,1019.46,1019.46,1,81650.26
CUST43955053304,1844.64,1844.64,1,217921.8
CUST43956003221,1054.1,1054.1,1,144829.51
CUST43958843425,729.41,729.41,1,172743.74
CUST43960019335,656.88,656.88,1,305955.57
CUST43960414330,5443.45,5443.45,1,445483.02
CUST43961241130,417.99,417.99,1,453417.59
CUST43980356092,2176.89,2176.89,1,415237.22
CUST43982825760,969.57,969.57,1,251932.4
CUST43991313310,1746.84,1746.84,1,428636.73
CUST43992116307,339.36,339.36,1,406691.32
CUST43998939587,272.23,272.23,1,159534.59
CUST44000879056,386.84,386.84,1,166948.84
CUST44002226358,3355.17,3355.17,1,286278.46
CUST44017994079,20128.68,20128.68,1,156021.36
CUST44024680490,1172.28,1172.28,1,93591.22
CUST44024760206,1532.53,1532.53,1,174940.58
CUST44030781240,132.81,132.81,1,488165.46
CUST44039691043,126.14,126.14,1,62174.22
CUST44044194882,302.5,302.5,1,490229.32
CUST44051765081,8207.71,8207.71,1,167233.06
CUST44054946770,158.51,158.51,1,403955.0
CUST44055911416,10012.11,10012.11,1,31581.94
CUST44056442658,3032.19,3032.19,1,381892.59
CUST44058408827,2572.19,2572.19,1,201555.94
CUST44060217729,254.92,254.92,1,358573.34
CUST44062594521,206.32,206.32,1,220844.65
CUST44064044223,1632.21,1632.21,1,8496.72
CUST44071576488,139.4,139.4,1,79081.58
CUST44072524835,560.89,560.89,1,72989.95
CUST44073722309,1052.48,1052.48,1,317980.03
CUST44075614253,391.42,391.42,1,453202.43
CUST44077736368,292.25,292.25,1,138908.59
CUST44086763894,418.06,418.06,1,302366.34
CUST44088631143,221.92,221.92,1,380727.85
CUST44090962393,735.34,735.34,1,221922.68
CUST44096968458,1094.63,1094.63,1,477263.82
CUST44109713882,5196.92,5196.92,1,179579.48
CUST44111469159,481.91,481.91,1,235009.79
CUST44112491633,461.37,461.37,1,154160.28
CUST44115489260,99.21,99.21,1,401709.29
CUST44118628335,223.89,223.89,1,302989.84
CUST44123107025,116.32,116.32,1,30929.0
CUST44125647420,634.95,634.95,1,242788.55
CUST44138398173,455.21,455.21,1,31861.61
CUST44139438979,11053.51,11053.51,1,263468.55
CUST44141145927,446.06,446.06,1,415112.28
CUST44145599536,406.12,406.12,1,203252.6
CUST44149102389,440.19,440.19,1,395081.53
CUST44152958568,1082.4,1082.4,1,125429.72
CUST44154265163,8113.59,8113.59,1,460667.49
CUST44157288112,241.6,241.6,1,37090.81
CUST44159383841,324.83,324.83,1,316996.9
CUST44165173058,1994.51,1994.51,1,487420.43
CUST44168202989,530.55,530.55,1,499923.77
CUST44175891893,155.84,155.84,1,191401.63
CUST44178450825,178.34,178.34,1,112262.38
CUST44180563018,405.24,405.24,1,24705.67
CUST44189854663,723.51,723.51,1,353896.75
CUST44200974123,933.2,933.2,1,29145.63
CUST44202418298,231.73,231.73,1,347454.3
CUST44213232009,292.34,292.34,1,421527.13
CUST44216721498,1993.23,1993.23,1,249208.59
CUST44217663896,3138.21,3138.21,1,246073.71
CUST44222256116,707.46,707.46,1,70792.92
CUST44234477741,2142.28,2142.28,1,120032.61
CUST44237527409,918.06,918.06,1,119057.85
CUST44239161198,2183.78,2183.78,1,125266.25
CUST44241758517,181.59,181.59,1,144669.16
CUST44242938204,1500.17,1500.17,1,207650.49
CUST44245533939,539.14,539.14,1,269934.52
CUST44247236506,37626.14,37626.14,1,323211.05
CUST44248145809,1290.23,1290.23,1,26009.34
CUST44254671982,1085.54,1085.54,1,409703.32
CUST44261616364,502.78,502.78,1,232479.92
CUST44262693724,603.76,603.76,1,438661.14
CUST44274309226,683.48,683.48,1,381560.52
CUST44280869296,5417.31,5417.31,1,103285.99
CUST44290340568,82.52,82.52,1,410008.87
CUST44293116598,36.51,36.51,1,360157.18
CUST44293209979,1000.04,1000.04,1,22678.23
CUST44299787887,10363.22,10363.22,1,13385.6
CUST44300759676,15554.31,15554.31,1,249737.69
CUST44301845210,2658.62,2658.62,1,440953.47
CUST44303220084,57583.09,57583.09,1,91942.72
CUST44308621352,1175.66,1175.66,1,200007.88
CUST44310405049,4053.4,4053.4,1,55245.15
CUST44315106559,2700.63,2700.63,1,399284.44
CUST44320684283,1122.06,1122.06,1,453550.65
CUST44322775672,243.17,243.17,1,370762.18
CUST44324415363,150.83,150.83,1,96127.91
CUST44343193192,1542.69,1542.69,1,134151.17
CUST44348604968,13619.54,13619.54,1,65235.56
CUST44348729600,8849.61,8849.61,1,55979.76
CUST44359995747,901.56,901.56,1,243042.77
CUST44360243799,1928.46,1928.46,1,346125.61
CUST44363266393,156.15,156.15,1,462823.08
CUST44366443599,3182.73,3182.73,1,260606.58
CUST44389357291,271.61,271.61,1,111869.08
CUST44393219800,839.18,839.18,1,222020.5
CUST44394338433,1392.2,1392.2,1,498035.18
CUST44396262882,1466.21,1466.21,1,25853.77
CUST44404049201,350.94,350.94,1,484613.46
CUST44404830184,370.38,370.38,1,468009.46
CUST44406108554,6489.79,6489.79,1,126537.35
CUST44409719265,695.41,695.41,1,176585.65
CUST44410503583,494.49,494.49,1,454365.99
CUST44413351860,3054.83,3054.83,1,148535.33
CUST44417214434,454.99,454.99,1,58548.27
CUST44421887791,129.21,129.21,1,472586.81
CUST44430296650,793.8,793.8,1,48762.1
CUST44456819273,123.11,123.11,1,299325.72
CUST44471980005,907.55,907.55,1,460772.12
CUST44478348111,746.23,746.23,1,102320.7
CUST44481104212,3945.83,3945.83,1,137599.78
CUST44481122698,5900.42,5900.42,1,123354.28
CUST44482387867,576.99,576.99,1,84658.88
CUST44485891478,351.48,351.48,1,39128.83
CUST44488231497,2337.83,2337.83,1,322579.6
CUST44490853846,20359.64,20359.64,1,472675.41
CUST44493757198,519.29,519.29,1,272760.05
CUST44494780297,599.39,599.39,1,146918.73
CUST44497165530,1250.89,1250.89,1,164795.31
CUST44501021372,7124.91,7124.91,1,424772.98
CUST44506788262,552.99,552.99,1,177524.76
CUST44508530624,694.64,694.64,1,125228.23
CUST44509225479,1441.95,1441.95,1,239710.07
CUST44509487771,11740.21,11740.21,1,327749.68
CUST44523478939,9589.78,9589.78,1,142181.6
CUST44528321043,548.78,548.78,1,78131.89
CUST44534305495,837.28,837.28,1,333435.72
CUST44534627595,1110.57,1110.57,1,328093.02
CUST44545129293,537.38,537.38,1,294001.31
CUST44548534269,271.1,271.1,1,335605.47
CUST44549017247,83.53,83.53,1,25505.73
CUST44552181299,130.27,130.27,1,263439.36
CUST44552578365,860.34,860.34,1,75147.64
CUST44553344079,863.66,863.66,1,496195.27
CUST44557736050,5787.28,5787.28,1,27116.94
CUST44559565317,53.38,53.38,1,310212.38
CUST44567486055,540.05,540.05,1,275811.64
CUST44569536273,201.07,201.07,1,267115.12
CUST44569583024,1290.25,1290.25,1,447530.41
CUST44576118434,590.45,590.45,1,288595.06
CUST44576762950,102.42,102.42,1,417234.17
CUST44583111400,208.67,208.67,1,132311.17
CUST44585756279,548.45,548.45,1,70715.54
CUST44591172704,641.04,641.04,1,465091.22
CUST44595040261,1475.09,1475.09,1,55560.58
CUST44595738612,2472.34,2472.34,1,166848.39
CUST44603741394,1874.15,1874.15,1,102429.6
CUST44613336018,3247.17,3247.17,1,339027.71
CUST44622702485,1093.6,1093.6,1,497028.91
CUST44626874682,1852.2,1852.2,1,492565.75
CUST44635393181,1055.68,1055.68,1,346548.88
CUST44641724030,61.07,61.07,1,135636.11
CUST44642491435,4331.9,4331.9,1,154092.4
CUST44643785102,1071.76,1071.76,1,381562.74
CUST44646198706,898.87,898.87,1,492438.4
CUST44646479713,848.32,848.32,1,131848.06
CUST44648558263,682.91,682.91,1,328253.96
CUST44649059204,507.91,507.91,1,146543.59
CUST44650741403,1337.63,1337.63,1,379755.36
CUST44651450048,397.12,397.12,1,331612.18
CUST44651499692,610.83,610.83,1,3020.1
CUST44657028754,301.74,301.74,1,47827.95
CUST44660683349,1924.13,1924.13,1,134585.11
CUST44661418941,158.63,158.63,1,151607.9
CUST44663170681,2306.26,2306.26,1,407751.69
CUST44665342585,595.76,595.76,1,405168.81
CUST44680357760,16988.18,16988.18,1,213545.43
CUST44681236602,770.43,770.43,1,52606.33
CUST44683997458,1212.17,1212.17,1,243253.83
CUST44687778822,334.05,334.05,1,328304.5
CUST44704090885,44605.85,44605.85,1,100770.96
CUST44705782615,420.56,420.56,1,71245.31
CUST44716195251,288.59,288.59,1,278517.09
CUST44718180721,758.04,758.04,1,432625.35
CUST44720302551,209.39,209.39,1,330310.12
CUST44722902924,2026.14,2026.14,1,63575.91
CUST44725664884,191.76,191.76,1,454248.4
CUST44734371725,252.89,252.89,1,5697.19
CUST44746074994,584.36,584.36,1,167648.71
CUST44750616937,140.48,140.48,1,479577.92
CUST44751186627,635.24,635.24,1,2499.51
CUST44753386237,206.41,206.41,1,38212.53
CUST44754563851,8704.21,8704.21,1,248008.48
CUST44761046324,302.5,302.5,1,188656.0
CUST44769886235,9715.2,9715.2,1,247730.67
CUST44772123943,2927.06,2927.06,1,314981.32
CUST44773046758,68.29,68.29,1,79946.45
CUST44776117966,106.88,106.88,1,395154.26
CUST44788846044,862.01,862.01,1,212579.37
CUST44799751731,1053.42,1053.42,1,254067.85
CUST44807855525,504.22,504.22,1,370092.61
CUST44810032756,10267.94,10267.94,1,91181.96
CUST44810477342,232.75,232.75,1,24947.27
CUST44812009759,1196.04,1196.04,1,382939.67
CUST44813031852,11235.15,11235.15,1,203807.85
CUST44815213720,335.76,335.76,1,244414.15
CUST44816676921,390.57,390.57,1,235093.17
CUST44820569430,9066.01,9066.01,1,431510.96
CUST44835285162,409.43,409.43,1,170047.25
CUST44836407189,373.06,373.06,1,412243.67
CUST44853215213,132.38,132.38,1,396340.65
CUST44854915311,120.93,120.93,1,200306.35
CUST44859334772,1485.55,1485.55,1,369202.65
CUST44862610895,803.63,803.63,1,293636.05
CUST44863497359,719.07,719.07,1,306696.46
CUST44874759386,897.35,897.35,1,49154.32
CUST44876412766,162.86,162.86,1,407474.84
CUST44877772908,307.2,307.2,1,205860.44
CUST44880790064,2229.63,2229.63,1,18775.37
CUST44884867506,146.67,146.67,1,56157.16
CUST44885965967,1628.96,1628.96,1,120550.98
CUST44887898605,433.72,433.72,1,210532.62
CUST44888233642,73.78,73.78,1,189472.87
CUST44905964138,1432.91,1432.91,1,178240.86
CUST44906509888,76.4,76.4,1,293374.67
CUST44907656800,1253.17,1253.17,1,237885.66
CUST44907839044,147.07,147.07,1,145798.34
CUST44918178684,4428.67,4428.67,1,200916.24
CUST44924149302,471.64,471.64,1,50038.03
CUST44927753737,169.74,169.74,1,262737.68
CUST44936743272,134.5,134.5,1,168466.85
CUST44937413076,613.9,613.9,1,415810.0
CUST44940389368,1228.28,1228.28,1,135381.36
CUST44944238922,543.95,543.95,1,335377.58
CUST44946560077,2879.73,2879.73,1,70005.66
CUST44949270493,829.67,829.67,1,378315.82
CUST44950053099,2670.2,2670.2,1,58228.36
CUST44955640798,214.56,214.56,1,61040.06
CUST44962027585,4009.6,4009.6,1,361715.37
CUST44967128230,340.86,340.86,1,88950.22
CUST44968749179,10424.76,10424.76,1,425804.41
CUST44969427507,325.72,325.72,1,257436.01
CUST44971273998,533.84,533.84,1,76217.47
CUST44972688099,1210.14,1210.14,1,171845.2
CUST44973995256,944.56,944.56,1,463368.43
CUST44975957123,348.37,348.37,1,218930.06
CUST44992539793,334.04,334.04,1,263751.08
CUST44993688204,66.41,66.41,1,233325.59
CUST45000605780,437.56,437.56,1,104353.17
CUST45003553217,747.22,747.22,1,195507.31
CUST45012533941,318.45,318.45,1,421344.36
CUST45016898512,2034.46,2034.46,1,153845.09
CUST45018322286,111.46,111.46,1,252135.52
CUST45022654508,5609.58,5609.58,1,29380.93
CUST45025066231,577.23,577.23,1,249789.37
CUST45026877962,263.01,263.01,1,75995.98
CUST45034379259,210.83,210.83,1,58786.93
CUST45040761096,180.93,180.93,1,467542.51
CUST45040956311,58.6,58.6,1,348603.06
CUST45041149948,2481.41,2481.41,1,12149.51
CUST45046335089,122.23,122.23,1,123084.72
CUST45051725258,435.04,435.04,1,329552.67
CUST45054867821,721.55,721.55,1,213094.94
CUST45058819762,179.36,179.36,1,499704.9
CUST45060752668,160.3,160.3,1,31082.41
CUST45083527643,131.75,131.75,1,180344.5
CUST45087063079,6448.27,6448.27,1,160916.32
CUST45087351080,5887.17,5887.17,1,465779.5
CUST45090272282,618.61,618.61,1,210288.45
CUST45092830255,50.53,50.53,1,126020.26
CUST45095502187,1082.6,1082.6,1,125006.01
CUST45096792072,624.14,624.14,1,315793.66
CUST45098581821,2117.99,2117.99,1,414310.95
CUST45101903362,10494.4,10494.4,1,292067.12
CUST45114653018,438.41,438.41,1,469377.1
CUST45119162235,1403.97,1403.97,1,109974.33
CUST45124259875,972.77,972.77,1,352299.7
CUST45127506587,949.03,949.03,1,369167.86
CUST45131684016,179.09,179.09,1,476508.37
CUST45137548751,506.88,506.88,1,499049.14
CUST45147199893,3493.11,3493.11,1,15147.66
CUST45152198332,185.98,185.98,1,288684.36
CUST45154211317,752.18,752.18,1,426563.68
CUST45154571703,695.25,695.25,1,247759.75
CUST45155106252,820.58,820.58,1,36680.61
CUST45159103021,219.46,219.46,1,11846.26
CUST45168063575,1123.01,1123.01,1,135120.88
CUST45173583580,143.59,143.59,1,391697.22
CUST45180557392,163.94,163.94,1,467008.02
CUST45180720792,812.7,812.7,1,421771.27
CUST45188971847,8806.33,8806.33,1,20346.47
CUST45196118621,837.0,837.0,1,402556.22
CUST45196128457,192.77,192.77,1,406122.6
CUST45197960678,21121.31,21121.31,1,107580.33
CUST45213055669,1128.85,1128.85,1,362998.52
CUST45217301223,801.78,801.78,1,217531.13
CUST45217771494,487.49,487.49,1,233822.32
CUST45218681419,172.4,172.4,1,154903.99
CUST45226575799,803.37,803.37,1,282552.64
CUST45227301139,74.4,74.4,1,235559.0
CUST45233894994,1614.36,1614.36,1,341952.99
CUST45237186364,415.93,415.93,1,32458.65
CUST45237377180,3036.27,3036.27,1,258289.05
CUST45247641188,208.33,208.33,1,113122.58
CUST45248185433,7531.02,7531.02,1,82413.71
CUST45248831027,4537.01,4537.01,1,307836.52
CUST45251782869,198.35,198.35,1,103117.97
CUST45252452602,134.97,134.97,1,238567.8
CUST45252684808,5781.19,5781.19,1,334680.18
CUST45255905511,265.93,265.93,1,272820.52
CUST45267233055,301.88,301.88,1,83298.09
CUST45275385197,440.6,440.6,1,86068.72
CUST45279783983,807.67,807.67,1,266349.71
CUST45285208717,307.45,307.45,1,232949.31
CUST45286722301,437.55,437.55,1,333924.0
CUST45299467700,239.74,239.74,1,45890.4
CUST45305297801,6362.1,6362.1,1,128256.08
CUST45315526943,70.78,70.78,1,71289.54
CUST45318370013,3849.25,3849.25,1,271138.94
CUST45322419254,2293.52,2293.52,1,105085.76
CUST45328980397,4397.02,4397.02,1,366966.05
CUST45338664526,604.48,604.48,1,326804.26
CUST45343166346,508.34,508.34,1,73973.83
CUST45345687642,932.92,932.92,1,44482.71
CUST45352178828,998.25,998.25,1,431046.08
CUST45357932065,1400.45,1400.45,1,69429.27
CUST45358128516,1077.16,1077.16,1,325459.49
CUST45361940992,461.42,461.42,1,344654.96
CUST45366415309,720.32,720.32,1,447903.81
CUST45368824396,148.85,148.85,1,3634.22
CUST45375506140,2600.49,2600.49,1,217895.5
CUST45384487767,5599.01,5599.01,1,204188.51
CUST45384575154,793.63,793.63,1,420344.06
CUST45388186496,111.46,111.46,1,404936.9
CUST45389268332,367.68,367.68,1,162690.52
CUST45395151072,220.02,220.02,1,470570.46
CUST45398183263,371.5,371.5,1,100891.13
CUST45401066860,179.92,179.92,1,9280.74
CUST45406898778,1379.64,1379.64,1,424843.51
CUST45409372640,2401.63,2401.63,1,59153.59
CUST45412709257,802.22,802.22,1,17175.18
CUST45414509941,4510.1,4510.1,1,134218.15
CUST45415292947,1262.28,1262.28,1,357529.97
CUST45443317930,922.38,922.38,1,459378.75
CUST45443925400,2437.7,2437.7,1,15159.93
CUST45446965704,127.82,127.82,1,128134.38
CUST45457948484,145.07,145.07,1,352652.94
CUST45466877644,15823.12,15823.12,1,260757.41
CUST45471743773,848.59,848.59,1,229626.64
CUST45473656031,662.03,662.03,1,488528.08
CUST45474369337,863.43,863.43,1,49846.71
CUST45476098275,829.27,829.27,1,147402.4
CUST45482891970,1820.45,1820.45,1,404599.21
CUST45484321167,5299.34,5299.34,1,233540.91
CUST45486471408,342.23,342.23,1,276094.58
CUST45488039349,855.91,855.91,1,411135.74
CUST45512953765,7534.06,7534.06,1,161826.07
CUST45528840236,998.27,998.27,1,164644.39
CUST45532842367,276.57,276.57,1,347487.8
CUST45535418062,318.46,318.46,1,426402.22
CUST45536819337,2810.38,2810.38,1,438505.32
CUST45540130695,1852.02,1852.02,1,472310.77
CUST45562279097,6457.15,6457.15,1,454264.97
CUST45564334670,299.46,299.46,1,430451.91
CUST45583386373,470.67,470.67,1,267241.51
CUST45583643167,3930.07,3930.07,1,118697.39
CUST45588088992,6415.62,6415.62,1,154157.49
CUST45588572838,97.55,97.55,1,36185.62
CUST45589230609,137.53,137.53,1,379304.32
CUST45589919032,1232.3,1232.3,1,330061.8
CUST45592118544,813.15,813.15,1,307552.08
CUST45592816708,1773.51,1773.51,1,62244.64
CUST45599427921,3171.58,3171.58,1,354673.95
CUST45599860745,55.95,55.95,1,211344.25
CUST45600672508,3644.73,3644.73,1,68371.46
CUST45603254929,1017.6,1017.6,1,486825.07
CUST45605664711,331.57,331.57,1,402514.94
CUST45606901605,2006.73,2006.73,1,60234.81
CUST45607197053,763.2,763.2,1,445457.75
CUST45611422145,182.5,182.5,1,452497.68
CUST45613831800,1885.76,1885.76,1,37985.43
CUST45614461219,1827.35,1827.35,1,254793.32
CUST45614723437,4636.17,4636.17,1,305949.73
CUST45618677813,5552.55,5552.55,1,252633.47
CUST45641496053,2163.81,2163.81,1,208813.01
CUST45644749935,451.6,451.6,1,384076.49
CUST45659096701,656.75,656.75,1,13742.49
CUST45665986864,3477.74,3477.74,1,470720.04
CUST45671468080,309.1,309.1,1,293696.2
CUST45671814598,326.81,326.81,1,373679.7
CUST45672080483,153.87,153.87,1,338413.15
CUST45676230196,1540.65,1540.65,1,487131.77
CUST45676465722,8251.3,8251.3,1,125422.21
CUST45676815316,292.58,292.58,1,168535.87
CUST45677472608,1267.15,1267.15,1,128831.67
CUST45678144067,306.56,306.56,1,14585.99
CUST45681024488,318.54,318.54,1,437191.72
CUST45685868169,251.65,251.65,1,286520.13
CUST45687799475,340.62,340.62,1,442639.25
CUST45712771189,322.48,322.48,1,438538.5
CUST45719668990,285.95,285.95,1,75737.21
CUST45722762704,542.66,542.66,1,291320.2
CUST45726828580,768.95,768.95,1,241830.11
CUST45727620646,623.26,623.26,1,175185.49
CUST45728596889,399.58,399.58,1,43010.28
CUST45728955055,2556.8,2556.8,1,66471.67
CUST45742381258,1985.38,1985.38,1,411656.07
CUST45744856495,431.33,431.33,1,160869.43
CUST45747606012,2332.51,2332.51,1,16813.82
CUST45749604188,1885.64,1885.64,1,84506.79
CUST45753505301,2619.83,2619.83,1,382143.21
CUST45761580528,3214.78,3214.78,1,83044.58
CUST45764132921,502.15,502.15,1,99707.1
CUST45764693126,6112.62,6112.62,1,417939.86
CUST45791369900,3876.02,3876.02,1,378795.18
CUST45791889007,1146.19,1146.19,1,308331.28
CUST45806055768,134.66,134.66,1,318589.82
CUST45809124627,196.31,196.31,1,497282.48
CUST45810078498,33.69,33.69,1,301300.99
CUST45812550985,928.31,928.31,1,323284.06
CUST45812755998,1730.75,1730.75,1,151069.46
CUST45816175161,410.24,410.24,1,150474.28
CUST45819354869,4246.29,4246.29,1,251759.02
CUST45821482566,194.92,194.92,1,398923.43
CUST45822657298,951.78,951.78,1,295963.04
CUST45823647487,286.83,286.83,1,417556.46
CUST45825452401,3211.26,3211.26,1,244547.31
CUST45828707630,615.61,615.61,1,178965.4
CUST45836684959,35.48,35.48,1,439291.39
CUST45840064630,195.53,195.53,1,487533.85
CUST45841721466,74.37,74.37,1,328319.87
CUST45847343347,2386.53,2386.53,1,255474.01
CUST45854359536,1586.93,1586.93,1,268484.49
CUST45857252620,1116.0,1116.0,1,61851.1
CUST45883121949,580.2,580.2,1,60726.05
CUST45885964457,2083.39,2083.39,1,4035.05
CUST45894902980,8940.36,8940.36,1,224462.27
CUST45896518648,2416.16,2416.16,1,115931.29
CUST45898839946,52.9,52.9,1,426880.93
CUST45906818704,2688.49,2688.49,1,214370.95
CUST45907258823,439.81,439.81,1,249831.42
CUST45911068551,374.65,374.65,1,117104.5
CUST45911081829,661.29,661.29,1,322177.38
CUST45926102542,607.99,607.99,1,21377.97
CUST45926130638,2825.01,2825.01,1,91031.83
CUST45931556211,1355.88,1355.88,1,69108.99
CUST45952015750,1125.28,1125.28,1,179863.53
CUST45955752209,962.88,962.88,1,66111.92
CUST45958200510,624.11,624.11,1,269051.15
CUST45961362847,176.56,176.56,1,407791.38
CUST45962838746,560.49,560.49,1,462561.89
CUST45965291168,1251.7,1251.7,1,295930.66
CUST45965586068,1589.2,1589.2,1,393982.13
CUST45970101288,501.84,501.84,1,392668.13
CUST45971411824,331.81,331.81,1,329922.58
CUST45975783209,594.89,594.89,1,112941.96
CUST45980418778,28.71,28.71,1,204823.96
CUST45990199885,222.15,222.15,1,258598.77
CUST45991354091,3651.4,3651.4,1,231166.81
CUST45991901978,3338.75,3338.75,1,167012.5
CUST45998961624,102.93,102.93,1,463306.33
CUST46003938028,450.97,450.97,1,433780.62
CUST46018968326,583.41,583.41,1,156225.18
CUST46021131435,36549.52,36549.52,1,117543.84
CUST46021729951,240.73,240.73,1,73574.7
CUST46022512974,1880.37,1880.37,1,390997.92
CUST46030857090,397.29,397.29,1,292388.56
CUST46040118039,4691.55,4691.55,1,310042.91
CUST46044656796,206.22,206.22,1,133462.21
CUST46044668496,3628.09,3628.09,1,346514.44
CUST46044811794,3028.27,3028.27,1,125758.27
CUST46045430423,95.8,95.8,1,307635.67
CUST46059583454,4124.57,4124.57,1,318861.24
CUST46059954031,253.41,253.41,1,14729.99
CUST46061247612,10364.15,10364.15,1,4289.37
CUST46064886852,690.61,690.61,1,237642.44
CUST46068751835,981.15,981.15,1,327651.05
CUST46071891955,1211.37,1211.37,1,314052.08
CUST46073848263,196.03,196.03,1,401494.85
CUST46081692993,3684.15,3684.15,1,212360.74
CUST46087607829,451.37,451.37,1,100387.05
CUST46092420970,301.88,301.88,1,169985.16
CUST46095521336,2113.86,2113.86,1,87885.72
CUST46103312996,1660.57,1660.57,1,232522.36
CUST46108415766,923.24,923.24,1,474363.92
CUST46110937974,725.87,725.87,1,412662.99
CUST46111645757,905.62,905.62,1,431444.65
CUST46113493433,3324.7,3324.7,1,284520.22
CUST46117824503,6363.09,6363.09,1,472855.73
CUST46118329737,2537.2,2537.2,1,117389.77
CUST46118658128,150.25,150.25,1,82815.18
CUST46123475199,535.63,535.63,1,204657.99
CUST46126703834,5082.28,5082.28,1,174653.73
CUST46128701757,769.75,769.75,1,406424.51
CUST46131409090,632.37,632.37,1,172363.77
CUST46131986949,862.08,862.08,1,317887.09
CUST46136239392,688.26,688.26,1,378278.32
CUST46136949037,823.52,823.52,1,84911.54
CUST46142849100,6075.07,6075.07,1,306456.64
CUST46145215094,8854.24,8854.24,1,448291.36
CUST46154704410,636.49,636.49,1,331878.14
CUST46164895406,174.26,174.26,1,208139.32
CUST46166081905,392.57,392.57,1,66424.26
CUST46171122842,1916.17,1916.17,1,477610.23
CUST46176823356,1008.77,1008.77,1,164605.16
CUST46178248948,1876.74,1876.74,1,79084.88
CUST46190487919,468.25,468.25,1,401118.74
CUST46192260265,334.13,334.13,1,217391.5
CUST46195411295,3927.29,3927.29,1,46858.61
CUST46197270844,860.26,860.26,1,53577.97
CUST46198748760,1119.01,1119.01,1,343671.16
CUST46198998377,209.21,209.21,1,155106.5
CUST46205167599,363.2,363.2,1,172382.85
CUST46207025704,2832.11,2832.11,1,255904.69
CUST46208341005,738.67,738.67,1,336394.17
CUST46210385995,2729.47,2729.47,1,295885.61
CUST46211555375,5352.74,5352.74,1,404373.26
CUST46212741299,940.97,940.97,1,418686.05
CUST46220077647,2177.2,2177.2,1,266246.42
CUST46220921980,1007.06,1007.06,1,309570.6
CUST46227897624,341.87,341.87,1,24497.42
CUST46229623024,767.88,767.88,1,61607.27
CUST46236233562,144.71,144.71,1,416497.4
CUST46237810270,930.77,930.77,1,221089.67
CUST46243635821,2535.05,2535.05,1,35482.89
CUST46243803272,292.97,292.97,1,412522.24
CUST46243864532,210.92,210.92,1,488835.25
CUST46256727109,105.19,105.19,1,14705.63
CUST46261059501,1124.73,1124.73,1,407718.38
CUST46265636345,387.08,387.08,1,73250.66
CUST46275171113,397.59,397.59,1,60029.47
CUST46276508989,480.27,480.27,1,372214.68
CUST46277744358,241.39,241.39,1,379109.04
CUST46281419651,1230.06,1230.06,1,154537.87
CUST46282546234,313.4,313.4,1,286263.45
CUST46282762354,933.65,933.65,1,295447.2
CUST46286523131,122.39,122.39,1,393325.95
CUST46292801274,333.14,333.14,1,379762.94
CUST46293043539,1347.23,1347.23,1,399998.93
CUST46293108674,431.12,431.12,1,136432.44
CUST46298022465,30468.59,30468.59,1,34603.94
CUST46301106919,5100.82,5100.82,1,381698.86
CUST46303983566,1509.5,1509.5,1,285951.32
CUST46306355029,590.19,590.19,1,232660.45
CUST46313914527,211.68,211.68,1,491714.69
CUST46316406189,1193.54,1193.54,1,487521.9
CUST46319900387,155.16,155.16,1,304333.58
CUST46321353574,139.19,139.19,1,190506.92
CUST46323636676,750.11,750.11,1,379084.4
CUST46333826941,320.35,320.35,1,63284.08
CUST46344812165,22380.17,22380.17,1,186407.01
CUST46349081217,2826.0,2826.0,1,249667.24
CUST46349196371,9305.76,9305.76,1,261734.07
CUST46349796835,1284.98,1284.98,1,228002.6
CUST46351915816,278.63,278.63,1,130004.06
CUST46354691745,506.89,506.89,1,375453.47
CUST46360191203,698.95,698.95,1,97026.31
CUST46363238619,754.62,754.62,1,336051.32
CUST46367944607,3111.76,3111.76,1,232451.57
CUST46374686843,747.88,747.88,1,31980.36
CUST46377096884,442.46,442.46,1,406958.82
CUST46382981867,638.97,638.97,1,244675.56
CUST46385944064,1049.65,1049.65,1,485031.21
CUST46386086269,607.8,607.8,1,398755.83
CUST46387880306,783.06,783.06,1,147036.38
CUST46394514162,663.33,663.33,1,477256.86
CUST46395309245,154.29,154.29,1,374742.29
CUST46400164923,104.31,104.31,1,263319.09
CUST46408655691,1852.94,1852.94,1,173252.11
CUST46408994240,245.07,245.07,1,357788.31
CUST46411418175,340.43,340.43,1,318296.67
CUST46412548646,7605.36,7605.36,1,491730.64
CUST46413797623,101.7,101.7,1,299775.81
CUST46417601236,849.19,849.19,1,238004.32
CUST46420473109,969.37,969.37,1,225196.83
CUST46425142892,574.25,574.25,1,246581.17
CUST46435429214,32.37,32.37,1,91236.51
CUST46438125673,337.66,337.66,1,451805.96
CUST46444085239,1139.56,1139.56,1,393348.46
CUST46444467982,289.52,289.52,1,39795.45
CUST46453921624,367.38,367.38,1,71569.4
CUST46468703845,2058.59,2058.59,1,199371.13
CUST46472424594,5046.95,5046.95,1,81291.95
CUST46474514316,582.52,582.52,1,259719.11
CUST46488887744,5071.29,5071.29,1,144257.75
CUST46490286079,76.09,76.09,1,52368.78
CUST46493629281,1499.15,1499.15,1,339945.09
CUST46495449883,277.47,277.47,1,11468.15
CUST46498636082,713.86,713.86,1,11549.84
CUST46500581002,263.07,263.07,1,462288.91
CUST46510112905,436.69,436.69,1,158258.92
CUST46517224531,200.56,200.56,1,350366.18
CUST46517591002,727.7,727.7,1,136182.97
CUST46519876546,497.19,497.19,1,340230.38
CUST46521813822,495.75,495.75,1,182507.77
CUST46529710734,1991.72,1991.72,1,98330.34
CUST46530399012,4454.84,4454.84,1,477027.63
CUST46532361403,9026.38,9026.38,1,102025.46
CUST46539672978,455.7,455.7,1,348226.6
CUST46543382269,114.12,114.12,1,145917.96
CUST46548400068,628.43,628.43,1,247402.64
CUST46554845037,1179.3,1179.3,1,121338.14
CUST46559724281,465.48,465.48,1,262185.89
CUST46564262300,284.49,284.49,1,186141.63
CUST46569454295,429.11,429.11,1,78695.04
CUST46573290090,410.32,410.32,1,165898.71
CUST46573474701,5797.87,5797.87,1,375707.16
CUST46579418977,511.48,511.48,1,143105.0
CUST46581854537,426.14,426.14,1,23407.18
CUST46583063779,420.94,420.94,1,215246.03
CUST46583768386,510.26,510.26,1,96528.18
CUST46588452137,345.91,345.91,1,284237.31
CUST46590740209,182.76,182.76,1,368337.97
CUST46592241542,253.08,253.08,1,180992.43
CUST46609426534,311.07,311.07,1,106256.28
CUST46611511645,378.22,378.22,1,461017.1
CUST46618243294,544.67,544.67,1,403940.32
CUST46618972363,2444.24,2444.24,1,388029.01
CUST46621496120,711.52,711.52,1,454829.16
CUST46627885109,1909.94,1909.94,1,38309.44
CUST46632917841,1289.53,1289.53,1,450446.18
CUST46641081092,947.7,947.7,1,258721.24
CUST46644926395,1222.83,1222.83,1,167390.63
CUST46648814050,95.99,95.99,1,130687.21
CUST46651422471,242.22,242.22,1,17147.73
CUST46653335734,888.88,888.88,1,480335.95
CUST46660435156,1902.25,1902.25,1,177422.32
CUST46661795155,1467.58,1467.58,1,124092.53
CUST46663401155,1907.42,1907.42,1,211609.82
CUST46663985692,20001.84,20001.84,1,403862.28
CUST46664185822,598.16,598.16,1,55229.6
CUST46665968936,1036.23,1036.23,1,303901.83
CUST46666822782,1691.15,1691.15,1,187325.94
CUST46667587011,654.6,654.6,1,354546.82
CUST46669553778,1100.67,1100.67,1,279992.21
CUST46670937203,218.02,218.02,1,121074.35
CUST46671601137,1045.47,1045.47,1,184827.19
CUST46672897357,198.19,198.19,1,432476.34
CUST46672912930,173.78,173.78,1,101658.16
CUST46682009299,1057.27,1057.27,1,170930.2
CUST46682563637,441.37,441.37,1,158778.31
CUST46688788636,100.54,100.54,1,93431.8
CUST46690286838,153.43,153.43,1,241087.85
CUST46692136983,631.55,631.55,1,376551.58
CUST46696061198,1193.67,1193.67,1,465251.87
CUST46703092411,669.6,669.6,1,249206.46
CUST46703098418,2354.03,2354.03,1,436925.19
CUST46706897913,1377.04,1377.04,1,362357.94
CUST46707036040,367.08,367.08,1,65799.81
CUST46714575676,393.08,393.08,1,143342.0
CUST46720051770,185.05,185.05,1,85101.58
CUST46730755938,9137.23,9137.23,1,159027.99
CUST46732471410,209.46,209.46,1,411570.35
CUST46733273622,908.79,908.79,1,97482.16
CUST46737956814,415.93,415.93,1,171417.4
CUST46754834745,526.29,526.29,1,150763.72
CUST46760361046,4645.68,4645.68,1,71963.22
CUST46764078307,101.4,101.4,1,161805.67
CUST46765616597,834.4,834.4,1,409578.88
CUST46778836845,119.0,119.0,1,270398.22
CUST46781282210,62.37,62.37,1,1995.36
CUST46786759075,638.72,638.72,1,117879.74
CUST46794464688,531.09,531.09,1,298424.35
CUST46795724603,1095.07,1095.07,1,396347.54
CUST46800444127,10972.35,10972.35,1,57988.57
CUST46806938009,145.46,145.46,1,52093.5
CUST46812525736,1335.06,1335.06,1,227532.97
CUST46819263302,469.91,469.91,1,258809.7
CUST46827356807,599.91,599.91,1,363591.09
CUST46833776558,242.81,242.81,1,459086.95
CUST46840333189,83.24,83.24,1,366758.65
CUST46842087532,474.91,474.91,1,439660.63
CUST46843457524,16386.56,16386.56,1,427207.64
CUST46849515354,341.42,341.42,1,306328.45
CUST46853433608,1294.52,1294.52,1,234393.5
CUST46854883601,554.88,554.88,1,367387.48
CUST46863495834,530.77,530.77,1,98771.61
CUST46867637081,2069.03,2069.03,1,444807.19
CUST46882408067,51.21,51.21,1,312188.19
CUST46898275020,15816.59,15816.59,1,136403.78
CUST46907196873,87.5,87.5,1,243211.0
CUST46923768415,235.96,235.96,1,366888.82
CUST46924675404,1257.17,1257.17,1,434639.04
CUST46928761685,84.58,84.58,1,157596.03
CUST46932466137,729.43,729.43,1,401844.67
CUST46933086295,292.32,292.32,1,188061.37
CUST46933773417,325.38,325.38,1,214791.37
CUST46940541295,2193.86,2193.86,1,44023.3
CUST46952634876,1924.41,1924.41,1,375247.27
CUST46954125696,202.06,202.06,1,373565.57
CUST46956407442,630.96,630.96,1,290359.89
CUST46957896633,467.26,467.26,1,144555.69
CUST46969277398,397.71,397.71,1,166996.02
CUST46969440027,412.95,412.95,1,101178.42
CUST46973774669,9232.23,9232.23,1,41259.83
CUST46979847775,137.94,137.94,1,152138.4
CUST46986778126,107.96,107.96,1,268081.26
CUST46989729526,256.84,256.84,1,454309.42
CUST46998754016,1018.24,1018.24,1,90698.86
CUST47007845614,2818.81,2818.81,1,491693.08
CUST47013239357,62.05,62.05,1,317952.65
CUST47016982452,970.29,970.29,1,227984.3
CUST47019483930,293.71,293.71,1,449951.43
CUST47022521846,1313.62,1313.62,1,490089.35
CUST47023533583,732.59,732.59,1,187407.31
CUST47024849969,75.42,75.42,1,55449.22
CUST47029123520,689.91,689.91,1,427547.29
CUST47029629628,2702.46,2702.46,1,74893.37
CUST47030379260,2653.03,2653.03,1,84886.71
CUST47033739670,493.09,493.09,1,37174.24
CUST47036380511,453.9,453.9,1,120888.77
CUST47038577976,7387.35,7387.35,1,292469.12
CUST47046020053,374.82,374.82,1,230722.14
CUST47047619161,5004.07,5004.07,1,46066.14
CUST47051068421,3795.42,3795.42,1,63972.29
CUST47055990284,87.25,87.25,1,401908.75
CUST47072623408,138.97,138.97,1,329730.75
CUST47073043520,5005.28,5005.28,1,41305.27
CUST47082446802,539.97,539.97,1,13419.74
CUST47082847095,402.35,402.35,1,174243.86
CUST47084935988,968.35,968.35,1,431632.82
CUST47098473391,930.27,930.27,1,131289.28
CUST47105570848,1253.56,1253.56,1,268023.63
CUST47107422012,3660.16,3660.16,1,338933.98
CUST47107670515,2864.08,2864.08,1,8328.06
CUST47113672422,321.03,321.03,1,352477.29
CUST47117770192,3996.06,3996.06,1,353842.63
CUST47118463901,1014.03,1014.03,1,456498.45
CUST47119226871,3289.34,3289.34,1,435172.4
CUST47122511019,222.49,222.49,1,282753.57
CUST47131650858,1419.47,1419.47,1,3595.24
CUST47135888170,1049.94,1049.94,1,450618.92
CUST47140070984,4109.82,4109.82,1,182537.27
CUST47150925227,829.15,829.15,1,26741.63
CUST47156425037,269.12,269.12,1,401893.97
CUST47158203604,248.96,248.96,1,459386.6
CUST47165312008,2860.41,2860.41,1,57059.88
CUST47168397800,437.32,437.32,1,309623.76
CUST47179817106,2773.39,2773.39,1,311099.49
CUST47183554725,6026.71,6026.71,1,396911.48
CUST47184865777,6037.48,6037.48,1,440447.27
CUST47189228610,8447.72,8447.72,1,366224.86
CUST47194967632,6121.62,6121.62,1,315474.51
CUST47197383696,1238.66,1238.66,1,163582.19
CUST47208823855,784.64,784.64,1,333755.54
CUST47229056420,71.84,71.84,1,211234.27
CUST47235317118,461.31,461.31,1,127799.81
CUST47238118820,827.77,827.77,1,177452.31
CUST47238725787,590.28,590.28,1,377371.76
CUST47240728211,2241.52,2241.52,1,305734.44
CUST47244032245,729.07,729.07,1,384326.13
CUST47253229844,70.07,70.07,1,332134.03
CUST47265744242,4496.52,4496.52,1,411840.4
CUST47268081616,10687.15,10687.15,1,412938.01
CUST47269708979,765.71,765.71,1,159919.3
CUST47273091132,17168.04,17168.04,1,473022.5
CUST47281667009,236.28,236.28,1,329864.31
CUST47282842740,276.61,276.61,1,309137.04
CUST47287140036,231.85,231.85,1,479533.73
CUST47287996042,216.2,216.2,1,322209.93
CUST47293856117,1183.4,1183.4,1,114541.63
CUST47295401544,882.02,882.02,1,140674.55
CUST47296514894,9344.4,9344.4,1,312536.56
CUST47316347246,740.96,740.96,1,386164.52
CUST47320279056,229.15,229.15,1,284792.24
CUST47320670389,5637.74,5637.74,1,309643.48
CUST47322651016,192.27,192.27,1,310976.39
CUST47329009202,129.88,129.88,1,23830.11
CUST47330173597,111.99,111.99,1,29539.27
CUST47330497608,1165.66,1165.66,1,196045.45
CUST47331708884,300.54,300.54,1,483965.17
CUST47342134598,1011.7,1011.7,1,143478.59
CUST47347000688,546.02,546.02,1,186828.01
CUST47348888644,772.86,772.86,1,231797.53
CUST47350902153,684.44,684.44,1,3781.94
CUST47351533846,4959.2,4959.2,1,444950.52
CUST47355797824,1338.14,1338.14,1,278329.81
CUST47357696911,761.42,761.42,1,74085.74
CUST47358076897,1124.09,1124.09,1,312593.01
CUST47364702696,5735.51,5735.51,1,162467.73
CUST47377617501,2294.93,2294.93,1,221125.95
CUST47379716363,90.85,90.85,1,498891.22
CUST47381268715,1237.04,1237.04,1,427206.08
CUST47391576005,82192.15,82192.15,1,95348.15
CUST47411341866,65.72,65.72,1,372877.78
CUST47414577983,2115.92,2115.92,1,171950.0
CUST47421523084,1647.73,1647.73,1,78540.22
CUST47422911059,1971.69,1971.69,1,254755.73
CUST47424587438,6293.39,6293.39,1,462904.58
CUST47425242655,1277.34,1277.34,1,40854.18
CUST47428099118,4598.35,4598.35,1,370684.08
CUST47433957556,85.4,85.4,1,407404.82
CUST47448322844,312.9,312.9,1,471197.32
CUST47449832390,807.64,807.64,1,428180.7
CUST47450743307,268.41,268.41,1,80189.13
CUST47453832685,603.44,603.44,1,80703.34
CUST47457867484,10123.78,10123.78,1,486189.27
CUST47464865774,13943.94,13943.94,1,355753.59
CUST47465542214,1259.26,1259.26,1,414625.33
CUST47465853934,280.06,280.06,1,257613.09
CUST47475292222,1610.26,1610.26,1,419178.92
CUST47478300966,73.22,73.22,1,361663.54
CUST47480924292,764.41,764.41,1,213534.72
CUST47483567663,2481.13,2481.13,1,140801.3
CUST47489954876,2969.79,2969.79,1,397389.38
CUST47494939617,679.3,679.3,1,78832.55
CUST47497869075,320.99,320.99,1,7194.31
CUST47503104675,479.52,479.52,1,428713.62
CUST47507556995,284.27,284.27,1,59093.88
CUST47511032475,42.37,42.37,1,201524.26
CUST47512887006,322.53,322.53,1,337344.63
CUST47515066591,6816.71,6816.71,1,142241.82
CUST47526787324,340.36,340.36,1,311803.07
CUST47531000395,3157.73,3157.73,1,117505.98
CUST47533952356,5415.9,5415.9,1,497696.21
CUST47540312698,1229.88,1229.88,1,54711.69
CUST47540745581,513.44,513.44,1,449149.95
CUST47543723865,857.39,857.39,1,46743.33
CUST47554414466,843.88,843.88,1,298695.7
CUST47559503014,1220.14,1220.14,1,351139.39
CUST47566751393,104.16,104.16,1,414502.88
CUST47567386871,579.32,579.32,1,497346.5
CUST47568419392,6452.14,6452.14,1,209192.27
CUST47576142335,2823.35,2823.35,1,43447.68
CUST47577033128,17324.63,17324.63,1,90120.73
CUST47577095517,1553.37,1553.37,1,192246.44
CUST47577310653,95.2,95.2,1,54650.09
CUST47577458918,478.85,478.85,1,151789.58
CUST47581459344,2454.98,2454.98,1,436313.44
CUST47593124441,1308.47,1308.47,1,396951.29
CUST47593187926,448.6,448.6,1,355336.33
CUST47602121860,6920.76,6920.76,1,450461.8
CUST47603237935,127.37,127.37,1,234674.55
CUST47603270508,318.86,318.86,1,283358.38
CUST47605670372,146.35,146.35,1,390913.68
CUST47607028321,904.16,904.16,1,347076.45
CUST47609369261,566.29,566.29,1,344974.07
CUST47621953274,2849.86,2849.86,1,211089.18
CUST47627787637,1125.4,1125.4,1,210061.27
CUST47628556315,795.23,795.23,1,94303.04
CUST47629756871,799.14,799.14,1,164361.94
CUST47632881066,517.65,517.65,1,153719.77
CUST47633945350,441.95,441.95,1,372564.49
CUST47647243636,4920.64,4920.64,1,343405.65
CUST47649723528,9526.04,9526.04,1,177844.7
CUST47650723460,210.66,210.66,1,291241.47
CUST47653789062,159.64,159.64,1,460890.98
CUST47658325699,1172.49,1172.49,1,249410.42
CUST47660759572,147.57,147.57,1,415862.53
CUST47660779382,429.51,429.51,1,344199.65
CUST47665650397,187.44,187.44,1,474896.4
CUST47665752461,694.24,694.24,1,497192.64
CUST47665979921,171.53,171.53,1,403471.54
CUST47672265439,9223.56,9223.56,1,422634.23
CUST47672519040,599.56,599.56,1,465897.1
CUST47678085019,285.6,285.6,1,444537.09
CUST47688185477,583.89,583.89,1,59762.74
CUST47689700616,665.34,665.34,1,327804.3
CUST47689935065,3018.48,3018.48,1,34133.99
CUST47697585128,2276.94,2276.94,1,200362.52
CUST47699535010,838.64,838.64,1,381651.84
CUST47702093713,672.27,672.27,1,13031.19
CUST47702650784,1051.69,1051.69,1,146660.58
CUST47707302200,1064.57,1064.57,1,357597.64
CUST47709895214,2169.7,2169.7,1,289043.02
CUST47710114232,617.99,617.99,1,56443.0
CUST47712062288,924.61,924.61,1,15676.42
CUST47714135330,2462.23,2462.23,1,99378.09
CUST47714581486,138.25,138.25,1,344898.41
CUST47722767665,345.95,345.95,1,216249.2
CUST47724246874,325.22,325.22,1,24109.89
CUST47731684010,4487.2,4487.2,1,290047.11
CUST47736034749,745.81,745.81,1,281702.03
CUST47738326778,690.78,690.78,1,347242.64
CUST47740267146,322.19,322.19,1,387986.66
CUST47751925427,136.75,136.75,1,258236.09
CUST47755832866,352.53,352.53,1,214382.92
CUST47757575476,308.8,308.8,1,184062.79
CUST47758169838,30418.23,30418.23,1,453107.37
CUST47761755219,3273.85,3273.85,1,159474.2
CUST47765556509,1187.88,1187.88,1,327652.06
CUST47772921991,1116.51,1116.51,1,26499.83
CUST47774237023,8328.84,8328.84,1,184398.65
CUST47785311781,150.82,150.82,1,122204.41
CUST47786266274,299.78,299.78,1,333086.42
CUST47791183914,501.56,501.56,1,409987.65
CUST47791794650,1246.11,1246.11,1,27960.57
CUST47793065392,545.74,545.74,1,188603.75
CUST47796485278,212.29,212.29,1,128939.43
CUST47797405412,1318.11,1318.11,1,230500.34
CUST47798359731,384.93,384.93,1,199251.79
CUST47802720133,961.21,961.21,1,296537.77
CUST47803607645,5526.14,5526.14,1,341217.77
CUST47805191274,6566.47,6566.47,1,42466.17
CUST47806133310,228.4,228.4,1,445144.32
CUST47806787903,1043.59,1043.59,1,157277.6
CUST47808734068,1909.98,1909.98,1,353879.78
CUST47811117571,138.44,138.44,1,89281.71
CUST47825994997,6859.15,6859.15,1,215517.9
CUST47826850416,293.92,293.92,1,141292.62
CUST47827096614,22.62,22.62,1,331412.26
CUST47828208677,4765.63,4765.63,1,293756.36
CUST47828648588,602.25,602.25,1,179128.98
CUST47833274231,11335.35,11335.35,1,308189.58
CUST47838730111,731.58,731.58,1,180061.4
CUST47846821075,408.49,408.49,1,446493.93
CUST47846826984,1086.6,1086.6,1,42620.15
CUST47848472803,1000.39,1000.39,1,62765.42
CUST47857606809,1423.56,1423.56,1,34247.68
CUST47863148682,2554.26,2554.26,1,203342.82
CUST47865802492,479.53,479.53,1,461119.17
CUST47878864448,71.78,71.78,1,306615.67
CUST47880727109,1037.46,1037.46,1,164435.12
CUST47881384173,2748.78,2748.78,1,399176.2
CUST47881491355,817.81,817.81,1,252122.3
CUST47883101056,195.64,195.64,1,256057.93
CUST47883405247,308.79,308.79,1,333557.43
CUST47885070661,1009.62,1009.62,1,16720.53
CUST47888030536,663.27,663.27,1,100325.83
CUST47889747606,12323.3,12323.3,1,362691.43
CUST47892186022,119.95,119.95,1,107795.07
CUST47892481729,1014.8,1014.8,1,292921.25
CUST47895888242,39.13,39.13,1,242673.77
CUST47900357595,116.26,116.26,1,326340.22
CUST47902322327,593.58,593.58,1,202007.57
CUST47905255054,1062.66,1062.66,1,59608.35
CUST47906851418,1770.4,1770.4,1,329606.1
CUST47914350704,3149.19,3149.19,1,388510.56
CUST47916609093,434.72,434.72,1,410407.85
CUST47918572808,1481.57,1481.57,1,77619.13
CUST47921015627,1655.76,1655.76,1,49593.7
CUST47927659795,99.74,99.74,1,241575.95
CUST47929233547,4456.28,4456.28,1,313026.84
CUST47930885625,2539.96,2539.96,1,419395.77
CUST47937245785,615.5,615.5,1,433986.42
CUST47937601347,228.55,228.55,1,454430.93
CUST47940013367,773.69,773.69,1,250479.21
CUST47942603159,602.86,602.86,1,371815.55
CUST47943330388,3528.64,3528.64,1,256745.64
CUST47943920336,745.86,745.86,1,144159.99
CUST47946219838,166.63,166.63,1,38101.67
CUST47947360241,579.33,579.33,1,319821.13
CUST47949004864,115.48,115.48,1,243504.58
CUST47949256697,994.03,994.03,1,123502.24
CUST47950338927,324.2,324.2,1,168576.92
CUST47954189812,1026.9,1026.9,1,322446.84
CUST47957691235,1819.52,1819.52,1,16012.45
CUST47966835064,144.94,144.94,1,489031.03
CUST47967541120,1465.91,1465.91,1,212570.94
CUST47982237621,1595.15,1595.15,1,39483.5
CUST47983154490,424.36,424.36,1,362878.24
CUST47983622942,91.21,91.21,1,447826.22
CUST47983685584,1253.5,1253.5,1,314273.39
CUST47989338028,269.47,269.47,1,342278.0
CUST47990521471,2122.82,2122.82,1,284897.28
CUST47998236044,89.31,89.31,1,322235.19
CUST48001113538,1868.52,1868.52,1,229763.68
CUST48005793637,576.26,576.26,1,399747.88
CUST48017558238,340.16,340.16,1,497988.82
CUST48017802673,321.86,321.86,1,314772.55
CUST48020748925,88.31,88.31,1,231617.64
CUST48021520705,10770.21,10770.21,1,163451.39
CUST48023373909,39.0,39.0,1,276781.71
CUST48027413546,1772.67,1772.67,1,83047.94
CUST48027694614,231.38,231.38,1,366722.73
CUST48030843499,606.88,606.88,1,318789.82
CUST48037503865,218.5,218.5,1,171527.4
CUST48040848134,7685.17,7685.17,1,375368.51
CUST48041452263,6865.57,6865.57,1,63312.13
CUST48042114586,662.82,662.82,1,436076.09
CUST48047604561,111.43,111.43,1,156299.61
CUST48049527572,158.49,158.49,1,175944.17
CUST48052487551,540.54,540.54,1,439027.29
CUST48055314002,566.67,566.67,1,306164.87
CUST48063749352,504.45,504.45,1,444957.75
CUST48066923325,1429.74,1429.74,1,244589.95
CUST48068943335,15315.55,15315.55,1,164260.85
CUST48082551181,358.14,358.14,1,396580.3
CUST48084646129,994.01,994.01,1,135662.9
CUST48089106151,1151.96,1151.96,1,499009.3
CUST48095166668,48763.29,48763.29,1,228755.88
CUST48098307141,386.15,386.15,1,144429.25
CUST48103370437,2038.1,2038.1,1,349386.79
CUST48104868213,12569.2,12569.2,1,332772.77
CUST48110498796,112.99,112.99,1,357381.67
CUST48113658231,799.27,799.27,1,157251.36
CUST48118069774,320.24,320.24,1,287464.39
CUST48133379081,307.91,307.91,1,177312.04
CUST48136775057,538.69,538.69,1,215827.77
CUST48140412425,880.89,880.89,1,370842.75
CUST48146190256,901.47,901.47,1,177281.68
CUST48152480024,173.76,173.76,1,312404.82
CUST48156462189,1154.83,1154.83,1,467367.13
CUST48161400810,553.14,553.14,1,65960.67
CUST48171132547,5985.73,5985.73,1,455017.19
CUST48173026873,7190.36,7190.36,1,387168.88
CUST48185293371,2219.04,2219.04,1,348398.78
CUST48189968408,249.39,249.39,1,180520.59
CUST48196515694,17752.77,17752.77,1,410223.42
CUST48198810785,93.04,93.04,1,210097.27
CUST48223947142,2323.34,2323.34,1,209157.47
CUST48234853117,4167.95,4167.95,1,201492.36
CUST48236512961,812.56,812.56,1,251771.3
CUST48241015311,6170.8,6170.8,1,7232.69
CUST48244692426,893.49,893.49,1,287723.18
CUST48245160208,2545.42,2545.42,1,440489.08
CUST48252528532,981.53,981.53,1,62474.9
CUST48259362772,244.72,244.72,1,468564.4
CUST48260399763,69.77,69.77,1,329781.88
CUST48261119651,5810.41,5810.41,1,53995.05
CUST48265893809,539.75,539.75,1,91597.42
CUST48271754622,571.7,571.7,1,51563.92
CUST48277331666,153.01,153.01,1,262640.19
CUST48293545896,4898.08,4898.08,1,162911.4
CUST48295882424,579.59,579.59,1,448562.04
CUST48296129293,40.3,40.3,1,354063.45
CUST48303443911,1219.74,1219.74,1,164462.83
CUST48306260632,1006.16,1006.16,1,494939.1
CUST48315973861,1942.37,1942.37,1,232138.78
CUST48319664223,429.9,429.9,1,287651.13
CUST48326114488,106.02,106.02,1,404153.81
CUST48329229289,756.23,756.23,1,207554.93
CUST48332278222,886.37,886.37,1,187645.41
CUST48346129224,1180.24,1180.24,1,422133.92
CUST48367753364,5853.01,5853.01,1,70532.43
CUST48368065354,356.71,356.71,1,101927.55
CUST48370064455,802.37,802.37,1,147572.31
CUST48375397152,284.58,284.58,1,415901.71
CUST48378199665,3777.75,3777.75,1,157374.59
CUST48378265965,1734.36,1734.36,1,241062.77
CUST48385760268,966.26,966.26,1,488287.53
CUST48388861199,135.54,135.54,1,104955.15
CUST48390598136,184.16,184.16,1,274770.23
CUST48391539035,365.14,365.14,1,81188.32
CUST48391621166,190.45,190.45,1,63311.91
CUST48392376471,517.0,517.0,1,14607.97
CUST48414971318,901.53,901.53,1,319848.41
CUST48418711158,1669.83,1669.83,1,180018.92
CUST48431745705,265.21,265.21,1,297652.56
CUST48433278561,1313.35,1313.35,1,99079.99
CUST48435897614,6200.45,6200.45,1,357552.08
CUST48437036226,705.41,705.41,1,117943.5
CUST48439244739,574.53,574.53,1,92342.77
CUST48439685964,308.95,308.95,1,352718.08
CUST48440233038,572.08,572.08,1,151161.62
CUST48441926777,1435.89,1435.89,1,387812.55
CUST48442672246,5783.35,5783.35,1,56261.47
CUST48445662936,7568.8,7568.8,1,284871.54
CUST48448120397,89.2,89.2,1,11461.79
CUST48450920205,5311.56,5311.56,1,248534.72
CUST48460384430,1489.35,1489.35,1,407504.79
CUST48460822527,256.8,256.8,1,199364.43
CUST48463800055,7475.16,7475.16,1,250084.33
CUST48467976615,775.78,775.78,1,234218.45
CUST48474068667,94.02,94.02,1,76269.61
CUST48480119331,422.73,422.73,1,208969.27
CUST48497146262,227.31,227.31,1,341459.18
CUST48504697820,171.35,171.35,1,377932.71
CUST48506907720,1900.34,1900.34,1,131341.13
CUST48509147281,59.8,59.8,1,374385.24
CUST48514477116,418.56,418.56,1,315596.14
CUST48515329678,655.16,655.16,1,227462.49
CUST48517552092,882.37,882.37,1,163285.29
CUST48527073281,115.18,115.18,1,486555.24
CUST48528101893,2465.03,2465.03,1,215714.72
CUST48529074759,459.52,459.52,1,142075.19
CUST48530186134,5614.85,5614.85,1,97674.73
CUST48533012891,2797.88,2797.88,1,262776.17
CUST48539354418,454.09,454.09,1,327916.35
CUST48541247508,212.46,212.46,1,119091.94
CUST48548174801,825.16,825.16,1,312797.06
CUST48548660861,272.07,272.07,1,52944.21
CUST48548870320,316.51,316.51,1,186283.71
CUST48559719674,2205.12,2205.12,1,308364.45
CUST48562663222,1414.48,1414.48,1,190359.23
CUST48562684023,129.22,129.22,1,38748.84
CUST48566687526,95.36,95.36,1,485404.76
CUST48573579588,2341.76,2341.76,1,261774.44
CUST48574459376,846.37,846.37,1,195478.7
CUST48576075412,409.78,409.78,1,291375.87
CUST48579766964,967.97,967.97,1,459288.2
CUST48580840869,1087.72,1087.72,1,70761.54
CUST48582166510,496.41,496.41,1,319683.62
CUST48587609499,8381.74,8381.74,1,292564.16
CUST48594696997,5508.73,5508.73,1,121155.72
CUST48601673562,92.21,92.21,1,8698.09
CUST48604924272,4987.38,4987.38,1,400608.92
CUST48605331642,3127.08,3127.08,1,346898.9
CUST48611677845,102.89,102.89,1,313864.13
CUST48615954945,558.43,558.43,1,277547.51
CUST48617009612,1258.93,1258.93,1,495306.24
CUST48617828664,4406.12,4406.12,1,278029.35
CUST48617915158,676.51,676.51,1,211091.6
CUST48622187980,6905.27,6905.27,1,400298.39
CUST48623696508,13.19,13.19,1,497683.87
CUST48625138754,1073.14,1073.14,1,137586.01
CUST48625159347,319.23,319.23,1,431758.17
CUST48626901497,1434.85,1434.85,1,100469.51
CUST48632591725,2466.06,2466.06,1,474283.29
CUST48637190767,2917.89,2917.89,1,173882.77
CUST48643594428,251.25,251.25,1,446986.26
CUST48645717412,422.71,422.71,1,376339.48
CUST48652565689,313.47,313.47,1,292738.52
CUST48655661740,72.72,72.72,1,167749.11
CUST48656449163,5224.66,5224.66,1,271151.03
CUST48664017724,559.7,559.7,1,138640.84
CUST48670004405,657.7,657.7,1,263338.0
CUST48675365699,1557.91,1557.91,1,150794.77
CUST48675964359,521.66,521.66,1,322029.22
CUST48676069340,33.43,33.43,1,365919.09
CUST48678767921,270.4,270.4,1,235505.82
CUST48683600326,3260.43,3260.43,1,383130.3
CUST48685404551,3096.51,3096.51,1,95958.19
CUST48701483772,17058.49,17058.49,1,187920.64
CUST48710480411,286.17,286.17,1,236163.61
CUST48718824066,2109.22,2109.22,1,481093.49
CUST48725054117,2721.97,2721.97,1,191018.16
CUST48727580124,775.17,775.17,1,161998.27
CUST48734255686,290.65,290.65,1,452226.29
CUST48736555071,1968.34,1968.34,1,257552.74
CUST48738940371,191.58,191.58,1,372605.65
CUST48752159646,1068.51,1068.51,1,477176.86
CUST48755345138,198.33,198.33,1,162341.31
CUST48757020860,224.36,224.36,1,189278.98
CUST48767103848,989.65,989.65,1,266659.96
CUST48768613616,911.87,911.87,1,17543.8
CUST48769322765,103.21,103.21,1,241810.43
CUST48771950054,4077.0,4077.0,1,365710.0
CUST48777691577,533.46,533.46,1,202062.65
CUST48787632960,36.45,36.45,1,496389.47
CUST48792450047,7170.62,7170.62,1,151290.84
CUST48796455402,334.06,334.06,1,414842.4
CUST48801125796,719.58,719.58,1,201832.15
CUST48801370993,2412.74,2412.74,1,409692.17
CUST48801841131,2469.7,2469.7,1,350739.17
CUST48804141602,224.04,224.04,1,370666.54
CUST48804489017,3276.48,3276.48,1,462914.17
CUST48805726375,755.61,755.61,1,348855.51
CUST48806548235,513.25,513.25,1,169042.42
CUST48816116197,257.42,257.42,1,313634.06
CUST48816861415,458.43,458.43,1,116269.77
CUST48821210564,1479.57,1479.57,1,198872.65
CUST48824550510,687.75,687.75,1,411826.19
CUST48828321854,482.43,482.43,1,409066.63
CUST48828467855,456.85,456.85,1,215233.78
CUST48831499411,1115.13,1115.13,1,349286.02
CUST48834359262,269.76,269.76,1,215193.81
CUST48834396014,189.92,189.92,1,67442.56
CUST48837115380,886.53,886.53,1,169812.08
CUST48837657432,5131.48,5131.48,1,450462.39
CUST48839983216,508.65,508.65,1,329324.94
CUST48840175272,386.44,386.44,1,222415.73
CUST48847244705,389.59,389.59,1,423239.05
CUST48857882554,954.87,954.87,1,90021.02
CUST48858851300,1511.6,1511.6,1,143314.68
CUST48862461654,208.77,208.77,1,150254.67
CUST48862887346,104.14,104.14,1,294390.22
CUST48863194507,39.43,39.43,1,333038.07
CUST48867806016,1177.99,1177.99,1,260819.56
CUST48868130097,180.26,180.26,1,10445.43
CUST48873038818,7499.79,7499.79,1,289969.89
CUST48873695969,262.35,262.35,1,362214.01
CUST48881897804,264.03,264.03,1,3382.09
CUST48883584266,8115.27,8115.27,1,103593.02
CUST48884447463,836.45,836.45,1,252764.16
CUST48892652156,279.0,279.0,1,468742.43
CUST48900369807,365.53,365.53,1,452021.06
CUST48902066026,708.46,708.46,1,208424.4
CUST48912788180,21.92,21.92,1,430400.85
CUST48913702937,3021.47,3021.47,1,107835.93
CUST48917777237,4483.12,4483.12,1,316204.39
CUST48924607359,500.34,500.34,1,464902.18
CUST48924737298,1704.04,1704.04,1,148553.93
CUST48925114893,3021.2,3021.2,1,72831.82
CUST48926016650,831.36,831.36,1,278547.49
CUST48928129322,2662.1,2662.1,1,104979.95
CUST48931063590,261.47,261.47,1,287341.99
CUST48936348360,1277.8,1277.8,1,258903.43
CUST48937669542,348.98,348.98,1,102520.18
CUST48938123879,5654.84,5654.84,1,166437.91
CUST48941353889,466.79,466.79,1,8035.32
CUST48950403587,473.38,473.38,1,380477.6
CUST48952776325,2022.69,2022.69,1,339078.02
CUST48962314246,15104.15,15104.15,1,378572.38
CUST48964854003,1301.89,1301.89,1,249196.18
CUST48965335767,851.03,851.03,1,416175.55
CUST48965430765,1102.35,1102.35,1,489959.46
CUST48966475253,7190.17,7190.17,1,420699.21
CUST48970425612,4059.08,4059.08,1,35751.89
CUST48972220052,257.0,257.0,1,135944.66
CUST48977332869,5037.25,5037.25,1,151652.35
CUST48988957283,32.59,32.59,1,253525.77
CUST48989585943,1078.46,1078.46,1,181393.67
CUST48990257779,2071.38,2071.38,1,379202.04
CUST48995238394,754.64,754.64,1,227940.66
CUST48995481120,968.36,968.36,1,226396.27
CUST48996144064,2284.69,2284.69,1,183285.71
CUST49004779664,2590.85,2590.85,1,400155.67
CUST49009273677,1507.68,1507.68,1,191268.02
CUST49010518213,2430.34,2430.34,1,58130.33
CUST49013977754,324.61,324.61,1,154083.21
CUST49014699437,1005.78,1005.78,1,454136.32
CUST49017716715,938.24,938.24,1,137077.49
CUST49033323353,934.83,934.83,1,268682.1
CUST49041036104,7591.81,7591.81,1,223056.11
CUST49043087300,1114.08,1114.08,1,348103.32
CUST49050034845,494.06,494.06,1,429697.78
CUST49062178666,2053.93,2053.93,1,382161.46
CUST49075884201,1189.92,1189.92,1,373360.73
CUST49078221308,474.92,474.92,1,199976.91
CUST49079731674,147.58,147.58,1,478326.86
CUST49084713517,3599.31,3599.31,1,168021.7
CUST49089177242,1915.83,1915.83,1,5089.16
CUST49096580425,1695.38,1695.38,1,414985.73
CUST49099198607,2213.79,2213.79,1,312666.89
CUST49103864982,145.22,145.22,1,170337.64
CUST49104980890,529.24,529.24,1,493963.39
CUST49106646190,867.74,867.74,1,240332.07
CUST49106957170,2306.13,2306.13,1,279150.84
CUST49107368813,256.39,256.39,1,117967.52
CUST49110680374,3536.33,3536.33,1,9675.98
CUST49113551523,1939.58,1939.58,1,304836.59
CUST49123873201,12416.67,12416.67,1,146748.14
CUST49129720680,438.65,438.65,1,247827.49
CUST49133379313,619.89,619.89,1,149854.11
CUST49146717370,1527.16,1527.16,1,2573.26
CUST49146910466,2031.06,2031.06,1,156462.49
CUST49147129859,782.79,782.79,1,427899.65
CUST49158415516,2310.22,2310.22,1,349734.06
CUST49161243033,1596.86,1596.86,1,223029.89
CUST49165855109,2305.81,2305.81,1,501926.13
CUST49168507761,375.3,375.3,1,270118.78
CUST49177054460,2889.03,2889.03,1,477056.66
CUST49177601850,1025.62,1025.62,1,37888.55
CUST49180575707,210.3,210.3,1,316419.57
CUST49200500628,321.85,321.85,1,118796.75
CUST49202146432,186.77,186.77,1,109596.02
CUST49204733613,116.19,116.19,1,402750.69
CUST49210083250,2663.18,2663.18,1,84976.65
CUST49210912732,801.65,801.65,1,194759.19
CUST49218065442,4720.57,4720.57,1,62562.24
CUST49219312051,15757.23,15757.23,1,274762.55
CUST49220188441,345.65,345.65,1,107175.29
CUST49221173004,946.51,946.51,1,433964.97
CUST49221952364,6000.2,6000.2,1,248774.17
CUST49232651719,73.18,73.18,1,419263.98
CUST49232866762,760.81,760.81,1,431524.38
CUST49234401748,9767.98,9767.98,1,336127.85
CUST49237724832,608.08,608.08,1,471214.91
CUST49239897071,2582.98,2582.98,1,99044.04
CUST49245446627,541.12,541.12,1,498560.29
CUST49247202048,748.66,748.66,1,188242.02
CUST49253206245,76.44,76.44,1,389468.35
CUST49255350058,81.24,81.24,1,273742.83
CUST49259421974,975.79,975.79,1,301640.07
CUST49265274993,790.11,790.11,1,423604.48
CUST49266935345,311.46,311.46,1,292763.19
CUST49268101762,361.77,361.77,1,402206.8
CUST49271744673,1034.06,1034.06,1,475669.72
CUST49273411829,646.08,646.08,1,489621.47
CUST49278175499,396.89,396.89,1,371809.82
CUST49279571517,191.38,191.38,1,320877.62
CUST49281817405,360.11,360.11,1,485938.31
CUST49283649965,6341.87,6341.87,1,358793.36
CUST49285127626,717.67,717.67,1,413896.5
CUST49297484355,1042.89,1042.89,1,319036.43
CUST49297538306,400.19,400.19,1,331154.56
CUST49303751252,5563.07,5563.07,1,200415.85
CUST49303882306,1685.03,1685.03,1,228043.41
CUST49312942963,1721.87,1721.87,1,57411.7
CUST49318638657,3786.78,3786.78,1,187052.55
CUST49320761143,2369.58,2369.58,1,443962.46
CUST49324057340,1024.05,1024.05,1,189244.16
CUST49324599129,1529.94,1529.94,1,159728.06
CUST49331485288,832.22,832.22,1,129012.5
CUST49346528937,912.59,912.59,1,214437.61
CUST49354934837,643.67,643.67,1,482456.53
CUST49359974167,33782.68,33782.68,1,125219.72
CUST49360867026,22963.25,22963.25,1,389312.93
CUST49370500682,3293.69,3293.69,1,492892.68
CUST49370525234,545.41,545.41,1,399337.05
CUST49372670476,3122.94,3122.94,1,210116.11
CUST49373816656,212.03,212.03,1,151771.98
CUST49380671094,635.09,635.09,1,58787.88
CUST49385960882,245.8,245.8,1,417326.13
CUST49401118571,97.29,97.29,1,34860.12
CUST49407065507,1090.46,1090.46,1,174328.64
CUST49420378155,236.29,236.29,1,176148.37
CUST49427848885,1219.11,1219.11,1,493954.37
CUST49434958548,263.44,263.44,1,57848.07
CUST49436433925,62800.61,62800.61,1,342367.25
CUST49436789835,663.81,663.81,1,359952.36
CUST49446059770,60.49,60.49,1,122179.56
CUST49448864246,628.22,628.22,1,112206.24
CUST49465168126,68.62,68.62,1,327721.48
CUST49465551960,883.03,883.03,1,64247.23
CUST49466357810,532.65,532.65,1,29119.54
CUST49466918325,1698.35,1698.35,1,391261.83
CUST49468100946,9766.83,9766.83,1,348212.32
CUST49469049685,596.64,596.64,1,327055.04
CUST49480128205,3168.65,3168.65,1,254852.71
CUST49482682068,232.86,232.86,1,497421.77
CUST49496453637,2129.37,2129.37,1,279636.08
CUST49496967190,1561.49,1561.49,1,276476.18
CUST49510969543,780.33,780.33,1,301469.35
CUST49527750209,7860.9,7860.9,1,137295.58
CUST49531810255,343.66,343.66,1,423591.11
CUST49545387712,488.4,488.4,1,455268.25
CUST49546864235,185.46,185.46,1,382938.94
CUST49547289029,1476.51,1476.51,1,184509.57
CUST49547596665,171.37,171.37,1,102423.82
CUST49549558905,1093.8,1093.8,1,361436.98
CUST49552003242,279.95,279.95,1,73397.6
CUST49553701927,4672.44,4672.44,1,432678.08
CUST49561186304,175.82,175.82,1,264507.26
CUST49567776177,124.1,124.1,1,437254.65
CUST49577243266,1351.99,1351.99,1,466309.09
CUST49579835769,151.82,151.82,1,305636.77
CUST49583035370,1425.5,1425.5,1,141458.27
CUST49588297181,319.16,319.16,1,188302.25
CUST49598081015,1193.75,1193.75,1,264760.86
CUST49600923502,4624.56,4624.56,1,55779.7
CUST49601218383,80.23,80.23,1,207522.58
CUST49608174575,222.06,222.06,1,141318.37
CUST49608599427,284.44,284.44,1,113322.99
CUST49609274305,395.52,395.52,1,469313.2
CUST49615477136,625.29,625.29,1,167637.09
CUST49622553130,117.64,117.64,1,121125.49
CUST49628946059,842.28,842.28,1,390468.67
CUST49628997806,1088.09,1088.09,1,332450.28
CUST49633515999,139.98,139.98,1,345286.33
CUST49641947026,871.93,871.93,1,443398.68
CUST49643195110,205.84,205.84,1,374308.16
CUST49645423799,800.5,800.5,1,402636.14
CUST49648028992,696.58,696.58,1,252008.71
CUST49656553347,1377.94,1377.94,1,31523.52
CUST49664064124,884.96,884.96,1,375392.62
CUST49667555858,124.95,124.95,1,383858.82
CUST49668975914,1690.74,1690.74,1,442499.23
CUST49671632522,500.8,500.8,1,481644.12
CUST49673041405,499.45,499.45,1,387860.41
CUST49677838914,1562.9,1562.9,1,24393.28
CUST49680227281,828.31,828.31,1,113222.12
CUST49680901167,1926.7,1926.7,1,310155.07
CUST49684860157,309.03,309.03,1,98131.56
CUST49689998441,789.36,789.36,1,422028.05
CUST49692345715,4643.34,4643.34,1,423271.88
CUST49698120764,3246.91,3246.91,1,217877.92
CUST49723411810,598.07,598.07,1,459052.11
CUST49739596358,6877.32,6877.32,1,492580.71
CUST49745605100,2415.71,2415.71,1,87197.13
CUST49753509271,525.11,525.11,1,295619.99
CUST49753885720,562.15,562.15,1,243447.35
CUST49754553898,149.1,149.1,1,364051.75
CUST49757588252,841.25,841.25,1,393206.37
CUST49760630425,4986.39,4986.39,1,456265.36
CUST49764470490,5281.53,5281.53,1,166752.99
CUST49765331427,17.6,17.6,1,170293.62
CUST49766995723,7082.12,7082.12,1,390689.81
CUST49774937437,2760.53,2760.53,1,476553.38
CUST49785934330,147.01,147.01,1,10306.23
CUST49787645271,9606.71,9606.71,1,103482.56
CUST49791252703,465.27,465.27,1,371566.65
CUST49796290043,986.04,986.04,1,185891.56
CUST49797119647,178.7,178.7,1,54488.35
CUST49801037783,1377.35,1377.35,1,245970.77
CUST49815945019,108.06,108.06,1,335984.28
CUST49820556213,53.92,53.92,1,271966.28
CUST49821310268,817.99,817.99,1,443086.55
CUST49822174186,2933.64,2933.64,1,396075.31
CUST49831617506,1196.99,1196.99,1,382631.8
CUST49833067884,864.0,864.0,1,296047.9
CUST49840680261,1551.18,1551.18,1,454477.0
CUST49847199244,2962.08,2962.08,1,335873.75
CUST49849630732,2373.07,2373.07,1,438515.48
CUST49851268693,81.57,81.57,1,237514.02
CUST49858001045,177.37,177.37,1,409489.68
CUST49880952835,746.6,746.6,1,276633.03
CUST49885042798,432.63,432.63,1,181360.28
CUST49892831738,4978.19,4978.19,1,382894.72
CUST49895848286,16426.34,16426.34,1,320262.23
CUST49899868829,5213.8,5213.8,1,382370.66
CUST49902647619,372.39,372.39,1,223073.37
CUST49914271452,2651.07,2651.07,1,197913.46
CUST49915597938,907.11,907.11,1,140258.52
CUST49915850151,258.57,258.57,1,50494.21
CUST49916832246,114.24,114.24,1,53770.12
CUST49923448617,931.78,931.78,1,69114.54
CUST49929534269,2735.61,2735.61,1,344548.13
CUST49929795321,975.45,975.45,1,16410.29
CUST49930758853,8491.85,8491.85,1,233431.07
CUST49939968353,152.34,152.34,1,388914.02
CUST49944349324,842.98,842.98,1,139118.94
CUST49946200506,2332.65,2332.65,1,463259.1
CUST49946780563,1017.45,1017.45,1,65156.9
CUST49954740402,6083.41,6083.41,1,200520.17
CUST49954983138,16076.26,16076.26,1,395780.91
CUST49958814831,380.23,380.23,1,79370.48
CUST49959174123,578.12,578.12,1,100219.23
CUST49971162236,2465.37,2465.37,1,228349.4
CUST49973369622,203.25,203.25,1,369225.75
CUST49983052431,3111.37,3111.37,1,135376.3
CUST49983743892,1683.01,1683.01,1,166597.4
CUST49985225976,8214.16,8214.16,1,454158.06
CUST49993736252,1925.94,1925.94,1,239385.14
CUST50033886722,80.09,80.09,1,389678.69
CUST50034819941,3129.18,3129.18,1,137200.35
CUST50038499310,460.69,460.69,1,77054.04
CUST50041850380,1937.98,1937.98,1,56656.93
CUST50048562213,920.3,920.3,1,98068.76
CUST50049306844,117.71,117.71,1,140047.44
CUST50057477284,1757.33,1757.33,1,88365.27
CUST50070976128,188.01,188.01,1,461274.9
CUST50076146657,938.74,938.74,1,141406.72
CUST50078024548,549.03,549.03,1,491049.04
CUST50099668281,634.62,634.62,1,372746.67
CUST50101299369,1796.63,1796.63,1,362172.47
CUST50102397011,7705.79,7705.79,1,131144.56
CUST50107247019,78.85,78.85,1,11183.7
CUST50107747761,650.79,650.79,1,490311.61
CUST50110982280,4796.22,4796.22,1,198266.59
CUST50131356449,150.44,150.44,1,241106.05
CUST50133643549,1136.14,1136.14,1,163272.31
CUST50138300736,978.42,978.42,1,487620.3
CUST50139182620,2555.45,2555.45,1,262235.43
CUST50144704719,18271.6,18271.6,1,67710.59
CUST50146921337,588.47,588.47,1,44936.66
CUST50149365512,799.55,799.55,1,319053.93
CUST50154070613,1922.98,1922.98,1,382514.16
CUST50156151907,445.17,445.17,1,99084.02
CUST50158210855,1130.76,1130.76,1,15881.23
CUST50162555619,409.83,409.83,1,493699.68
CUST50164804225,5575.13,5575.13,1,363509.31
CUST50167138382,1395.37,1395.37,1,68891.36
CUST50168353741,562.79,562.79,1,35952.93
CUST50176238700,1596.58,1596.58,1,392327.48
CUST50179312900,1754.56,1754.56,1,226330.95
CUST50185590435,1515.0,1515.0,1,105067.32
CUST50192389820,156.7,156.7,1,181404.88
CUST50192903053,622.83,622.83,1,230716.03
CUST50194205012,607.46,607.46,1,336976.73
CUST50197713724,4663.87,4663.87,1,264382.82
CUST50200908730,3397.27,3397.27,1,66284.0
CUST50204320539,870.59,870.59,1,165739.28
CUST50204570968,293.75,293.75,1,244124.98
CUST50205046770,119.53,119.53,1,275601.27
CUST50210435203,295.36,295.36,1,30192.82
CUST50214999169,279.68,279.68,1,70046.73
CUST50215591079,889.14,889.14,1,294326.88
CUST50222170282,305.59,305.59,1,252524.54
CUST50222599103,2689.63,2689.63,1,143824.27
CUST50230088890,525.82,525.82,1,402652.24
CUST50238631362,1517.62,1517.62,1,225193.85
CUST50240370906,2923.35,2923.35,1,489556.7
CUST50242524378,167.41,167.41,1,57973.85
CUST50255553814,997.22,997.22,1,369470.25
CUST50257222427,442.88,442.88,1,38000.07
CUST50267232311,1674.9,1674.9,1,189070.21
CUST50273735761,973.54,973.54,1,362148.37
CUST50275541201,184.63,184.63,1,45593.49
CUST50289217305,1598.27,1598.27,1,183725.38
CUST50291165089,9275.49,9275.49,1,213181.92
CUST50291498708,1263.17,1263.17,1,213231.87
CUST50292322305,705.31,705.31,1,265617.11
CUST50294393339,1690.34,1690.34,1,68318.37
CUST50297304604,220.31,220.31,1,20713.48
CUST50302875471,581.45,581.45,1,321987.81
CUST50307410725,257.48,257.48,1,379402.3
CUST50308273660,55.86,55.86,1,9948.35
CUST50309442748,88.17,88.17,1,129062.82
CUST50310955847,478.44,478.44,1,472550.51
CUST50313436177,1272.08,1272.08,1,13271.11
CUST50313700388,8092.78,8092.78,1,87936.96
CUST50317794017,361.39,361.39,1,302421.46
CUST50318555271,559.61,559.61,1,87085.5
CUST50318989962,725.7,725.7,1,111044.07
CUST50319568215,569.92,569.92,1,338084.57
CUST50322407961,179.08,179.08,1,396798.82
CUST50324626140,586.71,586.71,1,241981.43
CUST50325476586,1326.51,1326.51,1,164371.32
CUST50326188489,860.44,860.44,1,269742.56
CUST50329082372,77.78,77.78,1,42993.54
CUST50340549676,609.24,609.24,1,485133.37
CUST50345317066,115.59,115.59,1,472712.91
CUST50345688991,2555.1,2555.1,1,444136.32
CUST50360255603,735.4,735.4,1,256022.5
CUST50365351044,770.48,770.48,1,298926.02
CUST50366796896,261.92,261.92,1,341511.64
CUST50368948335,312.59,312.59,1,468967.9
CUST50369250052,97.5,97.5,1,399299.52
CUST50369548058,133.34,133.34,1,121877.03
CUST50376323041,140.18,140.18,1,476765.95
CUST50377984917,376.7,376.7,1,386304.54
CUST50380599773,130.9,130.9,1,327480.6
CUST50383760367,1252.01,1252.01,1,23638.93
CUST50395156271,1527.98,1527.98,1,254616.97
CUST50398714130,132.22,132.22,1,288033.24
CUST50406441495,4362.15,4362.15,1,331579.28
CUST50407267967,2083.18,2083.18,1,268869.29
CUST50416479080,482.07,482.07,1,478830.3
CUST50417803126,493.91,493.91,1,85771.35
CUST50427309415,231.55,231.55,1,343582.32
CUST50440816396,227.77,227.77,1,471345.68
CUST50447718124,573.95,573.95,1,356051.26
CUST50457720331,9765.93,9765.93,1,189860.43
CUST50460288342,8045.35,8045.35,1,73822.09
CUST50460520141,3329.13,3329.13,1,212259.69
CUST50466681324,76.31,76.31,1,485789.54
CUST50475934233,636.74,636.74,1,414536.67
CUST50476881928,309.37,309.37,1,45739.54
CUST50480009093,226.99,226.99,1,51160.16
CUST50485224277,11838.47,11838.47,1,104617.19
CUST50487096929,30.04,30.04,1,257525.02
CUST50495107594,528.07,528.07,1,331110.76
CUST50496152218,55.81,55.81,1,101720.7
CUST50498072239,389.71,389.71,1,249356.56
CUST50501911067,2205.88,2205.88,1,179564.62
CUST50505592608,933.16,933.16,1,125553.8
CUST50508069048,426.08,426.08,1,343712.67
CUST50509787903,1946.33,1946.33,1,67371.42
CUST50510761212,1820.17,1820.17,1,240004.64
CUST50511365665,1083.89,1083.89,1,293396.2
CUST50512733850,1173.05,1173.05,1,99795.13
CUST50515762988,596.37,596.37,1,33439.19
CUST50522102898,61.67,61.67,1,131781.25
CUST50523440051,618.37,618.37,1,405229.14
CUST50523900146,2404.53,2404.53,1,284085.01
CUST50526572096,145.07,145.07,1,381766.38
CUST50530314222,102.13,102.13,1,387906.06
CUST50537625666,245.71,245.71,1,418359.02
CUST50538685322,382.26,382.26,1,348716.98
CUST50540421952,667.49,667.49,1,104275.65
CUST50543846229,559.45,559.45,1,80207.94
CUST50550486900,193.21,193.21,1,89211.62
CUST50552077061,406.28,406.28,1,200413.78
CUST50554673689,7761.18,7761.18,1,59053.47
CUST50558060870,2916.24,2916.24,1,435149.52
CUST50559741303,4590.91,4590.91,1,335255.0
CUST50559779709,997.3,997.3,1,487219.55
CUST50561391500,733.13,733.13,1,118401.21
CUST50562598168,2622.52,2622.52,1,137167.2
CUST50564131202,602.56,602.56,1,27961.42
CUST50564163688,556.11,556.11,1,3766.08
CUST50570095825,149.88,149.88,1,386613.13
CUST50570098954,329.88,329.88,1,47053.51
CUST50571924542,310.76,310.76,1,95545.33
CUST50573093033,1523.64,1523.64,1,44727.2
CUST50582677951,383.12,383.12,1,258291.09
CUST50586804006,1674.6,1674.6,1,370151.77
CUST50588531405,536.92,536.92,1,154102.39
CUST50597620149,781.11,781.11,1,436038.28
CUST50605334153,641.96,641.96,1,430757.21
CUST50605926376,516.94,516.94,1,475161.95
CUST50611675918,84.37,84.37,1,359767.86
CUST50614886938,63.88,63.88,1,322467.32
CUST50615221206,1139.97,1139.97,1,276235.27
CUST50616954139,2846.07,2846.07,1,10933.84
CUST50618191360,49.68,49.68,1,104326.87
CUST50620462611,138.38,138.38,1,259337.75
CUST50621532289,363.95,363.95,1,161283.22
CUST50622230528,868.15,868.15,1,34153.47
CUST50622558072,1379.09,1379.09,1,480667.03
CUST50626968293,2682.71,2682.71,1,275599.52
CUST50629885503,3706.93,3706.93,1,148823.68
CUST50631729355,120.23,120.23,1,68366.98
CUST50634002708,2045.27,2045.27,1,172176.54
CUST50647200881,448.35,448.35,1,429220.89
CUST50651104696,589.73,589.73,1,62197.58
CUST50652844832,658.68,658.68,1,751.27
CUST50652986182,1696.43,1696.43,1,396456.59
CUST50657031070,4597.76,4597.76,1,70753.86
CUST50666566058,1412.48,1412.48,1,464959.85
CUST50671294876,560.28,560.28,1,73106.44
CUST50674037551,1179.16,1179.16,1,248955.5
CUST50677478113,414.32,414.32,1,178091.11
CUST50677505691,492.77,492.77,1,43046.72
CUST50679635164,397.95,397.95,1,392514.08
CUST50688678427,3644.5,3644.5,1,452958.43
CUST50695274693,418.52,418.52,1,96913.53
CUST50696149790,155.24,155.24,1,437826.72
CUST50697254183,267.67,267.67,1,81089.21
CUST50708160746,482.54,482.54,1,305566.64
CUST50711501032,257.57,257.57,1,101271.94
CUST50714154077,10461.78,10461.78,1,226952.11
CUST50721241106,171.58,171.58,1,32110.3
CUST50724761113,273.98,273.98,1,470262.83
CUST50733247167,99.52,99.52,1,135168.67
CUST50736145026,14391.52,14391.52,1,453969.56
CUST50737529214,2654.44,2654.44,1,126488.71
CUST50737919374,467.22,467.22,1,177176.54
CUST50741383942,2067.8,2067.8,1,207644.17
CUST50752276684,162.14,162.14,1,279778.41
CUST50752798916,4247.88,4247.88,1,143739.18
CUST50760954952,6814.31,6814.31,1,129681.45
CUST50762227634,3968.8,3968.8,1,283716.64
CUST50762567320,2505.87,2505.87,1,24939.25
CUST50763191534,287.51,287.51,1,376277.93
CUST50764657632,561.44,561.44,1,354903.78
CUST50765865131,138.55,138.55,1,98295.74
CUST50769689881,84.2,84.2,1,492000.13
CUST50777182924,255.13,255.13,1,291204.31
CUST50777373312,1760.02,1760.02,1,200192.02
CUST50778696342,499.07,499.07,1,58833.28
CUST50781773393,241.94,241.94,1,74042.37
CUST50782555302,5564.86,5564.86,1,360056.34
CUST50782880318,1375.53,1375.53,1,418181.34
CUST50784049027,69.64,69.64,1,495556.27
CUST50785302947,1249.79,1249.79,1,451840.66
CUST50788042401,628.92,628.92,1,412989.27
CUST50791887258,1924.71,1924.71,1,41328.29
CUST50799923105,308.55,308.55,1,146253.07
CUST50807038634,9517.23,9517.23,1,179761.5
CUST50807612501,683.61,683.61,1,59544.47
CUST50808206073,2961.11,2961.11,1,395907.58
CUST50812301368,123.26,123.26,1,419232.59
CUST50813679008,5539.71,5539.71,1,388652.06
CUST50823136737,1413.79,1413.79,1,297582.03
CUST50832858267,128.3,128.3,1,146140.81
CUST50834136392,228.43,228.43,1,402625.54
CUST50837050175,246.08,246.08,1,395254.4
CUST50844497361,1247.79,1247.79,1,287379.05
CUST50847419925,147.76,147.76,1,70751.17
CUST50848950880,471.46,471.46,1,290719.03
CUST50854221979,125.76,125.76,1,103581.86
CUST50854644253,7003.36,7003.36,1,491375.64
CUST50855373509,1360.86,1360.86,1,89913.63
CUST50864206364,23.69,23.69,1,108991.7
CUST50869084488,332.63,332.63,1,54700.74
CUST50872776037,1259.8,1259.8,1,81142.04
CUST50873976259,127.85,127.85,1,193587.11
CUST50878541079,405.96,405.96,1,87821.34
CUST50880961354,169.06,169.06,1,353989.77
CUST50883286155,732.25,732.25,1,219316.64
CUST50887082707,738.24,738.24,1,235624.12
CUST50889433046,611.65,611.65,1,401888.16
CUST50892698123,280.4,280.4,1,463686.8
CUST50903347058,2763.55,2763.55,1,315012.81
CUST50913037644,1560.25,1560.25,1,362219.68
CUST50917977394,762.88,762.88,1,159874.53
CUST50919416687,599.95,599.95,1,26887.96
CUST50925409245,333.55,333.55,1,377611.31
CUST50927276980,19971.91,19971.91,1,298791.23
CUST50931006021,593.4,593.4,1,125443.08
CUST50933404602,2205.09,2205.09,1,450989.93
CUST50939652615,4125.74,4125.74,1,52267.31
CUST50948379447,277.71,277.71,1,147537.1
CUST50949429909,1070.46,1070.46,1,327642.61
CUST50956072297,1931.97,1931.97,1,174385.01
CUST50961839758,517.73,517.73,1,306648.34
CUST50965517645,326.99,326.99,1,281625.53
CUST50969347306,240.26,240.26,1,27378.34
CUST50971917388,1672.47,1672.47,1,91760.82
CUST50972118488,20122.9,20122.9,1,381391.04
CUST50975211328,490.79,490.79,1,96258.47
CUST50977382003,1298.37,1298.37,1,438807.42
CUST50981544021,493.78,493.78,1,278188.43
CUST50994057550,6475.29,6475.29,1,335567.09
CUST51000326919,2358.34,2358.34,1,20278.29
CUST51005985464,3682.52,3682.52,1,359250.34
CUST51006353033,2515.08,2515.08,1,376428.19
CUST51018780797,1403.92,1403.92,1,97711.37
CUST51018782022,923.55,923.55,1,269678.18
CUST51019150783,651.59,651.59,1,98834.67
CUST51019291619,203.68,203.68,1,394930.01
CUST51026428878,342.54,342.54,1,30599.51
CUST51027766463,349.41,349.41,1,303357.8
CUST51031042775,255.77,255.77,1,342825.08
CUST51034938417,672.7,672.7,1,404406.39
CUST51036747881,653.53,653.53,1,168862.14
CUST51043886108,3972.18,3972.18,1,149996.58
CUST51044886546,100.17,100.17,1,197226.0
CUST51046111124,1029.72,1029.72,1,350703.62
CUST51049297448,483.44,483.44,1,438423.19
CUST51053083393,473.43,473.43,1,472738.92
CUST51057807274,6499.01,6499.01,1,133268.92
CUST51059328941,1015.13,1015.13,1,433639.44
CUST51069117854,691.96,691.96,1,355331.44
CUST51070325784,187.26,187.26,1,223043.49
CUST51072928004,621.02,621.02,1,301685.69
CUST51074469438,88.88,88.88,1,442085.43
CUST51078910376,489.07,489.07,1,271156.08
CUST51080738105,830.84,830.84,1,55876.27
CUST51084276340,833.65,833.65,1,21110.76
CUST51089233103,367.85,367.85,1,78011.67
CUST51092404012,515.04,515.04,1,346350.25
CUST51096979597,628.12,628.12,1,374833.19
CUST51101484023,5242.06,5242.06,1,161700.98
CUST51101822950,25586.49,25586.49,1,368560.09
CUST51106218865,452.83,452.83,1,154123.2
CUST51106456629,2831.58,2831.58,1,340868.33
CUST51108616268,163.16,163.16,1,127808.5
CUST51110290485,492.34,492.34,1,204395.39
CUST51128360603,5208.42,5208.42,1,330938.14
CUST51130290620,1274.6,1274.6,1,357493.24
CUST51133280497,912.19,912.19,1,339490.86
CUST51138621388,1476.68,1476.68,1,488378.86
CUST51158589086,1338.57,1338.57,1,292970.16
CUST51165467540,145.92,145.92,1,41531.69
CUST51169712660,15843.93,15843.93,1,180015.14
CUST51173445964,704.97,704.97,1,137700.31
CUST51174243353,4653.91,4653.91,1,152852.93
CUST51178306916,133.81,133.81,1,173303.44
CUST51179110397,44.87,44.87,1,32200.95
CUST51188615731,6978.37,6978.37,1,491593.12
CUST51201407708,2976.23,2976.23,1,254305.48
CUST51203546260,2497.33,2497.33,1,450343.6
CUST51204139497,3415.46,3415.46,1,496702.86
CUST51206276360,1347.39,1347.39,1,384029.27
CUST51227340689,501.41,501.41,1,285863.04
CUST51227778250,541.77,541.77,1,498993.62
CUST51228276902,684.09,684.09,1,472551.5
CUST51229899587,652.42,652.42,1,44933.83
CUST51230607542,314.06,314.06,1,483805.33
CUST51235859675,859.49,859.49,1,240533.26
CUST51237223018,898.03,898.03,1,241157.18
CUST51245357392,1624.58,1624.58,1,177993.95
CUST51247802699,48.41,48.41,1,296256.55
CUST51256649638,6697.96,6697.96,1,366732.35
CUST51263589913,48.5,48.5,1,9378.28
CUST51270450892,710.94,710.94,1,28021.9
CUST51276231239,511.63,511.63,1,348870.5
CUST51278261656,543.18,543.18,1,151052.47
CUST51281001009,555.22,555.22,1,204763.1
CUST51281573809,1032.55,1032.55,1,75635.47
CUST51282316918,102.31,102.31,1,257397.56
CUST51282577661,598.09,598.09,1,288317.74
CUST51283135327,284.69,284.69,1,312217.6
CUST51289454707,1889.04,1889.04,1,207814.07
CUST51291934087,178.57,178.57,1,211580.93
CUST51292893734,4118.1,4118.1,1,98212.73
CUST51295864091,1852.18,1852.18,1,57682.61
CUST51296488552,752.47,752.47,1,156370.33
CUST51297619026,1514.79,1514.79,1,245776.12
CUST51298887563,252.21,252.21,1,166934.06
CUST51308593888,3925.66,3925.66,1,134010.14
CUST51314583959,1460.44,1460.44,1,259786.46
CUST51317563450,228.81,228.81,1,492053.95
CUST51318517001,500.73,500.73,1,1493.73
CUST51323958021,285.45,285.45,1,110951.78
CUST51325074090,6125.54,6125.54,1,85804.39
CUST51330787073,134.46,134.46,1,82811.75
CUST51330974081,1894.97,1894.97,1,490029.15
CUST51331886217,251.24,251.24,1,260693.2
CUST51335351787,3217.81,3217.81,1,248894.8
CUST51336243683,1880.34,1880.34,1,35514.09
CUST51337667644,300.84,300.84,1,32013.21
CUST51343494661,572.58,572.58,1,337576.6
CUST51357350989,1514.85,1514.85,1,337595.12
CUST51361225612,1354.66,1354.66,1,470067.16
CUST51364303806,441.53,441.53,1,166308.86
CUST51366833112,460.93,460.93,1,89174.86
CUST51372863504,164.81,164.81,1,130765.45
CUST51374742223,1915.34,1915.34,1,263488.08
CUST51376997975,791.27,791.27,1,464819.96
CUST51377781595,707.26,707.26,1,446590.28
CUST51380334537,705.03,705.03,1,73056.45
CUST51382418831,770.02,770.02,1,221978.06
CUST51386541960,2269.84,2269.84,1,338210.59
CUST51386792386,456.83,456.83,1,138483.79
CUST51386927530,1765.44,1765.44,1,452360.44
CUST51387092704,1401.74,1401.74,1,452334.48
CUST51389767600,413.41,413.41,1,451846.13
CUST51391949786,376.57,376.57,1,93660.66
CUST51398873604,300.96,300.96,1,397024.03
CUST51402928342,468.92,468.92,1,395451.81
CUST51404375728,2711.36,2711.36,1,301857.81
CUST51406098888,1276.32,1276.32,1,453051.98
CUST51412119321,10256.83,10256.83,1,262679.94
CUST51412145636,1051.99,1051.99,1,86425.8
CUST51412988984,302.02,302.02,1,305434.2
CUST51413724424,395.73,395.73,1,160631.71
CUST51437431089,9704.59,9704.59,1,43890.38
CUST51438563902,773.79,773.79,1,95726.55
CUST51439823468,321.27,321.27,1,404388.2
CUST51449369708,5122.23,5122.23,1,258741.19
CUST51450989863,262.92,262.92,1,371981.83
CUST51464932898,1246.86,1246.86,1,53937.28
CUST51474372555,616.33,616.33,1,354695.63
CUST51475076714,250.53,250.53,1,28143.1
CUST51476580919,57.75,57.75,1,429574.68
CUST51476762788,3705.92,3705.92,1,37100.19
CUST51483463526,1850.43,1850.43,1,403349.14
CUST51485552538,9684.81,9684.81,1,365036.4
CUST51493647220,4980.79,4980.79,1,381.94
CUST51494638772,874.35,874.35,1,86104.38
CUST51501982505,342.57,342.57,1,119734.59
CUST51508607571,304.49,304.49,1,193929.03
CUST51510919570,542.16,542.16,1,354630.93
CUST51521268204,1134.6,1134.6,1,272729.27
CUST51530619022,790.28,790.28,1,476717.41
CUST51544339339,962.91,962.91,1,110316.39
CUST51545250129,367.18,367.18,1,126180.39
CUST51548442391,835.62,835.62,1,70839.54
CUST51563120224,63.03,63.03,1,224285.34
CUST51576004500,140.66,140.66,1,129979.96
CUST51576010352,368.29,368.29,1,115098.71
CUST51587767185,824.74,824.74,1,179616.67
CUST51591074019,304.65,304.65,1,368543.69
CUST51591672068,4096.04,4096.04,1,78140.2
CUST51594897532,4698.33,4698.33,1,133879.12
CUST51596637967,12763.78,12763.78,1,231650.18
CUST51605289675,535.63,535.63,1,472465.92
CUST51606038492,201.6,201.6,1,446464.06
CUST51610176519,1452.36,1452.36,1,464848.4
CUST51612149241,440.57,440.57,1,357592.35
CUST51612733581,1172.23,1172.23,1,26633.53
CUST51619353488,149.55,149.55,1,287517.88
CUST51620751780,1161.94,1161.94,1,90123.73
CUST51627509043,321.11,321.11,1,358625.6
CUST51639438821,563.88,563.88,1,262187.64
CUST51640150802,108.18,108.18,1,93163.13
CUST51640432246,747.32,747.32,1,296638.55
CUST51651880225,593.49,593.49,1,346214.21
CUST51653721965,238.38,238.38,1,134360.0
CUST51653885188,85.21,85.21,1,57458.13
CUST51654902510,646.51,646.51,1,374452.68
CUST51655011665,1011.68,1011.68,1,378880.24
CUST51657934595,353.44,353.44,1,294098.46
CUST51659627251,3307.16,3307.16,1,339912.34
CUST51660730450,237.36,237.36,1,282974.75
CUST51660993137,295.41,295.41,1,416733.52
CUST51664055174,1240.82,1240.82,1,439374.16
CUST51680554285,684.21,684.21,1,234418.77
CUST51682422542,132.77,132.77,1,355602.42
CUST51682662684,477.48,477.48,1,291995.91
CUST51685581883,1412.76,1412.76,1,337911.62
CUST51688582581,507.71,507.71,1,118582.36
CUST51689828792,1985.0,1985.0,1,345257.31
CUST51701452784,515.77,515.77,1,289863.66
CUST51705719242,664.08,664.08,1,304347.01
CUST51706311843,1854.8,1854.8,1,231282.98
CUST51712599757,1138.67,1138.67,1,269286.43
CUST51718976484,563.51,563.51,1,174663.98
CUST51729238128,461.12,461.12,1,413194.04
CUST51732388699,2708.98,2708.98,1,164275.92
CUST51741453765,10454.43,10454.43,1,162708.82
CUST51744338322,2998.28,2998.28,1,297484.21
CUST51745352673,190.27,190.27,1,455701.81
CUST51753229400,271.01,271.01,1,93607.16
CUST51756827296,50.35,50.35,1,206118.49
CUST51757472238,442.9,442.9,1,133427.85
CUST51770242958,1954.13,1954.13,1,474966.65
CUST51772259906,204.48,204.48,1,447216.42
CUST51782551492,900.29,900.29,1,393480.93
CUST51791030887,2172.16,2172.16,1,72953.7
CUST51795570750,1252.05,1252.05,1,147394.67
CUST51798144965,560.89,560.89,1,3854.05
CUST51798302508,734.75,734.75,1,84836.56
CUST51801998161,514.41,514.41,1,171359.91
CUST51803567269,483.9,483.9,1,291046.46
CUST51810270450,369.78,369.78,1,62344.0
CUST51810469834,6934.68,6934.68,1,192301.03
CUST51810806127,462.38,462.38,1,49468.87
CUST51813283055,2152.55,2152.55,1,190271.91
CUST51821106397,152.86,152.86,1,192401.61
CUST51823153206,13934.07,13934.07,1,357407.83
CUST51830582513,380.37,380.37,1,442713.5
CUST51835835751,1575.33,1575.33,1,103450.61
CUST51838167920,1485.31,1485.31,1,8765.05
CUST51842362559,316.27,316.27,1,322930.58
CUST51843172034,291.15,291.15,1,454544.27
CUST51844927018,341.68,341.68,1,182881.45
CUST51845392334,1678.36,1678.36,1,473708.07
CUST51851062910,2477.57,2477.57,1,428696.06
CUST51852977254,460.74,460.74,1,165890.53
CUST51860404215,442.02,442.02,1,263362.98
CUST51861693945,2957.77,2957.77,1,321595.66
CUST51866382344,818.19,818.19,1,144413.6
CUST51872961941,718.74,718.74,1,372358.0
CUST51873311636,169.74,169.74,1,12830.21
CUST51873918011,1867.06,1867.06,1,439990.74
CUST51886914694,428.74,428.74,1,194233.27
CUST51887014962,244.94,244.94,1,207464.32
CUST51887493077,1211.29,1211.29,1,340928.6
CUST51894143845,1325.74,1325.74,1,130829.35
CUST51897605633,14.17,14.17,1,37851.31
CUST51898042750,43.76,43.76,1,329739.99
CUST51898133044,194.33,194.33,1,374105.4
CUST51898381462,255.7,255.7,1,1795.38
CUST51908715832,358.94,358.94,1,203396.83
CUST51910094491,283.03,283.03,1,398711.92
CUST51917760503,556.3,556.3,1,221489.52
CUST51918117832,1120.02,1120.02,1,10057.66
CUST51928803729,1929.55,1929.55,1,46745.31
CUST51929113814,182.68,182.68,1,58476.98
CUST51932151341,1159.0,1159.0,1,431457.74
CUST51934930655,11856.9,11856.9,1,11214.17
CUST51936117203,737.02,737.02,1,496009.01
CUST51936599682,3082.25,3082.25,1,74100.91
CUST51937514540,11906.95,11906.95,1,147550.37
CUST51937865927,1376.93,1376.93,1,33651.39
CUST51940972561,151.8,151.8,1,317799.53
CUST51942210005,878.28,878.28,1,389404.12
CUST51946973205,3396.44,3396.44,1,47514.05
CUST51954320846,535.9,535.9,1,365149.67
CUST51954595867,15283.41,15283.41,1,457677.09
CUST51959991986,3165.5,3165.5,1,331013.8
CUST51960987186,17468.6,17468.6,1,479856.01
CUST51973741365,19123.69,19123.69,1,57043.28
CUST51989451259,454.9,454.9,1,223924.41
CUST51989768548,79.3,79.3,1,460094.35
CUST51990190701,436.9,436.9,1,279449.34
CUST51991258139,380.96,380.96,1,3658.63
CUST51991579645,1328.01,1328.01,1,97653.09
CUST51992267187,2068.41,2068.41,1,157496.35
CUST51994812917,24.72,24.72,1,400104.85
CUST51999926402,154.87,154.87,1,337080.33
CUST52017682247,1861.88,1861.88,1,389031.18
CUST52023866672,400.87,400.87,1,279960.31
CUST52029979588,45.5,45.5,1,317421.32
CUST52031028319,1113.22,1113.22,1,354013.29
CUST52035496363,2523.43,2523.43,1,495413.54
CUST52038231777,3270.6,3270.6,1,466603.55
CUST52039138111,1658.61,1658.61,1,202099.79
CUST52043403714,841.31,841.31,1,44876.88
CUST52047820706,789.43,789.43,1,102515.14
CUST52049615788,509.21,509.21,1,103656.63
CUST52049828160,1582.42,1582.42,1,289843.83
CUST52050440262,917.91,917.91,1,297283.53
CUST52051443767,371.91,371.91,1,293350.96
CUST52055977049,132.39,132.39,1,214103.52
CUST52057169320,230.48,230.48,1,437653.25
CUST52057809206,467.17,467.17,1,173576.97
CUST52059218137,1643.44,1643.44,1,7888.08
CUST52064066398,11581.86,11581.86,1,435140.1
CUST52067831022,1960.47,1960.47,1,303356.92
CUST52072075588,6543.82,6543.82,1,473451.78
CUST52075934567,908.76,908.76,1,383965.16
CUST52089947046,1016.41,1016.41,1,205920.08
CUST52090304639,48.14,48.14,1,2048.14
CUST52091729258,72.77,72.77,1,229353.56
CUST52092191814,594.56,594.56,1,178295.28
CUST52094991886,1782.01,1782.01,1,378154.92
CUST52095111377,663.67,663.67,1,251983.23
CUST52104732468,1294.88,1294.88,1,297903.79
CUST52106468332,323.39,323.39,1,153446.3
CUST52108534727,153.28,153.28,1,250644.77
CUST52113083022,1266.17,1266.17,1,216015.06
CUST52114741603,280.71,280.71,1,343888.35
CUST52119777069,134.62,134.62,1,492540.75
CUST52130691895,720.52,720.52,1,459798.49
CUST52137255231,197.51,197.51,1,10057.37
CUST52138592275,1918.83,1918.83,1,333626.92
CUST52139037503,590.41,590.41,1,228806.69
CUST52141995038,241.49,241.49,1,499685.74
CUST52152253088,2228.34,2228.34,1,436529.15
CUST52153128696,4948.89,4948.89,1,481037.25
CUST52153601180,8111.84,8111.84,1,119542.92
CUST52154490458,822.12,822.12,1,129225.29
CUST52155830590,827.48,827.48,1,285016.8
CUST52160185299,242.96,242.96,1,132350.1
CUST52169252763,870.86,870.86,1,338452.71
CUST52169454283,380.68,380.68,1,232963.05
CUST52174927838,610.67,610.67,1,153127.85
CUST52183044621,4272.16,4272.16,1,90479.25
CUST52184995685,233.78,233.78,1,61690.99
CUST52187170506,4174.24,4174.24,1,259105.28
CUST52192175144,80.79,80.79,1,165337.55
CUST52197648872,4383.87,4383.87,1,338165.64
CUST52201159565,1557.53,1557.53,1,20997.5
CUST52201268804,1641.63,1641.63,1,115082.9
CUST52209035467,66.01,66.01,1,388577.27
CUST52211870595,1395.98,1395.98,1,436823.5
CUST52216841311,193.46,193.46,1,111682.59
CUST52219652789,547.13,547.13,1,252932.94
CUST52222333921,455.6,455.6,1,455145.29
CUST52223242291,603.43,603.43,1,35891.64
CUST52234100885,403.32,403.32,1,180597.72
CUST52247783876,434.7,434.7,1,45681.98
CUST52258775569,3623.32,3623.32,1,96567.57
CUST52261344053,1265.63,1265.63,1,483952.05
CUST52262308558,610.64,610.64,1,347141.71
CUST52263570944,474.03,474.03,1,402775.99
CUST52264739463,436.63,436.63,1,201763.61
CUST52277058130,659.95,659.95,1,445194.55
CUST52277902370,656.66,656.66,1,109899.02
CUST52279208634,468.33,468.33,1,249157.27
CUST52291213752,1141.2,1141.2,1,9083.15
CUST52296693961,147.19,147.19,1,394723.2
CUST52304658682,911.67,911.67,1,471647.47
CUST52308240942,917.14,917.14,1,223828.97
CUST52331779696,905.8,905.8,1,468541.84
CUST52335596754,161.45,161.45,1,193113.44
CUST52336144179,791.02,791.02,1,370723.64
CUST52339518585,447.57,447.57,1,103655.98
CUST52346148230,2055.68,2055.68,1,95519.73
CUST52348771214,5465.4,5465.4,1,138651.94
CUST52368198118,223.71,223.71,1,340825.81
CUST52369804127,629.54,629.54,1,439617.04
CUST52377062757,609.17,609.17,1,475571.4
CUST52381961384,4433.74,4433.74,1,168436.4
CUST52396237605,652.96,652.96,1,181885.59
CUST52398196506,173.01,173.01,1,405288.55
CUST52401166700,4089.61,4089.61,1,455194.58
CUST52405592765,311.89,311.89,1,72095.73
CUST52405860051,111.98,111.98,1,186456.69
CUST52406558743,113.0,113.0,1,350581.41
CUST52409539663,144.93,144.93,1,407621.0
CUST52414323929,1472.05,1472.05,1,279160.53
CUST52415814569,652.01,652.01,1,124017.43
CUST52426315699,319.18,319.18,1,468615.2
CUST52433511046,145.63,145.63,1,246211.74
CUST52439888650,363.39,363.39,1,207652.16
CUST52442298919,119.79,119.79,1,208515.66
CUST52444280376,150.54,150.54,1,409902.25
CUST52445513226,442.3,442.3,1,217440.23
CUST52449411613,1425.47,1425.47,1,195008.52
CUST52453317166,150.53,150.53,1,419003.24
CUST52457451519,729.51,729.51,1,379201.2
CUST52457550908,8509.81,8509.81,1,314232.21
CUST52468380804,1257.22,1257.22,1,442335.67
CUST52471450126,415.13,415.13,1,286508.71
CUST52471891988,178.61,178.61,1,378978.71
CUST52472488952,163.14,163.14,1,319323.66
CUST52474533627,308.68,308.68,1,499211.61
CUST52475228589,225.14,225.14,1,62794.67
CUST52477142862,3333.65,3333.65,1,358712.03
CUST52477633603,16773.07,16773.07,1,298392.16
CUST52480697912,698.26,698.26,1,91073.34
CUST52483131455,237.26,237.26,1,204139.53
CUST52487893288,905.88,905.88,1,414826.32
CUST52488024601,20932.79,20932.79,1,108826.17
CUST52491494320,2363.29,2363.29,1,90838.73
CUST52522016832,780.85,780.85,1,261732.21
CUST52523596557,175.21,175.21,1,286410.08
CUST52523916158,57.67,57.67,1,402179.23
CUST52530426530,388.7,388.7,1,279347.62
CUST52541885200,682.03,682.03,1,336004.24
CUST52542967948,3368.88,3368.88,1,427630.9
CUST52555555696,398.38,398.38,1,267928.22
CUST52563568249,192.74,192.74,1,153527.44
CUST52567906912,11119.74,11119.74,1,246760.53
CUST52577457170,457.81,457.81,1,67910.02
CUST52579706340,2140.47,2140.47,1,48255.91
CUST52580314096,2790.26,2790.26,1,412103.34
CUST52585610182,1297.26,1297.26,1,415344.98
CUST52586405551,1477.83,1477.83,1,264789.36
CUST52597214169,450.84,450.84,1,183035.92
CUST52603479511,227.9,227.9,1,300461.59
CUST52608632052,348.26,348.26,1,464177.47
CUST52619470423,579.45,579.45,1,277002.08
CUST52620445523,440.13,440.13,1,450222.03
CUST52620556903,232.21,232.21,1,71466.75
CUST52630003497,930.36,930.36,1,49900.92
CUST52630917097,541.06,541.06,1,349093.52
CUST52632015876,4257.28,4257.28,1,464323.31
CUST52632176033,369.09,369.09,1,314747.0
CUST52632713192,517.45,517.45,1,110217.28
CUST52637271225,1721.55,1721.55,1,410447.64
CUST52639865690,4903.73,4903.73,1,371629.87
CUST52645017594,577.21,577.21,1,330959.91
CUST52646898621,2674.83,2674.83,1,238000.63
CUST52647397274,507.41,507.41,1,344823.76
CUST52659462670,2798.67,2798.67,1,386285.88
CUST52666370605,612.73,612.73,1,101502.32
CUST52681998556,550.7,550.7,1,490032.41
CUST52686375757,245.63,245.63,1,159870.6
CUST52689224866,1316.77,1316.77,1,451906.63
CUST52693877437,2835.21,2835.21,1,84679.4
CUST52700194100,1517.74,1517.74,1,366313.01
CUST52708305980,348.8,348.8,1,102235.19
CUST52712418372,446.11,446.11,1,227815.43
CUST52712953192,671.76,671.76,1,68200.09
CUST52714499794,59.12,59.12,1,151894.27
CUST52721903539,5237.6,5237.6,1,185250.9
CUST52725071639,2615.98,2615.98,1,364954.48
CUST52726440951,155.26,155.26,1,238448.88
CUST52746845654,5488.73,5488.73,1,146850.72
CUST52762650992,5054.5,5054.5,1,239430.03
CUST52766026511,1339.02,1339.02,1,214583.91
CUST52813988632,7506.54,7506.54,1,482524.32
CUST52822758613,3078.05,3078.05,1,208090.68
CUST52823410082,333.56,333.56,1,354248.47
CUST52823513279,1023.55,1023.55,1,467959.43
CUST52832433793,162.83,162.83,1,212927.22
CUST52836876583,597.87,597.87,1,139076.53
CUST52837836200,4391.05,4391.05,1,487342.27
CUST52842561069,990.46,990.46,1,464514.93
CUST52847702733,1645.25,1645.25,1,442717.06
CUST52855426219,730.69,730.69,1,249122.01
CUST52856460604,1121.5,1121.5,1,9114.87
CUST52859828893,599.23,599.23,1,419708.74
CUST52861011139,311.63,311.63,1,339589.97
CUST52863640553,7974.77,7974.77,1,211064.14
CUST52871135347,835.29,835.29,1,381344.01
CUST52874718550,606.45,606.45,1,343108.77
CUST52876471583,344.86,344.86,1,363085.47
CUST52877007533,509.07,509.07,1,355000.23
CUST52882119980,160.59,160.59,1,157221.22
CUST52884866993,447.8,447.8,1,295992.77
CUST52890102812,904.82,904.82,1,187555.49
CUST52890232230,144.06,144.06,1,262547.98
CUST52891897066,510.7,510.7,1,29579.43
CUST52894358613,1678.91,1678.91,1,417649.87
CUST52894631792,160.88,160.88,1,401910.7
CUST52898844621,343.04,343.04,1,452672.86
CUST52901165471,662.9,662.9,1,478244.5
CUST52901770702,290.53,290.53,1,263360.88
CUST52903593691,105.48,105.48,1,270962.54
CUST52905377380,831.35,831.35,1,365960.52
CUST52906968082,5944.99,5944.99,1,211448.11
CUST52920383957,632.08,632.08,1,373141.45
CUST52921922172,292.3,292.3,1,308073.02
CUST52922692601,3326.92,3326.92,1,412613.81
CUST52928103770,791.52,791.52,1,487699.18
CUST52928937639,528.55,528.55,1,373441.11
CUST52941750585,4190.12,4190.12,1,14874.5
CUST52945491254,589.86,589.86,1,365218.33
CUST52946543283,384.95,384.95,1,292236.83
CUST52957002329,564.49,564.49,1,469655.99
CUST52965816991,323.65,323.65,1,398469.71
CUST52973090616,560.74,560.74,1,467921.69
CUST52981084131,431.28,431.28,1,39701.8
CUST52991977260,637.81,637.81,1,315300.66
CUST52997155199,178.45,178.45,1,437664.13
CUST53000864390,463.8,463.8,1,304868.45
CUST53011322566,1057.37,1057.37,1,139793.48
CUST53013541075,197.15,197.15,1,456325.27
CUST53014293243,4038.64,4038.64,1,11251.98
CUST53015464039,8729.78,8729.78,1,71464.32
CUST53016117280,270.26,270.26,1,212847.85
CUST53020043612,290.62,290.62,1,308380.8
CUST53035868412,3920.78,3920.78,1,250143.87
CUST53047742613,887.13,887.13,1,284834.64
CUST53056589321,421.44,421.44,1,430306.71
CUST53060275927,18322.47,18322.47,1,150173.25
CUST53066399489,6828.03,6828.03,1,129800.67
CUST53067569486,3127.98,3127.98,1,388211.77
CUST53070470357,919.55,919.55,1,62307.54
CUST53072365362,3679.75,3679.75,1,87091.91
CUST53075576018,154.53,154.53,1,193621.06
CUST53077338825,980.71,980.71,1,25275.41
CUST53077616198,242.29,242.29,1,316395.85
CUST53080709246,117.25,117.25,1,439875.75
CUST53086775253,3032.16,3032.16,1,132593.85
CUST53092754457,633.58,633.58,1,146045.2
CUST53095786607,1502.03,1502.03,1,479882.72
CUST53096445683,14333.54,14333.54,1,298876.25
CUST53098077835,450.89,450.89,1,189396.73
CUST53100381395,2177.68,2177.68,1,207580.24
CUST53103063831,463.18,463.18,1,425775.28
CUST53105696266,9863.12,9863.12,1,297674.66
CUST53105865460,763.51,763.51,1,375356.32
CUST53106283114,1389.68,1389.68,1,235107.75
CUST53115562686,139.96,139.96,1,181095.09
CUST53121091326,1901.83,1901.83,1,332197.16
CUST53123457533,1148.62,1148.62,1,350364.45
CUST53125747853,2041.68,2041.68,1,316433.94
CUST53126406615,719.18,719.18,1,332477.79
CUST53137332374,776.54,776.54,1,423764.84
CUST53143560533,6654.14,6654.14,1,89561.61
CUST53147562538,460.5,460.5,1,295015.97
CUST53152974452,2500.29,2500.29,1,250022.69
CUST53161908065,3224.29,3224.29,1,140705.38
CUST53164301844,707.2,707.2,1,214721.44
CUST53164320183,250.05,250.05,1,462538.38
CUST53166654505,12237.88,12237.88,1,229032.02
CUST53168662557,130.89,130.89,1,88436.54
CUST53174821975,175.27,175.27,1,421864.49
CUST53178770999,1163.09,1163.09,1,275430.63
CUST53180736438,530.21,530.21,1,464200.11
CUST53184161140,785.22,785.22,1,190016.98
CUST53184650944,443.11,443.11,1,84081.99
CUST53190717026,886.56,886.56,1,389483.59
CUST53192064575,1662.17,1662.17,1,307164.84
CUST53193253621,584.78,584.78,1,320866.5
CUST53205158638,106.64,106.64,1,140926.49
CUST53213528822,626.03,626.03,1,411262.27
CUST53222523552,959.07,959.07,1,45393.59
CUST53228868857,608.39,608.39,1,249095.46
CUST53239827650,6428.87,6428.87,1,28990.13
CUST53240066731,895.28,895.28,1,463130.3
CUST53244848337,1216.8,1216.8,1,497154.59
CUST53245786908,126.72,126.72,1,103199.69
CUST53249304255,134.81,134.81,1,79128.59
CUST53257282579,4098.42,4098.42,1,428377.43
CUST53259100011,17735.93,17735.93,1,402924.48
CUST53272677653,775.21,775.21,1,461383.71
CUST53277229177,3424.67,3424.67,1,211332.21
CUST53280945199,224.4,224.4,1,27969.07
CUST53291882598,446.53,446.53,1,342410.41
CUST53294101633,606.43,606.43,1,163832.94
CUST53297922678,4456.69,4456.69,1,260962.9
CUST53298370157,6004.26,6004.26,1,359517.61
CUST53300624224,289.4,289.4,1,109187.78
CUST53307271129,3767.37,3767.37,1,439706.4
CUST53311319133,119.5,119.5,1,243184.22
CUST53316506067,299.53,299.53,1,10250.25
CUST53325167067,372.01,372.01,1,259859.86
CUST53327019426,144.03,144.03,1,387787.1
CUST53334829484,192.62,192.62,1,30173.51
CUST53337434603,908.01,908.01,1,62869.0
CUST53339715565,392.49,392.49,1,400098.33
CUST53340125432,1036.21,1036.21,1,306063.42
CUST53346810179,2044.61,2044.61,1,410558.03
CUST53347444407,11799.96,11799.96,1,281987.69
CUST53349670179,2554.84,2554.84,1,176516.69
CUST53350046922,7818.22,7818.22,1,419550.85
CUST53350637405,38.67,38.67,1,401122.9
CUST53374415760,387.07,387.07,1,333050.33
CUST53392826460,98.05,98.05,1,96874.84
CUST53393581008,1257.22,1257.22,1,397487.82
CUST53400775152,1465.88,1465.88,1,59929.23
CUST53400889166,195.36,195.36,1,149183.02
CUST53404113300,293.05,293.05,1,414813.91
CUST53405032263,3928.29,3928.29,1,309612.57
CUST53411226908,176.39,176.39,1,221991.66
CUST53424168729,111.18,111.18,1,6565.66
CUST53434937018,919.14,919.14,1,497500.17
CUST53437416035,94.89,94.89,1,35839.79
CUST53448244633,303.28,303.28,1,137925.54
CUST53462624087,290.71,290.71,1,187550.02
CUST53464909788,1085.64,1085.64,1,13708.46
CUST53474533342,40.96,40.96,1,483403.76
CUST53487665486,179.27,179.27,1,461671.26
CUST53491450545,803.43,803.43,1,400565.53
CUST53497743927,728.49,728.49,1,83558.46
CUST53500546360,509.51,509.51,1,36843.01
CUST53501592032,57.34,57.34,1,295455.41
CUST53508246639,164.91,164.91,1,223240.69
CUST53509341941,48.73,48.73,1,341749.06
CUST53513162257,483.62,483.62,1,223809.0
CUST53516580634,3558.53,3558.53,1,449503.91
CUST53516905024,286.73,286.73,1,24763.95
CUST53521444538,567.24,567.24,1,412020.69
CUST53522332876,1476.53,1476.53,1,447918.73
CUST53522498769,3139.58,3139.58,1,128798.84
CUST53524974246,5389.64,5389.64,1,303968.96
CUST53527721733,5377.42,5377.42,1,385992.85
CUST53533723600,198.72,198.72,1,81720.51
CUST53534171513,5210.72,5210.72,1,131447.02
CUST53539498270,2237.25,2237.25,1,286737.33
CUST53543141886,474.23,474.23,1,431932.05
CUST53545241400,412.28,412.28,1,144064.47
CUST53545366449,114.45,114.45,1,171523.06
CUST53548614222,801.82,801.82,1,360588.65
CUST53551340557,790.75,790.75,1,10233.75
CUST53553731626,169.45,169.45,1,468237.76
CUST53562115435,1289.86,1289.86,1,199095.78
CUST53565306620,775.32,775.32,1,389357.39
CUST53566262949,256.8,256.8,1,83061.38
CUST53574239278,506.63,506.63,1,321559.62
CUST53575454889,579.4,579.4,1,79252.61
CUST53576789443,2149.08,2149.08,1,95539.54
CUST53582464025,918.83,918.83,1,204889.13
CUST53595732755,3876.55,3876.55,1,66648.83
CUST53601528955,1060.85,1060.85,1,264406.41
CUST53604195891,2399.31,2399.31,1,20875.04
CUST53617188627,3455.18,3455.18,1,490245.49
CUST53618225195,5986.23,5986.23,1,395182.81
CUST53620686495,5459.14,5459.14,1,217149.07
CUST53623492843,92.27,92.27,1,52731.92
CUST53624529507,63.33,63.33,1,361728.66
CUST53632203732,172.93,172.93,1,206512.63
CUST53633942457,2511.13,2511.13,1,201219.14
CUST53648405192,269.36,269.36,1,459475.43
CUST53650043519,2351.26,2351.26,1,24480.87
CUST53653605465,1189.63,1189.63,1,296632.68
CUST53654460744,1123.39,1123.39,1,248360.18
CUST53657010850,2000.95,2000.95,1,4575.47
CUST53658571239,2430.86,2430.86,1,329568.38
CUST53670498079,197.19,197.19,1,53754.83
CUST53673993487,2306.8,2306.8,1,382797.04
CUST53676245578,376.77,376.77,1,271754.44
CUST53679771186,398.02,398.02,1,430171.87
CUST53680534694,227.87,227.87,1,50291.9
CUST53681764317,1200.48,1200.48,1,290293.82
CUST53688638693,249.97,249.97,1,250999.71
CUST53694954352,11144.32,11144.32,1,58156.69
CUST53695278952,71.54,71.54,1,291317.48
CUST53698219274,262.66,262.66,1,109990.92
CUST53699992836,663.52,663.52,1,327510.66
CUST53702521638,241.59,241.59,1,389080.52
CUST53702741763,5577.9,5577.9,1,77214.74
CUST53705940802,846.94,846.94,1,158590.27
CUST53706906925,1806.49,1806.49,1,326191.68
CUST53708058204,221.32,221.32,1,331847.9
CUST53709226781,403.72,403.72,1,366637.2
CUST53713180329,1051.8,1051.8,1,177248.46
CUST53723654642,144.35,144.35,1,327662.92
CUST53727012758,948.62,948.62,1,70968.82
CUST53730308682,551.66,551.66,1,483736.93
CUST53740826954,12359.74,12359.74,1,37118.93
CUST53745861023,1556.9,1556.9,1,476302.19
CUST53746305676,670.58,670.58,1,349450.36
CUST53751921463,219.87,219.87,1,435401.18
CUST53752986308,294.63,294.63,1,307875.87
CUST53757344033,6557.31,6557.31,1,95690.99
CUST53769230753,515.25,515.25,1,145694.56
CUST53779393542,721.92,721.92,1,152795.89
CUST53780363849,172.37,172.37,1,306007.29
CUST53783011159,2449.98,2449.98,1,80504.7
CUST53783258381,522.42,522.42,1,217287.77
CUST53784429350,1021.48,1021.48,1,29123.86
CUST53789681357,324.96,324.96,1,3593.78
CUST53790551213,125.78,125.78,1,47476.69
CUST53798901526,693.9,693.9,1,488634.92
CUST53810862270,536.58,536.58,1,211818.02
CUST53813535470,7988.96,7988.96,1,313614.85
CUST53815324136,395.54,395.54,1,94730.31
CUST53817858858,3247.11,3247.11,1,13870.88
CUST53823988708,3231.82,3231.82,1,128005.29
CUST53826551859,175.73,175.73,1,16553.73
CUST53834149254,813.19,813.19,1,150009.12
CUST53839938884,424.36,424.36,1,76170.04
CUST53842214267,2294.61,2294.61,1,361378.44
CUST53848352838,1687.56,1687.56,1,156509.39
CUST53850056807,2653.06,2653.06,1,203444.29
CUST53853276373,1576.65,1576.65,1,98959.61
CUST53859193821,493.8,493.8,1,353979.17
CUST53864352960,555.87,555.87,1,128090.08
CUST53867806253,957.36,957.36,1,40747.83
CUST53871101903,1754.94,1754.94,1,119010.68
CUST53876374497,12968.42,12968.42,1,347173.65
CUST53887839858,1288.37,1288.37,1,269089.02
CUST53890048317,7480.81,7480.81,1,27002.52
CUST53901443135,460.16,460.16,1,417327.26
CUST53904691838,502.24,502.24,1,230492.3
CUST53905639551,516.65,516.65,1,398581.23
CUST53905767176,273.36,273.36,1,31677.13
CUST53906187276,10230.36,10230.36,1,369180.4
CUST53908229720,2213.49,2213.49,1,113609.76
CUST53922690652,2374.81,2374.81,1,403774.98
CUST53927194029,365.29,365.29,1,426867.2
CUST53933983289,414.36,414.36,1,464170.22
CUST53934309939,3801.11,3801.11,1,399443.48
CUST53942876535,271.03,271.03,1,148405.41
CUST53944943761,148.59,148.59,1,176727.79
CUST53946495057,156.46,156.46,1,147966.62
CUST53948882037,1759.02,1759.02,1,352259.61
CUST53961907913,74.36,74.36,1,410702.31
CUST53972526446,158.93,158.93,1,13105.03
CUST53976061240,546.75,546.75,1,32074.58
CUST53983846896,1211.99,1211.99,1,312463.75
CUST53987652590,343.56,343.56,1,288976.87
CUST53987654549,238.13,238.13,1,69341.91
CUST53996583141,8409.47,8409.47,1,84313.55
CUST54003942374,1527.38,1527.38,1,88602.14
CUST54008421816,812.36,812.36,1,436441.4
CUST54025155464,3209.22,3209.22,1,383095.18
CUST54030669510,533.99,533.99,1,387041.61
CUST54039870782,380.64,380.64,1,162669.43
CUST54055450603,211.52,211.52,1,367968.33
CUST54057331161,915.02,915.02,1,152244.61
CUST54066610258,163.23,163.23,1,208535.07
CUST54071219553,264.8,264.8,1,73052.24
CUST54073858660,1345.77,1345.77,1,410981.35
CUST54078646256,384.79,384.79,1,337467.53
CUST54084303219,101.68,101.68,1,321756.1
CUST54089169470,677.66,677.66,1,416277.87
CUST54096801319,1495.65,1495.65,1,462203.99
CUST54100203061,399.77,399.77,1,302787.38
CUST54106489813,924.07,924.07,1,393736.33
CUST54112428265,2967.33,2967.33,1,332778.68
CUST54113906815,844.4,844.4,1,388610.2
CUST54129454542,161.71,161.71,1,312065.96
CUST54132261829,370.19,370.19,1,177769.9
CUST54135023821,862.24,862.24,1,304806.03
CUST54138521374,397.0,397.0,1,130550.93
CUST54147346478,3228.34,3228.34,1,127685.85
CUST54156523992,6201.05,6201.05,1,373365.28
CUST54161070572,395.37,395.37,1,178819.45
CUST54165542432,221.77,221.77,1,95223.25
CUST54168240076,2787.99,2787.99,1,291610.7
CUST54169552328,923.44,923.44,1,337042.08
CUST54169903748,10546.24,10546.24,1,344625.38
CUST54171392437,291.62,291.62,1,302206.09
CUST54171569148,156.14,156.14,1,127912.32
CUST54171755523,53.94,53.94,1,308159.77
CUST54173595275,5758.51,5758.51,1,49014.26
CUST54184466289,35827.0,35827.0,1,424221.78
CUST54184528368,9724.94,9724.94,1,336013.41
CUST54185487437,515.5,515.5,1,89559.93
CUST54186929517,1196.86,1196.86,1,483442.89
CUST54192554559,398.81,398.81,1,55192.64
CUST54194708835,184.82,184.82,1,85251.05
CUST54204687909,391.11,391.11,1,182727.89
CUST54208968369,99.16,99.16,1,274755.7
CUST54219617829,482.51,482.51,1,419058.28
CUST54223784896,3260.22,3260.22,1,218586.67
CUST54224773857,3514.15,3514.15,1,235540.77
CUST54233506892,501.49,501.49,1,489496.69
CUST54234215429,345.04,345.04,1,193729.76
CUST54241792887,92.64,92.64,1,157508.6
CUST54244525278,155.08,155.08,1,164866.4
CUST54256583820,15.24,15.24,1,485693.15
CUST54259326689,931.25,931.25,1,461215.22
CUST54261286487,220.33,220.33,1,154072.64
CUST54261821278,58.63,58.63,1,120424.09
CUST54262575931,140.71,140.71,1,52351.82
CUST54266884369,803.3,803.3,1,452980.55
CUST54270914893,14571.12,14571.12,1,175190.3
CUST54279657706,1994.05,1994.05,1,90346.77
CUST54279985617,747.15,747.15,1,407783.52
CUST54285652968,241.48,241.48,1,101435.81
CUST54287479609,1899.26,1899.26,1,5731.35
CUST54288226936,245.3,245.3,1,461474.65
CUST54293736827,3850.74,3850.74,1,477381.62
CUST54295760067,597.23,597.23,1,299713.61
CUST54302720870,1654.1,1654.1,1,203544.51
CUST54306925823,501.73,501.73,1,113628.28
CUST54307034786,159.42,159.42,1,264906.0
CUST54319664798,2619.72,2619.72,1,90001.29
CUST54330371572,743.83,743.83,1,266126.11
CUST54335258825,2820.18,2820.18,1,90655.86
CUST54336326742,799.45,799.45,1,194703.77
CUST54338915926,143.42,143.42,1,236397.27
CUST54339649742,1061.47,1061.47,1,87380.48
CUST54346267133,228.7,228.7,1,498652.99
CUST54349397749,115.81,115.81,1,114404.99
CUST54353237545,1280.98,1280.98,1,290384.11
CUST54366001875,1860.9,1860.9,1,71983.13
CUST54373626554,1256.8,1256.8,1,204644.28
CUST54374557877,339.76,339.76,1,227051.13
CUST54377038193,243.01,243.01,1,287532.94
CUST54380872775,683.73,683.73,1,457865.59
CUST54381112082,181.38,181.38,1,383567.89
CUST54382438924,3759.99,3759.99,1,244001.38
CUST54388834859,772.57,772.57,1,160524.89
CUST54389976516,182.07,182.07,1,74303.25
CUST54410574072,622.14,622.14,1,346197.23
CUST54410694668,506.86,506.86,1,116851.41
CUST54412652595,759.5,759.5,1,373399.24
CUST54422801667,47.57,47.57,1,495299.01
CUST54423751932,6148.71,6148.71,1,379026.9
CUST54427644857,446.71,446.71,1,308354.09
CUST54429571904,3349.91,3349.91,1,279629.25
CUST54430995907,406.39,406.39,1,169966.36
CUST54435262609,2033.9,2033.9,1,273103.99
CUST54439136430,2085.04,2085.04,1,156728.62
CUST54448442854,1940.76,1940.76,1,201740.58
CUST54467781128,11267.57,11267.57,1,337147.94
CUST54477303767,747.22,747.22,1,389876.94
CUST54477877082,7859.18,7859.18,1,34276.06
CUST54483324328,491.81,491.81,1,46346.03
CUST54485572727,364.89,364.89,1,310176.71
CUST54488582577,1900.11,1900.11,1,200031.58
CUST54491623622,880.44,880.44,1,206262.96
CUST54494493116,1947.79,1947.79,1,348321.78
CUST54499925733,3180.91,3180.91,1,116218.64
CUST54501273723,2340.22,2340.22,1,88047.11
CUST54512082551,467.03,467.03,1,312936.87
CUST54515084846,2457.0,2457.0,1,442450.75
CUST54516433882,102.32,102.32,1,390651.98
CUST54521726528,1012.24,1012.24,1,58502.48
CUST54526269041,400.2,400.2,1,255029.79
CUST54526742939,1102.21,1102.21,1,15883.26
CUST54531765416,2119.04,2119.04,1,427017.21
CUST54540998595,566.59,566.59,1,209974.01
CUST54547056861,167.32,167.32,1,98597.42
CUST54549850560,649.32,649.32,1,409556.9
CUST54557583785,317.19,317.19,1,147511.83
CUST54566975536,414.13,414.13,1,451271.14
CUST54568028255,727.99,727.99,1,397599.25
CUST54572266102,984.45,984.45,1,495133.21
CUST54572848444,5429.84,5429.84,1,461414.74
CUST54594543237,4088.86,4088.86,1,67861.69
CUST54606046996,1196.75,1196.75,1,316044.46
CUST54614482862,947.24,947.24,1,20553.26
CUST54622483901,257.87,257.87,1,222620.03
CUST54627513255,664.53,664.53,1,32490.33
CUST54633355757,2675.08,2675.08,1,209138.53
CUST54635825394,464.19,464.19,1,464454.43
CUST54638205163,605.65,605.65,1,343321.5
CUST54641275105,4771.04,4771.04,1,43305.68
CUST54647475135,615.73,615.73,1,348725.68
CUST54647890705,231.18,231.18,1,205173.36
CUST54653759647,1760.14,1760.14,1,120332.41
CUST54654773419,1399.27,1399.27,1,466203.85
CUST54656409427,718.0,718.0,1,387789.65
CUST54656671253,1853.77,1853.77,1,14689.32
CUST54663323428,2504.83,2504.83,1,300802.27
CUST54674320962,10909.92,10909.92,1,191971.47
CUST54686341155,202.79,202.79,1,200311.65
CUST54687681494,884.33,884.33,1,21645.49
CUST54701329936,2687.69,2687.69,1,77731.02
CUST54709059951,414.61,414.61,1,447968.54
CUST54712793116,5674.05,5674.05,1,414725.21
CUST54713953956,1614.52,1614.52,1,467008.11
CUST54722500459,1198.67,1198.67,1,52435.08
CUST54723600871,218.79,218.79,1,407404.71
CUST54728897998,1662.8,1662.8,1,199130.27
CUST54735163005,2246.76,2246.76,1,116391.96
CUST54739057679,61166.21,61166.21,1,310895.2
CUST54757387626,7797.49,7797.49,1,469964.68
CUST54760058373,1317.15,1317.15,1,134636.25
CUST54767459403,1683.1,1683.1,1,30856.05
CUST54772699227,403.33,403.33,1,104661.46
CUST54773237786,1289.91,1289.91,1,86040.18
CUST54788773616,2400.79,2400.79,1,346475.56
CUST54788964597,439.78,439.78,1,484377.78
CUST54790161970,1570.91,1570.91,1,479156.14
CUST54794101841,470.94,470.94,1,234507.91
CUST54795756953,520.0,520.0,1,68276.32
CUST54801291188,11098.46,11098.46,1,286547.76
CUST54802050080,192.27,192.27,1,42000.43
CUST54807011889,687.02,687.02,1,321472.29
CUST54824971816,3545.2,3545.2,1,28112.97
CUST54836403768,154.96,154.96,1,83547.49
CUST54839669832,879.64,879.64,1,30153.88
CUST54845632157,2284.33,2284.33,1,321068.96
CUST54852756054,4016.64,4016.64,1,243097.38
CUST54863409016,204.17,204.17,1,16267.87
CUST54868010831,1142.5,1142.5,1,478412.35
CUST54868240165,11028.57,11028.57,1,363505.94
CUST54868536154,314.27,314.27,1,209427.33
CUST54869233217,8384.8,8384.8,1,88024.15
CUST54870836159,89.05,89.05,1,477813.82
CUST54871407163,925.31,925.31,1,405097.58
CUST54876127064,1262.73,1262.73,1,97583.42
CUST54883193921,1079.5,1079.5,1,51312.53
CUST54887513940,288.53,288.53,1,396119.84
CUST54892565391,1926.26,1926.26,1,489443.58
CUST54892916539,1928.65,1928.65,1,305562.97
CUST54895388703,273.64,273.64,1,79583.47
CUST54896030945,561.84,561.84,1,236311.04
CUST54901700348,1711.3,1711.3,1,107155.43
CUST54901738662,3840.36,3840.36,1,465046.5
CUST54903595934,474.66,474.66,1,135505.65
CUST54908713088,1721.19,1721.19,1,228372.85
CUST54915453475,1051.87,1051.87,1,457631.73
CUST54915731283,411.19,411.19,1,256186.09
CUST54920385495,124.63,124.63,1,314135.26
CUST54921318543,13364.29,13364.29,1,469525.99
CUST54928549814,2576.47,2576.47,1,466785.26
CUST54930540265,11363.44,11363.44,1,144258.1
CUST54931129363,634.1,634.1,1,381244.53
CUST54933909460,932.22,932.22,1,299465.82
CUST54935535445,265.77,265.77,1,253708.01
CUST54946568770,549.75,549.75,1,166357.89
CUST54948325326,2289.23,2289.23,1,406410.1
CUST54953900246,1409.8,1409.8,1,485427.84
CUST54955357717,608.98,608.98,1,155829.58
CUST54959130606,522.0,522.0,1,425218.51
CUST54961611930,678.47,678.47,1,179227.06
CUST54965249980,112.55,112.55,1,8544.21
CUST54982347023,6493.65,6493.65,1,21727.98
CUST54989541439,1086.77,1086.77,1,414589.3
CUST54990065050,3010.73,3010.73,1,100945.44
CUST54996162518,2202.43,2202.43,1,476700.3
CUST55001382346,656.23,656.23,1,215422.58
CUST55003705437,333.69,333.69,1,193933.0
CUST55009455704,551.08,551.08,1,342441.52
CUST55014525920,16589.63,16589.63,1,85189.4
CUST55018382307,24.98,24.98,1,370175.11
CUST55020253331,859.88,859.88,1,236324.45
CUST55020566822,1719.12,1719.12,1,43255.47
CUST55022133235,436.69,436.69,1,61696.87
CUST55034383847,213.1,213.1,1,97653.74
CUST55039969079,2492.39,2492.39,1,379433.13
CUST55042449553,6351.51,6351.51,1,158190.11
CUST55048851005,2754.17,2754.17,1,405913.87
CUST55048875778,1228.61,1228.61,1,138825.78
CUST55049925208,2111.74,2111.74,1,343693.32
CUST55055402206,599.08,599.08,1,454909.41
CUST55065714427,111.08,111.08,1,39214.73
CUST55068816840,133.33,133.33,1,454172.12
CUST55076980714,1121.24,1121.24,1,369214.58
CUST55085101246,1132.06,1132.06,1,249685.05
CUST55088420534,1214.82,1214.82,1,391811.03
CUST55090170063,612.51,612.51,1,290716.21
CUST55106720458,149.48,149.48,1,230693.09
CUST55108154337,333.52,333.52,1,386209.77
CUST55112028736,87.1,87.1,1,375751.0
CUST55112406186,726.28,726.28,1,9046.04
CUST55113375831,2223.4,2223.4,1,404465.21
CUST55117155991,689.87,689.87,1,10758.11
CUST55119899532,158.25,158.25,1,379275.77
CUST55130067691,874.7,874.7,1,35324.58
CUST55130758514,1108.12,1108.12,1,125631.35
CUST55131415157,13240.75,13240.75,1,285398.43
CUST55134741636,377.15,377.15,1,389122.83
CUST55140893973,8829.63,8829.63,1,400365.58
CUST55148862363,3131.27,3131.27,1,491088.99
CUST55148961337,1076.75,1076.75,1,240036.07
CUST55154048365,569.83,569.83,1,78926.51
CUST55161316626,1782.43,1782.43,1,267457.37
CUST55161462591,156.71,156.71,1,223890.31
CUST55165699436,1058.42,1058.42,1,338505.17
CUST55166959083,605.75,605.75,1,108528.23
CUST55170249654,418.64,418.64,1,387525.88
CUST55179874642,222.74,222.74,1,439903.06
CUST55180564447,379.28,379.28,1,478664.16
CUST55183148363,155.58,155.58,1,35691.1
CUST55186410216,940.64,940.64,1,415188.43
CUST55197645152,5551.81,5551.81,1,399533.73
CUST55207927684,1298.55,1298.55,1,87520.58
CUST55210338249,1370.73,1370.73,1,286987.8
CUST55210458413,221.77,221.77,1,305160.2
CUST55213921090,1567.92,1567.92,1,383762.07
CUST55217107624,1827.83,1827.83,1,351857.34
CUST55217414899,319.46,319.46,1,489476.54
CUST55219583084,565.6,565.6,1,335768.2
CUST55224787916,4035.64,4035.64,1,3192.7
CUST55225954245,471.36,471.36,1,209688.63
CUST55235971155,2915.87,2915.87,1,466398.1
CUST55240282291,111.95,111.95,1,180443.83
CUST55246655234,275.92,275.92,1,156834.77
CUST55248832983,2396.69,2396.69,1,37092.9
CUST55250402242,46.34,46.34,1,275214.82
CUST55252701991,2159.78,2159.78,1,319391.26
CUST55252835477,149.96,149.96,1,204333.76
CUST55254655183,285.84,285.84,1,438222.14
CUST55262948472,54.98,54.98,1,298515.39
CUST55263949198,530.63,530.63,1,280380.3
CUST55271370941,448.37,448.37,1,424423.4
CUST55277523974,440.4,440.4,1,92049.88
CUST55288094635,85.43,85.43,1,242838.17
CUST55291264949,2325.63,2325.63,1,115361.81
CUST55292259125,73.85,73.85,1,63508.0
CUST55293778373,453.43,453.43,1,443470.53
CUST55294159506,4886.1,4886.1,1,42557.78
CUST55310362880,2188.47,2188.47,1,175577.23
CUST55311806487,407.02,407.02,1,364912.38
CUST55312084049,500.29,500.29,1,364034.97
CUST55313573453,1621.96,1621.96,1,171386.76
CUST55313793027,108.14,108.14,1,404549.17
CUST55316737405,679.87,679.87,1,342642.68
CUST55320182221,12966.13,12966.13,1,379422.72
CUST55320970472,115.25,115.25,1,353822.87
CUST55326278511,292.97,292.97,1,172638.0
CUST55335206064,270.17,270.17,1,122936.12
CUST55335864822,2452.26,2452.26,1,179801.6
CUST55343755400,778.97,778.97,1,136886.52
CUST55348862094,406.99,406.99,1,258587.79
CUST55349206350,879.86,879.86,1,473959.1
CUST55350012802,247.37,247.37,1,306261.19
CUST55353356987,493.52,493.52,1,367967.39
CUST55353725973,1347.74,1347.74,1,207005.19
CUST55363274055,3242.61,3242.61,1,44632.81
CUST55376749202,199.64,199.64,1,128104.95
CUST55377741510,379.37,379.37,1,449550.88
CUST55378445492,57.26,57.26,1,362909.52
CUST55387366524,1615.82,1615.82,1,45437.02
CUST55387621306,551.1,551.1,1,287804.83
CUST55395525587,633.57,633.57,1,35693.19
CUST55400285792,1716.52,1716.52,1,138755.18
CUST55403439612,151.69,151.69,1,271484.94
CUST55403588026,524.3,524.3,1,475581.63
CUST55404148395,3888.4,3888.4,1,143109.35
CUST55406787686,190.4,190.4,1,359897.51
CUST55408130994,478.77,478.77,1,496557.67
CUST55410189431,420.97,420.97,1,134291.9
CUST55411875705,5138.3,5138.3,1,227545.44
CUST55415346887,807.51,807.51,1,304960.82
CUST55416494463,361.83,361.83,1,384381.24
CUST55422593872,283.91,283.91,1,130299.98
CUST55426024406,5854.61,5854.61,1,6700.16
CUST55426147714,535.4,535.4,1,109219.73
CUST55431957389,1518.63,1518.63,1,387930.85
CUST55449679990,17627.36,17627.36,1,210570.03
CUST55450204790,191.5,191.5,1,430200.28
CUST55455542298,980.95,980.95,1,405273.58
CUST55457435523,211.37,211.37,1,403105.31
CUST55461992876,46.82,46.82,1,90990.42
CUST55470347737,298.82,298.82,1,494862.73
CUST55470353400,1080.46,1080.46,1,418616.55
CUST55476714052,35.42,35.42,1,460161.15
CUST55484575301,3302.03,3302.03,1,18488.93
CUST55490413921,390.09,390.09,1,427312.86
CUST55496659753,2501.2,2501.2,1,373055.77
CUST55496901816,872.84,872.84,1,36111.43
CUST55502796234,5731.31,5731.31,1,27422.69
CUST55503253545,1064.95,1064.95,1,326151.48
CUST55504328911,783.18,783.18,1,321870.51
CUST55504597096,119.68,119.68,1,264786.14
CUST55507355257,209.38,209.38,1,2937.62
CUST55507804266,623.03,623.03,1,143321.67
CUST55510834800,853.15,853.15,1,134180.39
CUST55512087804,310.04,310.04,1,357084.61
CUST55524050879,186.26,186.26,1,423812.48
CUST55530568081,173.88,173.88,1,424584.11
CUST55534215397,806.58,806.58,1,245986.41
CUST55543354875,75.78,75.78,1,52616.88
CUST55558319104,436.25,436.25,1,21324.72
CUST55561187432,222.74,222.74,1,83805.68
CUST55562686090,2793.62,2793.62,1,381085.01
CUST55562838757,1460.02,1460.02,1,444354.65
CUST55563199698,142.69,142.69,1,367103.31
CUST55566136817,1048.22,1048.22,1,227994.27
CUST55568348908,1836.02,1836.02,1,32256.02
CUST55573661244,5825.21,5825.21,1,66261.92
CUST55583157885,114.26,114.26,1,468992.49
CUST55587377920,357.01,357.01,1,325675.12
CUST55590680805,32.21,32.21,1,210729.03
CUST55593245864,352.85,352.85,1,275603.92
CUST55604126619,122.62,122.62,1,414518.27
CUST55605723565,515.46,515.46,1,107209.35
CUST55613200101,9529.67,9529.67,1,385838.21
CUST55614730300,2090.42,2090.42,1,125646.06
CUST55615443737,83.95,83.95,1,51286.87
CUST55619400017,820.95,820.95,1,197590.79
CUST55629056156,284.36,284.36,1,404592.7
CUST55631258061,1154.18,1154.18,1,169100.56
CUST55640618488,362.82,362.82,1,7016.96
CUST55640747921,419.76,419.76,1,496470.58
CUST55652650365,778.87,778.87,1,151704.41
CUST55667233253,2030.68,2030.68,1,126252.52
CUST55669456254,338.13,338.13,1,32781.31
CUST55670085813,2365.99,2365.99,1,469875.49
CUST55671547560,271.19,271.19,1,346493.19
CUST55673213484,5794.67,5794.67,1,121305.28
CUST55677210500,2094.62,2094.62,1,241063.34
CUST55684025470,103.57,103.57,1,487220.57
CUST55685864177,1698.9,1698.9,1,227870.72
CUST55693604438,998.73,998.73,1,253089.99
CUST55699812696,543.34,543.34,1,56067.52
CUST55702018326,1034.3,1034.3,1,216733.7
CUST55704121216,116.93,116.93,1,128652.93
CUST55704143496,1195.77,1195.77,1,461342.07
CUST55732784182,1187.87,1187.87,1,96101.14
CUST55734306556,103.54,103.54,1,90215.35
CUST55739355166,641.75,641.75,1,120595.92
CUST55750934535,57.23,57.23,1,221134.78
CUST55754819839,1215.16,1215.16,1,56786.53
CUST55755305904,32870.7,32870.7,1,284720.01
CUST55757407383,8244.27,8244.27,1,215835.78
CUST55776324915,333.5,333.5,1,183028.95
CUST55780055650,211.43,211.43,1,135946.38
CUST55784073657,3485.52,3485.52,1,33629.39
CUST55788353737,154.9,154.9,1,323859.03
CUST55800608827,3319.54,3319.54,1,15747.73
CUST55800694679,10864.36,10864.36,1,470284.42
CUST55806601972,2298.09,2298.09,1,348229.57
CUST55817181100,418.72,418.72,1,284633.52
CUST55821652209,1263.34,1263.34,1,20288.3
CUST55821656989,1151.04,1151.04,1,214513.55
CUST55829024333,233.54,233.54,1,76594.0
CUST55831729140,66.43,66.43,1,266835.84
CUST55833124641,1609.37,1609.37,1,358184.64
CUST55836413407,1812.14,1812.14,1,460754.61
CUST55836993952,180.28,180.28,1,233543.59
CUST55839257384,80944.04,80944.04,1,560875.16
CUST55841175652,256.3,256.3,1,383190.84
CUST55841589003,1119.36,1119.36,1,254921.78
CUST55841860300,195.97,195.97,1,194674.2
CUST55846397413,1578.96,1578.96,1,154853.01
CUST55848170769,1488.24,1488.24,1,120069.62
CUST55855294962,984.79,984.79,1,193397.17
CUST55860092785,1211.13,1211.13,1,493216.29
CUST55863455901,488.13,488.13,1,321934.14
CUST55866652620,2573.86,2573.86,1,410230.21
CUST55867162850,190.1,190.1,1,406853.51
CUST55867176295,957.53,957.53,1,162994.34
CUST55868413703,1944.85,1944.85,1,145589.85
CUST55874625639,242.0,242.0,1,419420.01
CUST55878635548,647.62,647.62,1,118902.04
CUST55882435997,1398.93,1398.93,1,491979.35
CUST55891933035,373.25,373.25,1,5177.56
CUST55901523157,2357.04,2357.04,1,242327.54
CUST55912833036,429.27,429.27,1,182014.59
CUST55914522930,623.92,623.92,1,54973.49
CUST55918455596,274.07,274.07,1,149640.13
CUST55920657987,2665.21,2665.21,1,443345.14
CUST55922554481,2242.78,2242.78,1,371502.95
CUST55924232719,120.68,120.68,1,234700.6
CUST55929325558,3700.73,3700.73,1,7594.94
CUST55935081467,290.95,290.95,1,50362.42
CUST55935957285,621.71,621.71,1,44325.8
CUST55937049799,964.05,964.05,1,141782.04
CUST55939386653,293.52,293.52,1,127815.25
CUST55940897135,1621.44,1621.44,1,104555.64
CUST55943509403,541.58,541.58,1,382282.68
CUST55950853408,214.47,214.47,1,39376.42
CUST55952840524,647.57,647.57,1,349925.01
CUST55953751684,160.76,160.76,1,47045.16
CUST55954983375,1141.6,1141.6,1,443687.0
CUST55959807579,391.4,391.4,1,30467.87
CUST55963114539,412.66,412.66,1,276252.79
CUST55967352297,291.7,291.7,1,38733.82
CUST55982187503,2362.3,2362.3,1,356323.73
CUST55992878908,430.08,430.08,1,68799.37
CUST55994247461,738.89,738.89,1,289881.17
CUST56003914311,408.35,408.35,1,7966.52
CUST56019150273,1410.85,1410.85,1,301685.15
CUST56025693325,696.91,696.91,1,466721.51
CUST56029586514,3040.45,3040.45,1,365239.96
CUST56030685243,3646.75,3646.75,1,364475.88
CUST56033091279,3695.29,3695.29,1,285232.7
CUST56033245952,273.32,273.32,1,486448.3
CUST56034594616,99.33,99.33,1,464654.45
CUST56046476565,4392.57,4392.57,1,204382.49
CUST56047834930,832.11,832.11,1,81804.14
CUST56066662135,1705.62,1705.62,1,415964.0
CUST56072864058,378.07,378.07,1,153878.61
CUST56086283635,53.48,53.48,1,248876.52
CUST56087013247,226.86,226.86,1,314932.23
CUST56102353269,551.96,551.96,1,284158.39
CUST56104107002,747.63,747.63,1,95311.27
CUST56105007854,105.91,105.91,1,142430.4
CUST56110418676,1482.76,1482.76,1,340736.19
CUST56111788062,258.98,258.98,1,34741.94
CUST56114756433,418.19,418.19,1,360592.26
CUST56115093917,863.66,863.66,1,123041.86
CUST56118200697,539.35,539.35,1,314761.8
CUST56124573172,1723.76,1723.76,1,155267.52
CUST56128818148,126.96,126.96,1,295593.7
CUST56131851140,516.99,516.99,1,109994.37
CUST56138960365,1293.05,1293.05,1,157672.23
CUST56139536672,302.71,302.71,1,288759.7
CUST56139683160,527.73,527.73,1,389800.8
CUST56149544477,5489.21,5489.21,1,192594.19
CUST56151565841,2898.56,2898.56,1,322372.64
CUST56156347754,955.84,955.84,1,382004.95
CUST56157906700,382.53,382.53,1,436446.45
CUST56158693348,523.83,523.83,1,478221.1
CUST56159130900,24081.2,24081.2,1,447897.97
CUST56163295229,738.19,738.19,1,458739.7
CUST56167363770,5402.81,5402.81,1,92055.38
CUST56175663346,181.62,181.62,1,462649.36
CUST56178085509,163.31,163.31,1,493694.56
CUST56180307500,8149.85,8149.85,1,157477.15
CUST56194834256,430.01,430.01,1,28635.05
CUST56212634158,3549.96,3549.96,1,485150.53
CUST56213501635,781.32,781.32,1,185536.14
CUST56220651295,554.32,554.32,1,276684.63
CUST56224710819,1076.97,1076.97,1,206551.96
CUST56231183021,3765.14,3765.14,1,479831.36
CUST56250853916,586.21,586.21,1,245211.95
CUST56254346121,2619.06,2619.06,1,383339.15
CUST56254584898,656.81,656.81,1,387706.8
CUST56256886689,2789.61,2789.61,1,287128.43
CUST56259188917,83.95,83.95,1,73485.48
CUST56260669711,1499.03,1499.03,1,287320.35
CUST56262499662,1583.93,1583.93,1,201199.97
CUST56266778502,691.33,691.33,1,185206.72
CUST56274831250,515.89,515.89,1,218102.58
CUST56283615681,1872.5,1872.5,1,329359.93
CUST56285093753,680.3,680.3,1,397413.67
CUST56298552778,1271.87,1271.87,1,92252.26
CUST56304784789,315.27,315.27,1,307414.99
CUST56326761870,514.55,514.55,1,7678.22
CUST56334754147,75.17,75.17,1,39661.97
CUST56351175514,195.61,195.61,1,127152.67
CUST56353314958,2085.66,2085.66,1,67634.28
CUST56356779472,23056.47,23056.47,1,489403.05
CUST56361688017,1056.45,1056.45,1,69984.07
CUST56364060731,3606.77,3606.77,1,62807.87
CUST56366614285,118.31,118.31,1,423672.21
CUST56378445478,464.09,464.09,1,176348.42
CUST56385405271,753.89,753.89,1,49143.29
CUST56386860026,109.85,109.85,1,301192.33
CUST56392020387,2796.64,2796.64,1,109887.66
CUST56392302212,141.97,141.97,1,124901.53
CUST56393505592,3710.53,3710.53,1,284058.91
CUST56397433166,4891.94,4891.94,1,447405.12
CUST56403617231,135.43,135.43,1,155972.17
CUST56408799411,311.47,311.47,1,439635.93
CUST56411861223,1578.74,1578.74,1,115822.13
CUST56413565876,108.57,108.57,1,492153.86
CUST56430392499,109.01,109.01,1,396369.04
CUST56430399530,193.63,193.63,1,472891.6
CUST56432388057,804.36,804.36,1,458355.34
CUST56434770164,5885.89,5885.89,1,55320.83
CUST56435685273,1237.65,1237.65,1,48507.06
CUST56440876901,210.58,210.58,1,345388.42
CUST56442636937,1257.06,1257.06,1,496183.32
CUST56444493425,5325.11,5325.11,1,265944.79
CUST56448074248,354.89,354.89,1,130727.82
CUST56448579551,202.37,202.37,1,384608.23
CUST56453582505,604.93,604.93,1,62244.24
CUST56457220612,385.04,385.04,1,127344.99
CUST56463052638,951.84,951.84,1,247872.0
CUST56463132040,3280.62,3280.62,1,34287.48
CUST56464601997,15219.63,15219.63,1,71102.3
CUST56471417408,451.19,451.19,1,425124.48
CUST56473521200,526.39,526.39,1,361567.47
CUST56473876043,531.23,531.23,1,481876.85
CUST56476161906,244.7,244.7,1,336930.56
CUST56477701793,3655.47,3655.47,1,140630.69
CUST56487399005,147.36,147.36,1,458127.07
CUST56498109688,1063.66,1063.66,1,312490.85
CUST56505137822,1103.45,1103.45,1,137479.01
CUST56505564938,620.13,620.13,1,364971.65
CUST56509631545,158.12,158.12,1,28575.08
CUST56522845244,1831.13,1831.13,1,402830.7
CUST56533323167,8011.21,8011.21,1,457805.84
CUST56538761750,1845.75,1845.75,1,370738.33
CUST56546181719,363.06,363.06,1,309686.19
CUST56546820974,3844.5,3844.5,1,452208.64
CUST56562435512,75.61,75.61,1,386893.31
CUST56564101417,429.35,429.35,1,167730.72
CUST56570052280,696.94,696.94,1,370035.26
CUST56579305086,357.95,357.95,1,133560.45
CUST56581084750,136.07,136.07,1,397166.86
CUST56581931628,587.99,587.99,1,158241.29
CUST56582029480,4922.6,4922.6,1,128003.1
CUST56604041428,1651.96,1651.96,1,394711.23
CUST56610632159,16759.05,16759.05,1,69180.56
CUST56610676126,153.3,153.3,1,141227.67
CUST56611157970,1070.65,1070.65,1,181741.7
CUST56614698720,664.15,664.15,1,183836.63
CUST56615684472,1063.71,1063.71,1,166851.05
CUST56617095813,563.59,563.59,1,455922.68
CUST56624067841,301.98,301.98,1,256776.78
CUST56629840974,53.12,53.12,1,2655.6
CUST56630885609,278.43,278.43,1,420311.2
CUST56633979575,793.99,793.99,1,392183.61
CUST56636363131,1347.14,1347.14,1,127742.1
CUST56641157950,298.65,298.65,1,437358.13
CUST56643395957,332.42,332.42,1,369157.91
CUST56644972938,2962.28,2962.28,1,443850.66
CUST56669925756,134.48,134.48,1,370888.59
CUST56674667421,3066.32,3066.32,1,404743.7
CUST56685247976,811.19,811.19,1,402785.77
CUST56688841496,1538.83,1538.83,1,251568.64
CUST56690425699,4398.71,4398.71,1,119566.93
CUST56691360711,126.51,126.51,1,262380.38
CUST56695273604,593.12,593.12,1,382312.41
CUST56698904369,635.3,635.3,1,352660.82
CUST56710099945,249.89,249.89,1,129017.33
CUST56710509828,4697.93,4697.93,1,150660.64
CUST56710973584,248.54,248.54,1,340949.99
CUST56711484718,1759.84,1759.84,1,285314.89
CUST56711814359,124.25,124.25,1,255381.07
CUST56714153776,126.29,126.29,1,169401.53
CUST56714902760,8770.81,8770.81,1,228824.21
CUST56717784803,1271.53,1271.53,1,361759.43
CUST56720196696,38.82,38.82,1,157938.38
CUST56721645392,3569.64,3569.64,1,494464.18
CUST56734433459,5320.84,5320.84,1,200678.94
CUST56735085481,521.34,521.34,1,253611.59
CUST56741365878,266.79,266.79,1,321917.5
CUST56758315168,378.13,378.13,1,331513.29
CUST56759608871,665.66,665.66,1,399520.65
CUST56760564214,2577.89,2577.89,1,474364.13
CUST56762382121,638.42,638.42,1,400622.82
CUST56766799675,609.38,609.38,1,370306.32
CUST56785806161,168.81,168.81,1,271064.22
CUST56796143186,10688.42,10688.42,1,415694.43
CUST56809821004,1757.5,1757.5,1,473457.62
CUST56818543462,517.29,517.29,1,341596.36
CUST56826694008,72.01,72.01,1,43832.19
CUST56827465940,322.58,322.58,1,382054.74
CUST56834850929,833.61,833.61,1,177216.49
CUST56836500002,4302.96,4302.96,1,150532.05
CUST56839166976,285.27,285.27,1,94626.99
CUST56839784599,3950.83,3950.83,1,382522.76
CUST56840109250,314.24,314.24,1,30224.4
CUST56852484595,269.09,269.09,1,149628.14
CUST56854853116,1805.64,1805.64,1,180878.4
CUST56856977689,1174.21,1174.21,1,229484.31
CUST56863815552,9258.46,9258.46,1,194167.48
CUST56864826277,239.7,239.7,1,319683.22
CUST56870552805,1204.05,1204.05,1,90135.73
CUST56874389122,829.77,829.77,1,171753.23
CUST56877611363,394.27,394.27,1,389564.45
CUST56878695664,8058.62,8058.62,1,291488.98
CUST56886864077,1876.58,1876.58,1,166231.32
CUST56887405441,43188.14,43188.14,1,465363.29
CUST56890090851,6055.84,6055.84,1,20382.71
CUST56892720929,389.17,389.17,1,95352.41
CUST56898084301,2862.37,2862.37,1,396269.75
CUST56900770101,292.77,292.77,1,378765.57
CUST56904490891,8614.35,8614.35,1,146352.13
CUST56910550208,1073.46,1073.46,1,18526.48
CUST56915000277,177.87,177.87,1,116554.89
CUST56927761033,248.03,248.03,1,224230.09
CUST56929427874,1286.42,1286.42,1,107431.65
CUST56938100868,152.89,152.89,1,20777.46
CUST56940494774,8676.06,8676.06,1,228867.83
CUST56945759594,389.94,389.94,1,316288.89
CUST56949948060,223.25,223.25,1,66976.92
CUST56950683713,356.43,356.43,1,21919.64
CUST56960186756,5717.32,5717.32,1,331141.41
CUST56960690428,380.45,380.45,1,60136.16
CUST56961405456,289.65,289.65,1,135238.1
CUST56968866097,2745.41,2745.41,1,39181.25
CUST56971001674,6328.54,6328.54,1,308907.73
CUST56974580484,877.83,877.83,1,325120.8
CUST56978526442,2101.52,2101.52,1,37487.9
CUST56998479054,5373.83,5373.83,1,405234.65
CUST57004274182,1527.34,1527.34,1,24851.79
CUST57015703577,250.08,250.08,1,160666.81
CUST57016213390,676.59,676.59,1,24405.25
CUST57020751532,195.62,195.62,1,429395.75
CUST57022844243,537.34,537.34,1,242567.21
CUST57027722780,2317.8,2317.8,1,484413.83
CUST57029872230,1230.32,1230.32,1,2961.5
CUST57029920908,1467.52,1467.52,1,139393.12
CUST57038609419,825.74,825.74,1,43923.81
CUST57046809396,254.62,254.62,1,455386.61
CUST57049725996,4247.26,4247.26,1,405095.54
CUST57049999968,399.87,399.87,1,447371.83
CUST57058498079,2285.88,2285.88,1,484299.24
CUST57062824763,515.56,515.56,1,129898.85
CUST57063400350,2281.46,2281.46,1,294931.01
CUST57074781982,202.12,202.12,1,268253.07
CUST57074909556,2621.35,2621.35,1,287689.54
CUST57076445754,436.2,436.2,1,209521.14
CUST57080147210,2663.3,2663.3,1,247060.76
CUST57102804832,294.47,294.47,1,189612.13
CUST57109104002,31.48,31.48,1,372580.89
CUST57113567917,3534.01,3534.01,1,255754.09
CUST57117095037,7486.12,7486.12,1,391470.78
CUST57127429605,1558.05,1558.05,1,75740.81
CUST57131798436,105.27,105.27,1,172244.54
CUST57133361682,600.01,600.01,1,80545.19
CUST57150798000,253.01,253.01,1,444248.97
CUST57155638903,20510.12,20510.12,1,82108.03
CUST57160834869,2753.74,2753.74,1,209145.82
CUST57161923504,140.87,140.87,1,89929.07
CUST57170957440,379.25,379.25,1,92309.07
CUST57183500477,101.22,101.22,1,294305.41
CUST57191379397,70.87,70.87,1,102888.57
CUST57199955832,160.97,160.97,1,138440.85
CUST57204228752,226.75,226.75,1,243282.81
CUST57211424060,298.17,298.17,1,245751.79
CUST57212030472,206.69,206.69,1,272140.19
CUST57214847883,2202.44,2202.44,1,356570.78
CUST57214874644,405.45,405.45,1,271050.0
CUST57220526469,315.59,315.59,1,82124.71
CUST57222849827,1234.16,1234.16,1,195425.38
CUST57224592700,473.95,473.95,1,170261.58
CUST57225733103,141.36,141.36,1,324081.53
CUST57231059779,488.9,488.9,1,27117.49
CUST57232836186,69686.78,69686.78,1,209849.04
CUST57238749638,1100.95,1100.95,1,195039.79
CUST57241312425,91.12,91.12,1,486212.76
CUST57245726773,154.35,154.35,1,128417.72
CUST57251585259,696.3,696.3,1,472228.98
CUST57252655824,282.44,282.44,1,351796.03
CUST57259745052,488.93,488.93,1,423847.35
CUST57264466374,2032.17,2032.17,1,56291.9
CUST57266858133,2340.7,2340.7,1,27645.74
CUST57270204645,333.86,333.86,1,241795.47
CUST57270523602,257.57,257.57,1,118165.63
CUST57274338967,427.36,427.36,1,54708.24
CUST57295860462,3532.45,3532.45,1,18658.76
CUST57299112189,2174.34,2174.34,1,380418.96
CUST57300001105,1727.85,1727.85,1,464900.15
CUST57305006316,245.98,245.98,1,74220.89
CUST57307924308,1316.13,1316.13,1,300338.22
CUST57308800463,1850.45,1850.45,1,78877.78
CUST57311792675,97.76,97.76,1,227114.11
CUST57319600857,3215.55,3215.55,1,109026.87
CUST57325733307,673.34,673.34,1,275101.24
CUST57330102568,531.88,531.88,1,36323.88
CUST57331149789,71.96,71.96,1,108226.14
CUST57333883863,756.73,756.73,1,347359.66
CUST57334643398,985.43,985.43,1,231734.93
CUST57334654670,723.87,723.87,1,168192.32
CUST57346850821,649.93,649.93,1,413333.36
CUST57347871618,1840.62,1840.62,1,16653.91
CUST57359982323,235.56,235.56,1,432775.7
CUST57360892313,640.24,640.24,1,415981.58
CUST57361636970,393.21,393.21,1,279440.78
CUST57364727891,770.2,770.2,1,63233.69
CUST57372163076,2025.06,2025.06,1,461947.54
CUST57376339918,1224.2,1224.2,1,373720.21
CUST57379119359,2412.53,2412.53,1,44526.66
CUST57382050995,1253.86,1253.86,1,170270.98
CUST57384215140,443.15,443.15,1,110561.23
CUST57385234107,1001.63,1001.63,1,337414.74
CUST57385781067,863.59,863.59,1,216217.87
CUST57391457013,6625.95,6625.95,1,306087.01
CUST57395308121,2020.02,2020.02,1,39665.02
CUST57396058202,576.54,576.54,1,241249.45
CUST57414541956,75.48,75.48,1,115684.16
CUST57421030846,1882.06,1882.06,1,405031.5
CUST57424537556,88.75,88.75,1,150265.96
CUST57431436573,2367.17,2367.17,1,497222.81
CUST57434572235,4324.32,4324.32,1,95544.11
CUST57451413533,348.55,348.55,1,307974.65
CUST57456352569,12004.74,12004.74,1,146102.79
CUST57464164120,84.37,84.37,1,354545.77
CUST57470421106,998.33,998.33,1,6035.09
CUST57475782135,3262.67,3262.67,1,466303.32
CUST57476433587,19834.94,19834.94,1,151816.59
CUST57478657342,1076.12,1076.12,1,139940.92
CUST57484997340,2434.04,2434.04,1,305598.56
CUST57494682653,1897.37,1897.37,1,198669.96
CUST57495523544,470.82,470.82,1,214106.72
CUST57496278017,6435.67,6435.67,1,220337.12
CUST57502119604,6004.3,6004.3,1,175193.03
CUST57511942444,39.46,39.46,1,391975.57
CUST57522784716,830.41,830.41,1,164863.54
CUST57523599104,200.05,200.05,1,119922.85
CUST57524768016,251.09,251.09,1,25882.41
CUST57526990987,1056.9,1056.9,1,421374.0
CUST57531162945,1460.44,1460.44,1,126107.65
CUST57536977866,987.78,987.78,1,463342.42
CUST57538541342,1349.24,1349.24,1,57044.48
CUST57541587558,143.48,143.48,1,184622.03
CUST57544091119,1546.99,1546.99,1,311862.44
CUST57546606163,2416.67,2416.67,1,391501.32
CUST57549888696,351.64,351.64,1,398090.9
CUST57551288934,1672.5,1672.5,1,295261.13
CUST57553414704,288.86,288.86,1,126565.44
CUST57564861595,4568.51,4568.51,1,50878.59
CUST57567506547,185.82,185.82,1,204100.24
CUST57573315417,1889.57,1889.57,1,14690.81
CUST57573961940,1927.97,1927.97,1,323957.72
CUST57576650605,626.8,626.8,1,4068.66
CUST57580419524,1151.14,1151.14,1,363762.13
CUST57581723535,1978.74,1978.74,1,390058.95
CUST57591275368,546.59,546.59,1,315190.36
CUST57595037354,10248.15,10248.15,1,203340.17
CUST57597175064,2478.1,2478.1,1,100211.61
CUST57597817904,884.4,884.4,1,53387.37
CUST57606162467,393.83,393.83,1,318519.9
CUST57606822019,11074.35,11074.35,1,70745.58
CUST57608675000,312.39,312.39,1,388460.41
CUST57614780355,202.96,202.96,1,12257.29
CUST57620724564,1219.35,1219.35,1,276055.94
CUST57621088485,1126.74,1126.74,1,94517.5
CUST57622413982,342.23,342.23,1,412848.39
CUST57623263171,198.72,198.72,1,395563.99
CUST57627104123,483.76,483.76,1,385068.63
CUST57627302765,100.68,100.68,1,402973.82
CUST57628274785,2519.64,2519.64,1,24095.78
CUST57628904014,265.76,265.76,1,370784.7
CUST57631287266,379.95,379.95,1,22723.29
CUST57637149570,1468.69,1468.69,1,103154.33
CUST57643568480,2693.1,2693.1,1,471709.37
CUST57646348912,176.85,176.85,1,294963.18
CUST57659931326,1037.79,1037.79,1,434126.16
CUST57661284495,51.9,51.9,1,26951.1
CUST57665971129,1560.75,1560.75,1,466931.94
CUST57666210908,1626.94,1626.94,1,186216.08
CUST57666947457,32993.39,32993.39,1,143943.02
CUST57669525835,559.64,559.64,1,337624.98
CUST57671716651,307.1,307.1,1,315051.53
CUST57673049336,593.18,593.18,1,475242.31
CUST57683408006,1096.12,1096.12,1,478849.57
CUST57684830689,1450.82,1450.82,1,228135.02
CUST57699188733,903.3,903.3,1,83767.06
CUST57701232415,114.88,114.88,1,21221.63
CUST57706394918,314.12,314.12,1,451649.72
CUST57707428586,501.29,501.29,1,309248.35
CUST57709834399,562.79,562.79,1,313978.75
CUST57725684884,356.17,356.17,1,49565.74
CUST57726078637,1808.32,1808.32,1,427781.83
CUST57732902790,159.39,159.39,1,17632.45
CUST57737288050,718.78,718.78,1,236864.16
CUST57738836056,17.46,17.46,1,214510.89
CUST57739158135,888.18,888.18,1,393159.97
CUST57743434161,838.81,838.81,1,83678.24
CUST57746606990,140.4,140.4,1,76887.29
CUST57750721647,689.95,689.95,1,374536.06
CUST57760184682,296.36,296.36,1,99008.19
CUST57762175634,288.34,288.34,1,281297.06
CUST57765728593,1127.2,1127.2,1,172179.41
CUST57766351860,6107.27,6107.27,1,328237.09
CUST57770000963,80.79,80.79,1,40669.68
CUST57779999795,793.09,793.09,1,302667.74
CUST57781196227,2200.34,2200.34,1,489164.08
CUST57786427424,5247.12,5247.12,1,9524.58
CUST57786626745,498.43,498.43,1,198463.54
CUST57789456024,3466.33,3466.33,1,129633.61
CUST57791579538,369.29,369.29,1,437195.09
CUST57794969528,255.5,255.5,1,344313.24
CUST57795073867,115.7,115.7,1,295192.34
CUST57795931893,335.74,335.74,1,295068.04
CUST57801072932,281.97,281.97,1,221117.07
CUST57806587768,696.29,696.29,1,449505.04
CUST57807563134,349.13,349.13,1,252380.55
CUST57835430768,427.93,427.93,1,25988.7
CUST57836166024,338.66,338.66,1,435799.08
CUST57845809398,651.07,651.07,1,258588.38
CUST57847646626,2293.91,2293.91,1,225411.83
CUST57847887890,534.66,534.66,1,111429.92
CUST57848725447,1250.68,1250.68,1,274511.67
CUST57853133972,560.65,560.65,1,90537.36
CUST57859178623,268.05,268.05,1,395581.46
CUST57859540194,525.65,525.65,1,235892.96
CUST57861846832,364.05,364.05,1,138883.85
CUST57862827414,324.83,324.83,1,204968.86
CUST57883887086,569.18,569.18,1,59527.98
CUST57885363016,10492.72,10492.72,1,404260.63
CUST57888616442,1139.31,1139.31,1,66170.62
CUST57890064354,632.71,632.71,1,450339.9
CUST57903497471,1246.02,1246.02,1,356274.78
CUST57907890433,2537.78,2537.78,1,242970.25
CUST57921031372,216.09,216.09,1,226013.07
CUST57921795843,70.59,70.59,1,153352.49
CUST57936768884,169.93,169.93,1,156646.69
CUST57938899352,676.91,676.91,1,285012.49
CUST57939592468,37.7,37.7,1,381853.25
CUST57948832789,446.28,446.28,1,221282.82
CUST57948836173,574.82,574.82,1,71495.29
CUST57965095995,773.25,773.25,1,307711.53
CUST57970289882,169.92,169.92,1,412619.15
CUST57974076172,198.03,198.03,1,484959.3
CUST57985085302,1197.81,1197.81,1,498052.2
CUST57986369243,483.36,483.36,1,386165.8
CUST58000331569,541.7,541.7,1,291536.15
CUST58006367251,114.93,114.93,1,208518.78
CUST58012535556,2612.82,2612.82,1,150864.51
CUST58013801798,23233.59,23233.59,1,67731.21
CUST58014220778,814.26,814.26,1,166080.11
CUST58020691943,14077.91,14077.91,1,426038.4
CUST58021187109,4899.88,4899.88,1,351361.95
CUST58024468162,10237.6,10237.6,1,395354.2
CUST58034586143,234.41,234.41,1,353237.78
CUST58035933375,799.14,799.14,1,410339.2
CUST58041791100,4678.67,4678.67,1,361584.38
CUST58046514673,2806.01,2806.01,1,375472.29
CUST58056322764,1745.98,1745.98,1,59672.0
CUST58075994499,251.99,251.99,1,353944.22
CUST58079068140,6404.6,6404.6,1,39063.3
CUST58080255774,292.85,292.85,1,375961.29
CUST58110820007,912.91,912.91,1,131330.57
CUST58112405575,1264.63,1264.63,1,347055.36
CUST58116892561,6567.42,6567.42,1,430031.43
CUST58120206723,1068.49,1068.49,1,67590.87
CUST58123764234,1768.84,1768.84,1,229524.69
CUST58128413830,458.38,458.38,1,424341.15
CUST58128741240,90081.65,90081.65,1,31020.59
CUST58131493819,1048.05,1048.05,1,432180.06
CUST58131506875,1418.65,1418.65,1,393482.37
CUST58136687889,2327.82,2327.82,1,39299.07
CUST58138199732,202.23,202.23,1,470086.94
CUST58139190147,83.63,83.63,1,271748.7
CUST58143311072,758.37,758.37,1,247214.24
CUST58159319911,334.65,334.65,1,420712.27
CUST58164238540,3119.4,3119.4,1,325667.44
CUST58171977742,1616.14,1616.14,1,363419.6
CUST58176420973,113.29,113.29,1,305576.26
CUST58196264436,98.34,98.34,1,294706.3
CUST58222310941,548.87,548.87,1,231666.4
CUST58229296703,1085.21,1085.21,1,116415.17
CUST58230939298,90.45,90.45,1,134558.15
CUST58231173686,3520.59,3520.59,1,25752.41
CUST58231924188,71.36,71.36,1,465074.44
CUST58237685762,465.36,465.36,1,36435.21
CUST58241298425,3385.69,3385.69,1,213438.67
CUST58249124126,3351.54,3351.54,1,132185.32
CUST58256240937,1000.47,1000.47,1,484509.63
CUST58261589325,1873.89,1873.89,1,469434.0
CUST58263114612,604.22,604.22,1,402748.93
CUST58264265243,570.02,570.02,1,175418.76
CUST58282052718,136.44,136.44,1,102326.2
CUST58283778005,866.57,866.57,1,34442.15
CUST58288788544,1143.76,1143.76,1,456073.47
CUST58290699032,2078.84,2078.84,1,259470.44
CUST58293123771,394.19,394.19,1,215264.71
CUST58294268946,400.19,400.19,1,48019.15
CUST58295860672,1322.55,1322.55,1,97178.97
CUST58298923058,683.32,683.32,1,109265.24
CUST58299856292,1158.64,1158.64,1,85333.01
CUST58300608717,846.91,846.91,1,489040.28
CUST58302382042,373.96,373.96,1,114484.38
CUST58312359968,1192.21,1192.21,1,482963.72
CUST58314239716,1219.59,1219.59,1,244670.83
CUST58315236138,1998.94,1998.94,1,263795.27
CUST58316525731,1861.48,1861.48,1,175827.89
CUST58317092645,747.45,747.45,1,300251.92
CUST58322950294,764.07,764.07,1,223956.91
CUST58325142419,9115.5,9115.5,1,36720.72
CUST58329923072,37.97,37.97,1,180275.22
CUST58330863420,4301.4,4301.4,1,339225.97
CUST58332900501,118.04,118.04,1,48029.66
CUST58334574753,1915.8,1915.8,1,151949.4
CUST58342657316,469.85,469.85,1,339289.3
CUST58355472865,1150.84,1150.84,1,463134.06
CUST58359538315,468.03,468.03,1,47643.06
CUST58362021340,12791.11,12791.11,1,35439.44
CUST58367648655,743.32,743.32,1,462355.81
CUST58369099869,3699.4,3699.4,1,342505.98
CUST58371191298,415.71,415.71,1,155817.17
CUST58371214094,10234.75,10234.75,1,472492.59
CUST58373724165,1288.3,1288.3,1,229766.86
CUST58375574326,3532.39,3532.39,1,153622.78
CUST58376472378,470.67,470.67,1,471624.0
CUST58380987417,286.5,286.5,1,237516.35
CUST58385046412,3990.22,3990.22,1,22261.14
CUST58385937439,15369.3,15369.3,1,294830.46
CUST58389260633,3506.31,3506.31,1,48908.83
CUST58390087181,2049.91,2049.91,1,273522.55
CUST58391723729,1169.17,1169.17,1,14059.19
CUST58403071839,2168.46,2168.46,1,447176.16
CUST58403806967,179.53,179.53,1,456418.14
CUST58410396735,431.65,431.65,1,168638.57
CUST58410704684,1217.22,1217.22,1,37935.43
CUST58419226928,1122.11,1122.11,1,288036.36
CUST58420769396,1420.81,1420.81,1,65213.11
CUST58427478449,818.45,818.45,1,438991.88
CUST58435461570,21821.78,21821.78,1,71440.02
CUST58436814410,582.97,582.97,1,390282.48
CUST58439740656,38.34,38.34,1,99298.62
CUST58451464248,231.6,231.6,1,329664.0
CUST58453716913,61.14,61.14,1,3767.31
CUST58455796218,899.18,899.18,1,434837.34
CUST58457273395,6242.7,6242.7,1,77465.71
CUST58468963698,54.86,54.86,1,200269.25
CUST58472212675,2534.49,2534.49,1,318401.96
CUST58472460700,3282.06,3282.06,1,152836.88
CUST58478847106,107.37,107.37,1,453629.95
CUST58480359064,375.83,375.83,1,200541.59
CUST58480359586,1205.86,1205.86,1,23556.99
CUST58485779081,14555.57,14555.57,1,392804.1
CUST58486150462,1587.48,1587.48,1,313772.01
CUST58491540494,150.94,150.94,1,202445.6
CUST58497243505,7344.05,7344.05,1,248075.48
CUST58502050464,344.04,344.04,1,412968.3
CUST58506673083,143.78,143.78,1,295323.6
CUST58508372387,872.85,872.85,1,163749.09
CUST58516542948,579.27,579.27,1,392995.12
CUST58538080925,177.14,177.14,1,314340.79
CUST58541650754,621.89,621.89,1,63010.99
CUST58546295477,174.83,174.83,1,386126.92
CUST58547607094,1077.07,1077.07,1,380162.42
CUST58548670155,1766.26,1766.26,1,426620.81
CUST58552034167,287.39,287.39,1,435255.63
CUST58557462852,318.31,318.31,1,52645.79
CUST58583149325,1515.52,1515.52,1,61562.52
CUST58584450952,203.48,203.48,1,369429.12
CUST58586505131,1663.25,1663.25,1,386201.5
CUST58587219017,1452.61,1452.61,1,352612.57
CUST58596433340,454.39,454.39,1,111687.84
CUST58599453912,3372.73,3372.73,1,278011.71
CUST58599804638,495.64,495.64,1,43089.7
CUST58602660883,712.43,712.43,1,485452.02
CUST58603084762,2809.39,2809.39,1,331259.32
CUST58604680400,409.91,409.91,1,178773.41
CUST58605131484,3793.6,3793.6,1,478749.35
CUST58609283215,4531.99,4531.99,1,374749.24
CUST58610737804,553.56,553.56,1,245423.57
CUST58614675267,48.89,48.89,1,415065.65
CUST58617448604,4159.82,4159.82,1,15724.76
CUST58620398469,1885.84,1885.84,1,365111.54
CUST58626143366,624.05,624.05,1,359896.7
CUST58626895998,192.45,192.45,1,407690.2
CUST58628127493,1093.0,1093.0,1,328312.32
CUST58629927373,381.11,381.11,1,98946.92
CUST58642733746,402.79,402.79,1,225754.52
CUST58650039697,989.28,989.28,1,163600.1
CUST58650153270,1841.67,1841.67,1,264710.31
CUST58656658829,539.18,539.18,1,442719.05
CUST58660765267,2394.92,2394.92,1,245040.33
CUST58666671760,419.1,419.1,1,363356.71
CUST58667926917,403.77,403.77,1,187341.76
CUST58668331325,611.81,611.81,1,367086.62
CUST58674489797,671.98,671.98,1,425933.56
CUST58677320443,133.22,133.22,1,465050.66
CUST58678859006,272.43,272.43,1,5574.91
CUST58681378256,306.38,306.38,1,37842.44
CUST58683501965,1113.65,1113.65,1,71495.12
CUST58686959345,1304.34,1304.34,1,125025.75
CUST58688871518,9137.16,9137.16,1,455315.21
CUST58691524345,2378.49,2378.49,1,446294.87
CUST58698186176,357.62,357.62,1,334568.29
CUST58700277123,390.33,390.33,1,371559.25
CUST58705199750,314.93,314.93,1,45949.77
CUST58714919749,650.11,650.11,1,367795.07
CUST58716428805,130.83,130.83,1,100113.1
CUST58717986707,127.38,127.38,1,12368.36
CUST58720703629,708.57,708.57,1,39378.89
CUST58721908618,557.48,557.48,1,452509.33
CUST58727194903,8583.64,8583.64,1,191158.13
CUST58729368215,549.57,549.57,1,138619.45
CUST58745046927,189.98,189.98,1,219823.82
CUST58751678269,954.05,954.05,1,41718.29
CUST58757676069,184.77,184.77,1,410276.58
CUST58760183377,111.66,111.66,1,190620.66
CUST58765846321,204.9,204.9,1,395192.38
CUST58780847721,642.2,642.2,1,363437.04
CUST58790316305,7776.8,7776.8,1,465092.47
CUST58792943545,2592.26,2592.26,1,82601.88
CUST58807057886,946.67,946.67,1,280541.9
CUST58817446160,2176.49,2176.49,1,199882.8
CUST58819088499,247.41,247.41,1,70364.7
CUST58821710395,773.71,773.71,1,261491.01
CUST58827190611,1117.86,1117.86,1,245615.24
CUST58828191836,222.13,222.13,1,434015.92
CUST58829102008,2088.54,2088.54,1,225319.74
CUST58831276033,1198.01,1198.01,1,449778.78
CUST58832647672,486.44,486.44,1,53730.86
CUST58839578037,2413.07,2413.07,1,23822.87
CUST58843320597,3209.54,3209.54,1,372686.42
CUST58844618652,396.01,396.01,1,94822.53
CUST58847934342,1639.59,1639.59,1,492475.19
CUST58848373807,647.29,647.29,1,78730.59
CUST58852512258,663.52,663.52,1,204165.57
CUST58856435956,3689.61,3689.61,1,356603.5
CUST58857082119,123.19,123.19,1,1131.15
CUST58857745353,1784.02,1784.02,1,93250.73
CUST58858908252,215.54,215.54,1,376457.77
CUST58861230520,1781.85,1781.85,1,85749.05
CUST58866958853,438.36,438.36,1,197158.91
CUST58867115588,184.61,184.61,1,430220.97
CUST58868461104,634.54,634.54,1,414094.36
CUST58871205241,1518.03,1518.03,1,449888.6
CUST58882930117,2573.79,2573.79,1,18149.61
CUST58890280579,18551.12,18551.12,1,132485.36
CUST58891445824,623.42,623.42,1,28684.06
CUST58892832519,478.46,478.46,1,424720.6
CUST58897252444,319.73,319.73,1,352360.37
CUST58899574736,4159.7,4159.7,1,137460.64
CUST58905095189,1387.72,1387.72,1,283694.36
CUST58907673500,3839.3,3839.3,1,349846.21
CUST58910982255,89.9,89.9,1,495497.68
CUST58914116361,1057.24,1057.24,1,195755.54
CUST58915751420,409.78,409.78,1,227577.99
CUST58916952242,974.08,974.08,1,217978.18
CUST58917142956,2091.49,2091.49,1,128871.58
CUST58926472983,3877.48,3877.48,1,201229.68
CUST58936205453,1714.24,1714.24,1,86043.43
CUST58943599572,2982.57,2982.57,1,270271.98
CUST58947854987,29.28,29.28,1,288228.74
CUST58949041727,576.08,576.08,1,79189.01
CUST58952832954,33.17,33.17,1,247909.84
CUST58960696963,5454.58,5454.58,1,420223.43
CUST58960913071,269.13,269.13,1,397597.5
CUST58963788659,613.71,613.71,1,106571.59
CUST58977332365,369.03,369.03,1,205577.93
CUST58987253596,1435.65,1435.65,1,282116.2
CUST58999302488,1852.51,1852.51,1,82798.37
CUST59008068932,251.32,251.32,1,428943.31
CUST59013864426,398.61,398.61,1,495582.21
CUST59019660202,145.39,145.39,1,31641.18
CUST59045512254,694.94,694.94,1,162267.73
CUST59046468951,1404.26,1404.26,1,75985.54
CUST59047776730,6271.77,6271.77,1,427943.61
CUST59048538814,762.89,762.89,1,490157.94
CUST59049978268,2197.12,2197.12,1,307950.2
CUST59053430777,612.99,612.99,1,306925.64
CUST59053445973,1413.82,1413.82,1,468126.51
CUST59054307688,24281.16,24281.16,1,66907.22
CUST59056149321,2712.78,2712.78,1,63283.69
CUST59057172507,267.64,267.64,1,473506.29
CUST59058657020,427.1,427.1,1,194241.85
CUST59059574037,238.68,238.68,1,133481.03
CUST59061114924,1018.34,1018.34,1,259305.66
CUST59065360521,744.28,744.28,1,173500.22
CUST59066001040,369.58,369.58,1,208721.59
CUST59070859276,5078.43,5078.43,1,180198.62
CUST59073636390,12467.11,12467.11,1,167004.74
CUST59084946892,74.42,74.42,1,410854.04
CUST59085016342,423.55,423.55,1,435721.7
CUST59086996388,1087.49,1087.49,1,284395.46
CUST59089677099,705.77,705.77,1,33174.19
CUST59090643843,563.8,563.8,1,376758.83
CUST59095202537,555.23,555.23,1,299617.83
CUST59110626074,465.67,465.67,1,140419.79
CUST59113616202,2392.51,2392.51,1,246454.26
CUST59117057027,298.01,298.01,1,372533.26
CUST59133877943,528.18,528.18,1,311564.07
CUST59142799380,2868.63,2868.63,1,390455.97
CUST59143291808,1207.33,1207.33,1,344891.77
CUST59146490661,8108.82,8108.82,1,382560.04
CUST59149482945,4258.73,4258.73,1,131283.02
CUST59149876585,201.79,201.79,1,39725.45
CUST59151212242,285.7,285.7,1,83870.04
CUST59153233029,2259.95,2259.95,1,261330.63
CUST59153537739,317.01,317.01,1,189599.99
CUST59160078393,226.39,226.39,1,420371.19
CUST59165473575,964.96,964.96,1,49709.66
CUST59165774110,63.18,63.18,1,428641.1
CUST59166021385,402.75,402.75,1,360608.0
CUST59173727317,87.9,87.9,1,79337.24
CUST59186007016,1364.21,1364.21,1,103730.74
CUST59189226201,3994.57,3994.57,1,479882.62
CUST59190301773,524.97,524.97,1,12408.54
CUST59190757378,682.86,682.86,1,378242.65
CUST59192218666,475.22,475.22,1,295726.66
CUST59201310890,1752.73,1752.73,1,96430.04
CUST59202769766,7121.26,7121.26,1,346177.28
CUST59204026377,863.47,863.47,1,27948.31
CUST59204163989,1245.92,1245.92,1,141556.42
CUST59211136697,3914.49,3914.49,1,136236.61
CUST59216553404,11624.17,11624.17,1,122841.7
CUST59219625448,274.16,274.16,1,188781.66
CUST59220249432,564.35,564.35,1,141088.61
CUST59226842549,814.03,814.03,1,154143.61
CUST59229074185,189.65,189.65,1,94245.32
CUST59230562203,274.72,274.72,1,298893.38
CUST59233405859,179.88,179.88,1,155697.06
CUST59234622310,467.38,467.38,1,307347.75
CUST59236116708,1507.26,1507.26,1,344143.43
CUST59236854006,178.01,178.01,1,96656.17
CUST59239602774,255.38,255.38,1,377562.33
CUST59241766406,391.43,391.43,1,224530.11
CUST59243422240,699.99,699.99,1,438826.57
CUST59247795498,429.36,429.36,1,17815.92
CUST59262526845,35861.21,35861.21,1,111696.2
CUST59266611394,272.67,272.67,1,334867.41
CUST59269156669,4412.71,4412.71,1,232124.59
CUST59279353704,888.74,888.74,1,57713.22
CUST59285576777,195.49,195.49,1,149641.1
CUST59290979310,8587.63,8587.63,1,479170.9
CUST59296332907,1077.75,1077.75,1,111795.36
CUST59300364983,580.76,580.76,1,199875.56
CUST59302096536,801.64,801.64,1,29574.7
CUST59303201155,3444.28,3444.28,1,382564.98
CUST59311720719,256.21,256.21,1,372370.5
CUST59313214724,209.27,209.27,1,49874.65
CUST59314385280,765.53,765.53,1,67305.9
CUST59314857621,9249.16,9249.16,1,368777.45
CUST59317050031,2427.36,2427.36,1,76863.68
CUST59319511212,6689.44,6689.44,1,379637.97
CUST59322109040,4510.15,4510.15,1,212152.39
CUST59325444545,167.12,167.12,1,325475.85
CUST59343995824,2113.58,2113.58,1,98014.83
CUST59347655396,854.58,854.58,1,119757.69
CUST59352079377,1823.68,1823.68,1,188029.29
CUST59358327471,523.15,523.15,1,302065.25
CUST59363843179,275.79,275.79,1,114035.26
CUST59371996944,479.84,479.84,1,371686.94
CUST59373462854,56.79,56.79,1,496531.19
CUST59375488111,794.37,794.37,1,298896.42
CUST59379093530,499.53,499.53,1,75556.08
CUST59383986572,291.29,291.29,1,168639.07
CUST59389013977,1594.01,1594.01,1,485684.67
CUST59400319497,139.8,139.8,1,177200.6
CUST59401662917,1397.36,1397.36,1,362916.85
CUST59422976137,536.52,536.52,1,285221.24
CUST59428163234,203.67,203.67,1,286228.83
CUST59434221770,348.74,348.74,1,163555.28
CUST59438910998,1642.67,1642.67,1,247269.83
CUST59439425497,321.11,321.11,1,72370.54
CUST59444551680,543.2,543.2,1,121536.98
CUST59450825181,90.8,90.8,1,329258.56
CUST59459414511,3884.17,3884.17,1,449927.96
CUST59460949942,236.05,236.05,1,417845.19
CUST59470925589,1327.26,1327.26,1,26546.32
CUST59471652863,1286.68,1286.68,1,476569.66
CUST59476512968,533.08,533.08,1,82143.82
CUST59486092052,641.89,641.89,1,430160.92
CUST59490894272,240.69,240.69,1,461585.32
CUST59492988858,1062.16,1062.16,1,73680.63
CUST59495102603,339.15,339.15,1,467601.52
CUST59495766004,2152.95,2152.95,1,442523.79
CUST59496915273,46.12,46.12,1,371192.11
CUST59501482269,152.91,152.91,1,270113.43
CUST59501732899,1524.5,1524.5,1,380461.98
CUST59522524710,929.77,929.77,1,438006.46
CUST59524146879,785.03,785.03,1,436626.73
CUST59525106094,351.76,351.76,1,37772.47
CUST59527493803,1023.14,1023.14,1,323381.05
CUST59528828368,806.03,806.03,1,273334.94
CUST59535861755,937.62,937.62,1,90068.8
CUST59537890889,939.69,939.69,1,429199.5
CUST59540933018,448.05,448.05,1,350277.67
CUST59543466889,9479.67,9479.67,1,240288.51
CUST59551021635,1048.3,1048.3,1,251197.75
CUST59563862851,1062.6,1062.6,1,161162.85
CUST59573594821,19.72,19.72,1,74575.96
CUST59575052038,951.17,951.17,1,205526.65
CUST59578706960,464.89,464.89,1,181537.53
CUST59586640724,1335.97,1335.97,1,33334.95
CUST59591098708,691.29,691.29,1,124817.79
CUST59596348510,351.2,351.2,1,443250.13
CUST59597508066,1033.54,1033.54,1,469640.44
CUST59602919306,75.28,75.28,1,483735.81
CUST59615370608,490.27,490.27,1,124796.57
CUST59617357848,125.32,125.32,1,71470.38
CUST59618537461,152.91,152.91,1,125019.65
CUST59620960991,233.28,233.28,1,89966.73
CUST59621982554,312.31,312.31,1,418655.2
CUST59623491348,7464.46,7464.46,1,465833.8
CUST59629751439,1166.21,1166.21,1,146527.03
CUST59633306661,414.97,414.97,1,238636.33
CUST59642829068,246.09,246.09,1,420692.54
CUST59647724485,361.55,361.55,1,28290.85
CUST59655410501,419.29,419.29,1,450917.65
CUST59662926476,751.15,751.15,1,263892.46
CUST59664535894,1857.81,1857.81,1,15120.95
CUST59665342291,6011.2,6011.2,1,491964.91
CUST59667252587,813.96,813.96,1,47529.74
CUST59672495194,313.57,313.57,1,326848.92
CUST59674700151,1427.27,1427.27,1,448843.01
CUST59677667196,1987.28,1987.28,1,171141.88
CUST59679775210,999.15,999.15,1,27345.3
CUST59688211322,238.84,238.84,1,369403.75
CUST59690632950,410.19,410.19,1,356106.92
CUST59704184684,1018.64,1018.64,1,332293.96
CUST59706987123,1176.2,1176.2,1,59955.82
CUST59707453365,469.65,469.65,1,435657.05
CUST59708034564,1688.85,1688.85,1,279669.92
CUST59713069306,94281.51,94281.51,1,331690.72
CUST59717089789,455.04,455.04,1,194461.19
CUST59718140191,386.91,386.91,1,18396.48
CUST59718229798,1540.27,1540.27,1,38480.04
CUST59728887627,3114.92,3114.92,1,26898.59
CUST59730126069,3688.16,3688.16,1,418522.72
CUST59738684583,1103.09,1103.09,1,334266.44
CUST59739371123,28.94,28.94,1,99884.75
CUST59750528954,1138.51,1138.51,1,76455.1
CUST59754082818,805.78,805.78,1,414068.05
CUST59755012666,264.56,264.56,1,195751.46
CUST59758982779,882.99,882.99,1,298779.92
CUST59760676798,6576.34,6576.34,1,227227.94
CUST59760776433,338.27,338.27,1,389365.1
CUST59767942606,1231.33,1231.33,1,102162.44
CUST59773981730,10879.5,10879.5,1,432078.93
CUST59775949453,914.79,914.79,1,391239.12
CUST59779857353,23227.63,23227.63,1,353563.13
CUST59790011259,446.81,446.81,1,499132.11
CUST59791889772,218.61,218.61,1,417852.59
CUST59791934894,22235.28,22235.28,1,427647.17
CUST59796680638,505.73,505.73,1,320826.39
CUST59805056624,335.62,335.62,1,228987.01
CUST59829218787,810.03,810.03,1,212725.94
CUST59830098510,195.81,195.81,1,441674.65
CUST59833953979,4082.0,4082.0,1,23245.86
CUST59834226353,142.78,142.78,1,408087.05
CUST59847289167,150.81,150.81,1,57280.41
CUST59859767606,743.87,743.87,1,475699.97
CUST59863448767,9321.56,9321.56,1,213370.09
CUST59863730702,2426.86,2426.86,1,70625.56
CUST59864660582,1084.77,1084.77,1,498286.1
CUST59866951912,132.79,132.79,1,470306.67
CUST59868491185,991.34,991.34,1,347821.04
CUST59888459126,233.62,233.62,1,285300.66
CUST59894949213,436.6,436.6,1,129399.54
CUST59901948886,1640.62,1640.62,1,141349.53
CUST59905157574,1574.41,1574.41,1,139893.12
CUST59906203530,1101.16,1101.16,1,434378.45
CUST59907889490,1242.96,1242.96,1,431643.48
CUST59912329547,12463.4,12463.4,1,243895.95
CUST59923426794,344.4,344.4,1,368780.56
CUST59927250488,845.25,845.25,1,177670.39
CUST59943642347,1090.73,1090.73,1,197112.09
CUST59944516710,3939.48,3939.48,1,44839.98
CUST59945347118,485.24,485.24,1,201275.08
CUST59946942980,922.05,922.05,1,377160.15
CUST59948597265,87.01,87.01,1,7337.41
CUST59950681818,4560.46,4560.46,1,352924.3
CUST59956850197,1373.65,1373.65,1,355460.38
CUST59957075145,798.86,798.86,1,384860.25
CUST59960119880,964.39,964.39,1,213223.22
CUST59961690295,1586.66,1586.66,1,105018.85
CUST59962875228,648.98,648.98,1,78318.43
CUST59969596210,4523.61,4523.61,1,369336.91
CUST59975209811,4360.85,4360.85,1,389819.29
CUST59991132539,81.83,81.83,1,134850.33
CUST60003891794,253.39,253.39,1,26581.99
CUST60006686200,2018.07,2018.07,1,342599.76
CUST60010283933,10679.23,10679.23,1,314926.71
CUST60010596308,1198.86,1198.86,1,73913.04
CUST60012974888,113.08,113.08,1,353781.95
CUST60033200369,2355.89,2355.89,1,357404.77
CUST60034463937,860.07,860.07,1,210691.12
CUST60035786368,75.26,75.26,1,418421.85
CUST60042790842,1341.86,1341.86,1,226674.97
CUST60045209060,167.31,167.31,1,266272.73
CUST60045321693,900.57,900.57,1,394097.39
CUST60046062423,62.09,62.09,1,114403.44
CUST60046114943,1246.99,1246.99,1,255502.07
CUST60055781751,1596.6,1596.6,1,37017.57
CUST60055911262,10065.85,10065.85,1,53105.62
CUST60059757995,325.99,325.99,1,392235.3
CUST60073416591,666.95,666.95,1,161419.2
CUST60074992065,380.61,380.61,1,359189.76
CUST60079749776,179.75,179.75,1,426009.64
CUST60083022498,624.0,624.0,1,47145.91
CUST60090550588,99.73,99.73,1,240334.3
CUST60106339735,1835.59,1835.59,1,73046.38
CUST60108380090,937.04,937.04,1,28065.69
CUST60116136468,2974.03,2974.03,1,459548.89
CUST60117259118,2935.1,2935.1,1,326241.19
CUST60121143045,154.05,154.05,1,323156.93
CUST60122870232,1097.83,1097.83,1,197093.26
CUST60126209752,695.11,695.11,1,244319.75
CUST60130293382,1688.34,1688.34,1,391144.86
CUST60137052406,3553.92,3553.92,1,186310.63
CUST60138187539,806.91,806.91,1,441929.01
CUST60138760769,297.78,297.78,1,476297.14
CUST60138772614,366.9,366.9,1,136893.01
CUST60149641509,229.08,229.08,1,454149.1
CUST60153328454,1629.96,1629.96,1,430137.23
CUST60153502225,567.55,567.55,1,138023.35
CUST60155054283,471.11,471.11,1,340530.75
CUST60158310912,574.43,574.43,1,279866.3
CUST60161208079,54.57,54.57,1,263926.53
CUST60165092837,1232.23,1232.23,1,298337.15
CUST60165498155,6648.67,6648.67,1,424062.34
CUST60171900117,98.75,98.75,1,445138.28
CUST60174617281,212.29,212.29,1,139228.33
CUST60183511284,673.0,673.0,1,43912.19
CUST60184318166,910.9,910.9,1,363230.6
CUST60187682066,624.76,624.76,1,272213.31
CUST60190252307,296.2,296.2,1,433314.76
CUST60193442101,426.72,426.72,1,480053.61
CUST60193613326,211.82,211.82,1,357266.06
CUST60203279775,310.62,310.62,1,229034.3
CUST60205708588,847.07,847.07,1,324066.81
CUST60216777522,10494.37,10494.37,1,78031.72
CUST60223516714,465.03,465.03,1,111359.45
CUST60230659988,154.52,154.52,1,290673.53
CUST60233603099,946.04,946.04,1,255363.47
CUST60237094319,1558.08,1558.08,1,394598.96
CUST60241824903,3873.8,3873.8,1,416686.85
CUST60244066737,1022.3,1022.3,1,28967.43
CUST60252714641,91.15,91.15,1,244604.06
CUST60255878110,3034.0,3034.0,1,273238.49
CUST60259373851,7488.21,7488.21,1,202354.3
CUST60268517732,16271.92,16271.92,1,108099.11
CUST60273622724,440.98,440.98,1,76196.34
CUST60276975151,369.19,369.19,1,133135.82
CUST60281170228,4070.29,4070.29,1,158551.02
CUST60285400268,5353.27,5353.27,1,323830.86
CUST60285818194,480.74,480.74,1,155622.61
CUST60286444302,208.37,208.37,1,39672.49
CUST60289056094,540.13,540.13,1,441375.43
CUST60292883317,480.86,480.86,1,87731.9
CUST60301492984,1432.42,1432.42,1,316057.69
CUST60302278482,169.23,169.23,1,439286.66
CUST60317125799,1070.24,1070.24,1,314340.75
CUST60325796094,377.51,377.51,1,424037.98
CUST60326728094,1518.33,1518.33,1,350510.68
CUST60339457923,398.82,398.82,1,195213.13
CUST60341883961,84575.1,84575.1,1,197893.39
CUST60348286618,1192.34,1192.34,1,483778.39
CUST60351610455,1246.0,1246.0,1,253921.48
CUST60355308474,1537.24,1537.24,1,39121.91
CUST60359719516,987.42,987.42,1,361926.56
CUST60359974938,648.83,648.83,1,6755.47
CUST60366517640,610.38,610.38,1,116126.52
CUST60373415345,3078.46,3078.46,1,387463.8
CUST60382326288,176.29,176.29,1,266564.21
CUST60384126323,344.46,344.46,1,272197.65
CUST60386568481,299.36,299.36,1,448577.37
CUST60388376239,476.12,476.12,1,255388.98
CUST60394642231,1084.38,1084.38,1,325480.16
CUST60396917625,174.67,174.67,1,440007.29
CUST60397135531,534.33,534.33,1,390336.97
CUST60401551465,113.76,113.76,1,6495.51
CUST60404854088,1011.58,1011.58,1,118153.79
CUST60407437217,1052.67,1052.67,1,319981.35
CUST60416419096,1298.49,1298.49,1,71735.43
CUST60417168223,558.85,558.85,1,215562.74
CUST60422686048,655.61,655.61,1,273652.82
CUST60423245797,209.68,209.68,1,46437.43
CUST60423781382,543.01,543.01,1,84158.35
CUST60423981636,99.8,99.8,1,332268.45
CUST60424261758,3130.36,3130.36,1,136526.3
CUST60425325384,202.63,202.63,1,287563.45
CUST60435372677,441.66,441.66,1,263794.75
CUST60436572880,214.29,214.29,1,145460.78
CUST60443194429,2119.99,2119.99,1,363824.78
CUST60452320273,143.46,143.46,1,140603.05
CUST60453230273,187.81,187.81,1,258257.33
CUST60456563601,636.72,636.72,1,256368.11
CUST60464916860,1166.61,1166.61,1,85029.08
CUST60467849323,15.69,15.69,1,141134.61
CUST60472424794,2170.57,2170.57,1,148494.31
CUST60484252155,95.69,95.69,1,305267.23
CUST60485025781,3459.38,3459.38,1,189369.41
CUST60489117981,395.92,395.92,1,91111.65
CUST60492537813,1173.37,1173.37,1,65055.44
CUST60494591949,2359.36,2359.36,1,356655.09
CUST60504189886,434.09,434.09,1,297285.94
CUST60508066482,76.65,76.65,1,51249.74
CUST60509876457,579.33,579.33,1,450506.71
CUST60516866302,2067.39,2067.39,1,66081.01
CUST60520183676,910.93,910.93,1,30925.85
CUST60521168703,240.24,240.24,1,473004.26
CUST60530063622,2087.55,2087.55,1,11243.39
CUST60536224112,651.07,651.07,1,206943.82
CUST60551558732,2770.88,2770.88,1,444887.47
CUST60554049804,5413.0,5413.0,1,302842.27
CUST60560721890,2824.04,2824.04,1,32603.82
CUST60560828690,888.85,888.85,1,365370.62
CUST60562197533,2293.24,2293.24,1,463487.44
CUST60563696295,79.75,79.75,1,274593.93
CUST60566638371,1872.49,1872.49,1,41870.04
CUST60574418632,270.0,270.0,1,146958.98
CUST60579060744,339.74,339.74,1,153899.78
CUST60591474049,678.72,678.72,1,335832.44
CUST60592452718,721.79,721.79,1,4851.08
CUST60599711154,6424.01,6424.01,1,314885.86
CUST60600332315,5720.65,5720.65,1,490066.15
CUST60600401306,13.53,13.53,1,161127.23
CUST60604870862,492.53,492.53,1,1676.15
CUST60607112528,338.48,338.48,1,316737.16
CUST60612208820,237.33,237.33,1,49687.56
CUST60612750458,666.51,666.51,1,90814.64
CUST60616170253,2406.56,2406.56,1,343002.75
CUST60616606147,1806.12,1806.12,1,269002.99
CUST60621283519,6148.91,6148.91,1,4102.28
CUST60627143263,184.82,184.82,1,337114.73
CUST60627734699,758.32,758.32,1,355813.58
CUST60628612912,1156.28,1156.28,1,236156.88
CUST60630197175,281.7,281.7,1,296950.73
CUST60636659087,1167.95,1167.95,1,120525.77
CUST60638194418,384.99,384.99,1,410333.35
CUST60638390451,617.06,617.06,1,467815.72
CUST60642841889,201.37,201.37,1,16120.11
CUST60647957929,149.02,149.02,1,338092.18
CUST60651279756,358.98,358.98,1,143242.91
CUST60659465483,594.0,594.0,1,437878.88
CUST60676409580,99.64,99.64,1,457597.91
CUST60687315791,454.19,454.19,1,341872.13
CUST60688816826,270.4,270.4,1,270374.61
CUST60700057589,1639.48,1639.48,1,494370.15
CUST60712698384,1681.02,1681.02,1,385854.77
CUST60716230568,156.01,156.01,1,26283.85
CUST60717875902,260.67,260.67,1,193060.07
CUST60730739438,650.25,650.25,1,247515.48
CUST60731050753,313.61,313.61,1,235853.44
CUST60733364853,1015.71,1015.71,1,361346.06
CUST60733756081,492.68,492.68,1,48638.09
CUST60736918662,169.42,169.42,1,381500.33
CUST60743086424,4512.39,4512.39,1,216679.37
CUST60747575368,314.2,314.2,1,344666.34
CUST60749195926,1299.6,1299.6,1,382917.82
CUST60750902741,2851.84,2851.84,1,425024.83
CUST60753782521,1180.16,1180.16,1,469851.1
CUST60758952232,149.7,149.7,1,375342.06
CUST60773300416,148.06,148.06,1,101497.66
CUST60783490485,472.33,472.33,1,400675.57
CUST60784777456,1163.61,1163.61,1,307050.33
CUST60787718834,307.29,307.29,1,151065.46
CUST60790552099,160.34,160.34,1,190566.81
CUST60805350385,147.89,147.89,1,435241.85
CUST60809670613,14000.23,14000.23,1,127630.17
CUST60816226805,1251.96,1251.96,1,457978.67
CUST60818862421,2269.63,2269.63,1,333126.24
CUST60819466344,147.01,147.01,1,18214.88
CUST60828987818,1125.29,1125.29,1,435119.9
CUST60837215939,532.19,532.19,1,395007.98
CUST60860798418,4049.28,4049.28,1,407682.88
CUST60862351298,218.44,218.44,1,85137.71
CUST60863717537,160.91,160.91,1,355933.72
CUST60871272210,278.03,278.03,1,435687.38
CUST60877087626,1183.74,1183.74,1,69544.19
CUST60877398358,3861.92,3861.92,1,337161.04
CUST60877871702,7087.56,7087.56,1,464097.03
CUST60879375408,408.61,408.61,1,10633.26
CUST60879562570,10696.73,10696.73,1,215858.57
CUST60881932501,2517.62,2517.62,1,409564.17
CUST60882289299,200.97,200.97,1,453398.66
CUST60888129225,341.05,341.05,1,337660.18
CUST60890501577,158.99,158.99,1,275037.65
CUST60891577667,363.42,363.42,1,166909.41
CUST60896132015,7334.19,7334.19,1,302090.39
CUST60901512928,423.79,423.79,1,81720.93
CUST60902080293,3095.5,3095.5,1,390818.83
CUST60911393915,172.93,172.93,1,458781.17
CUST60930888237,845.47,845.47,1,189887.09
CUST60932686433,579.76,579.76,1,482548.29
CUST60939807951,86.89,86.89,1,146897.72
CUST60940296117,1448.46,1448.46,1,471184.1
CUST60943454111,9492.71,9492.71,1,64955.16
CUST60945057354,729.13,729.13,1,280807.56
CUST60955717530,1141.46,1141.46,1,484989.39
CUST60956745458,8762.59,8762.59,1,439723.73
CUST60956862747,881.97,881.97,1,428495.4
CUST60962754872,44.65,44.65,1,145226.15
CUST60964731013,5949.49,5949.49,1,290753.41
CUST60968841701,323.87,323.87,1,128888.06
CUST60985312794,5621.73,5621.73,1,486359.78
CUST60986450827,682.88,682.88,1,42903.72
CUST60995670166,4060.92,4060.92,1,304843.27
CUST60998347048,1601.36,1601.36,1,309211.65
CUST61001386628,598.41,598.41,1,267275.28
CUST61012575135,545.84,545.84,1,271944.83
CUST61014946983,333.52,333.52,1,365684.29
CUST61024292686,466.72,466.72,1,178909.52
CUST61032012789,7839.45,7839.45,1,173528.5
CUST61035380900,442.29,442.29,1,165422.69
CUST61052955060,407.45,407.45,1,1654.9
CUST61059595622,389.05,389.05,1,219769.71
CUST61060213769,375.32,375.32,1,193332.95
CUST61061945751,209.31,209.31,1,371531.73
CUST61064996964,1648.97,1648.97,1,410348.0
CUST61066552199,17679.0,17679.0,1,427255.6
CUST61070883188,302.87,302.87,1,441933.27
CUST61076930579,1123.12,1123.12,1,351852.17
CUST61090478019,1328.41,1328.41,1,355900.74
CUST61092869490,3368.72,3368.72,1,366341.92
CUST61093486189,338.12,338.12,1,146582.7
CUST61099092292,3475.6,3475.6,1,81524.86
CUST61099335686,653.35,653.35,1,350215.58
CUST61108804638,701.8,701.8,1,286439.45
CUST61117007977,379.16,379.16,1,152496.92
CUST61117237569,2084.98,2084.98,1,179343.66
CUST61131883890,1438.82,1438.82,1,147942.15
CUST61136653475,455.13,455.13,1,302468.27
CUST61140804714,581.48,581.48,1,254178.94
CUST61141271285,680.28,680.28,1,242592.81
CUST61143869338,234.19,234.19,1,331374.93
CUST61147216662,1902.41,1902.41,1,446537.16
CUST61147997521,94.52,94.52,1,80909.42
CUST61150403200,1010.3,1010.3,1,243621.88
CUST61153265403,391.18,391.18,1,378765.2
CUST61158229669,581.83,581.83,1,67992.59
CUST61172744685,825.28,825.28,1,398405.6
CUST61177882408,7743.84,7743.84,1,283913.49
CUST61178884723,223.94,223.94,1,51807.54
CUST61186004590,2941.8,2941.8,1,344149.11
CUST61188093525,6074.09,6074.09,1,459677.03
CUST61199602195,397.65,397.65,1,383199.34
CUST61204506600,495.09,495.09,1,82021.71
CUST61204999808,1187.1,1187.1,1,95025.55
CUST61205650592,1107.71,1107.71,1,370404.69
CUST61210168382,642.64,642.64,1,271093.73
CUST61218168864,479.53,479.53,1,270479.93
CUST61218948373,1971.86,1971.86,1,83705.73
CUST61223341663,128.44,128.44,1,135418.52
CUST61224787529,545.38,545.38,1,341425.85
CUST61232974555,2535.38,2535.38,1,280897.06
CUST61234550432,2474.47,2474.47,1,336619.44
CUST61240350781,2002.82,2002.82,1,264162.6
CUST61248164942,520.95,520.95,1,161412.91
CUST61256847536,298.63,298.63,1,159405.38
CUST61268903012,85.99,85.99,1,125703.56
CUST61274673792,1400.75,1400.75,1,34111.82
CUST61274774972,1017.31,1017.31,1,329888.97
CUST61278368642,40.73,40.73,1,470296.88
CUST61279302263,313.76,313.76,1,263021.31
CUST61282884309,112.47,112.47,1,151326.56
CUST61283256147,2700.84,2700.84,1,396019.11
CUST61296992584,532.58,532.58,1,353451.79
CUST61300694674,1466.7,1466.7,1,136022.86
CUST61310741816,3176.02,3176.02,1,150050.78
CUST61322023760,1333.04,1333.04,1,448603.94
CUST61323374884,1731.77,1731.77,1,364871.16
CUST61326559862,64.66,64.66,1,364667.09
CUST61329232203,280.2,280.2,1,210767.55
CUST61346141197,964.6,964.6,1,385455.65
CUST61348042238,12189.25,12189.25,1,256522.0
CUST61348437643,1684.34,1684.34,1,52398.42
CUST61354115457,118.83,118.83,1,269301.15
CUST61364966279,1159.69,1159.69,1,347405.37
CUST61367759256,1625.15,1625.15,1,270262.82
CUST61369264764,607.24,607.24,1,223242.96
CUST61369360399,339.55,339.55,1,499326.39
CUST61375980845,183.02,183.02,1,315530.15
CUST61384782534,1363.48,1363.48,1,336209.66
CUST61398429388,541.6,541.6,1,326982.37
CUST61399757263,627.36,627.36,1,498245.06
CUST61402912456,1235.01,1235.01,1,346624.1
CUST61406663837,869.03,869.03,1,245749.51
CUST61414719459,94.05,94.05,1,390068.58
CUST61421735118,447.69,447.69,1,59193.05
CUST61431288922,2478.82,2478.82,1,321749.29
CUST61432300334,2316.82,2316.82,1,235131.29
CUST61433063628,821.43,821.43,1,81602.04
CUST61433486998,341.97,341.97,1,46307.7
CUST61444791420,811.54,811.54,1,15329.63
CUST61456925565,638.71,638.71,1,194830.05
CUST61458172493,400.26,400.26,1,317799.46
CUST61461183540,286.04,286.04,1,191676.72
CUST61461747769,1804.67,1804.67,1,314733.45
CUST61478456492,754.2,754.2,1,242131.15
CUST61493455489,997.67,997.67,1,434072.64
CUST61499826806,1637.11,1637.11,1,140299.45
CUST61499987603,953.97,953.97,1,217207.23
CUST61509765019,723.01,723.01,1,16315.35
CUST61510962238,448.28,448.28,1,2104.84
CUST61512313201,30271.41,30271.41,1,416426.87
CUST61514301403,856.73,856.73,1,407383.3
CUST61518746389,1579.07,1579.07,1,218938.08
CUST61522227644,1733.88,1733.88,1,145732.09
CUST61535193818,209.83,209.83,1,283494.66
CUST61537851575,8305.08,8305.08,1,34077.7
CUST61539796292,893.45,893.45,1,231348.69
CUST61553823523,18181.6,18181.6,1,437688.14
CUST61556813637,9552.83,9552.83,1,448572.25
CUST61562925622,140.29,140.29,1,39356.45
CUST61565341109,778.6,778.6,1,264172.94
CUST61565959481,529.29,529.29,1,344337.16
CUST61567451748,970.38,970.38,1,413008.79
CUST61570830348,155.32,155.32,1,356287.27
CUST61573900562,508.2,508.2,1,372520.68
CUST61574339945,427.76,427.76,1,36671.19
CUST61595687133,116.27,116.27,1,152170.27
CUST61599523624,681.76,681.76,1,308039.7
CUST61601136274,1265.5,1265.5,1,236589.07
CUST61604438115,470.05,470.05,1,463060.03
CUST61623875054,214.82,214.82,1,138677.98
CUST61629352238,1059.31,1059.31,1,38099.21
CUST61629471614,555.49,555.49,1,197559.08
CUST61630151843,173.84,173.84,1,101218.55
CUST61645520843,4364.14,4364.14,1,240225.9
CUST61647063274,291.08,291.08,1,218808.03
CUST61648576901,326.51,326.51,1,481891.64
CUST61651983236,1190.22,1190.22,1,181161.48
CUST61652580803,522.01,522.01,1,396803.6
CUST61652614938,284.37,284.37,1,469807.28
CUST61657195392,492.08,492.08,1,249662.7
CUST61659217042,28857.24,28857.24,1,140388.32
CUST61660939555,7306.39,7306.39,1,288159.24
CUST61661668046,553.22,553.22,1,417958.93
CUST61665928666,322.32,322.32,1,62413.37
CUST61676199545,1216.75,1216.75,1,460375.11
CUST61688472066,101.75,101.75,1,452293.55
CUST61690368469,278.86,278.86,1,278435.45
CUST61701906289,47.98,47.98,1,90288.95
CUST61704826075,1298.58,1298.58,1,327552.22
CUST61707433416,845.93,845.93,1,26425.3
CUST61708520361,722.4,722.4,1,265026.77
CUST61709391316,845.46,845.46,1,86555.67
CUST61712654602,844.87,844.87,1,320753.35
CUST61713089301,1449.6,1449.6,1,190087.22
CUST61713390378,677.69,677.69,1,343710.73
CUST61713425756,1197.62,1197.62,1,370763.47
CUST61715332735,355.1,355.1,1,147551.84
CUST61723436954,1449.2,1449.2,1,360423.28
CUST61732445586,4370.48,4370.48,1,102096.49
CUST61738447432,111.71,111.71,1,21035.94
CUST61743060028,4100.91,4100.91,1,169704.13
CUST61744943007,652.23,652.23,1,171041.14
CUST61750603000,5467.51,5467.51,1,341516.27
CUST61751077137,145.61,145.61,1,466918.64
CUST61762445836,7938.02,7938.02,1,105724.73
CUST61766256845,896.39,896.39,1,426624.05
CUST61770426986,1563.52,1563.52,1,103619.31
CUST61774118733,258.1,258.1,1,376225.91
CUST61787464638,409.13,409.13,1,208283.11
CUST61788886306,3991.67,3991.67,1,462457.84
CUST61792127439,3488.53,3488.53,1,150688.13
CUST61792502404,526.53,526.53,1,461418.19
CUST61795753721,955.88,955.88,1,396492.83
CUST61797735655,243.05,243.05,1,357678.17
CUST61803447870,253.29,253.29,1,41914.49
CUST61806326135,4357.6,4357.6,1,50217.87
CUST61807559306,67.81,67.81,1,139366.45
CUST61810761612,375.74,375.74,1,277078.43
CUST61814667976,3114.0,3114.0,1,388327.11
CUST61817408905,209.76,209.76,1,395832.99
CUST61817591228,3681.31,3681.31,1,236902.87
CUST61819863464,937.88,937.88,1,135032.58
CUST61824703537,346.76,346.76,1,399580.57
CUST61829702657,434.37,434.37,1,332371.74
CUST61841376562,253.3,253.3,1,188917.17
CUST61842053565,217.94,217.94,1,421042.19
CUST61844198351,3812.11,3812.11,1,191505.36
CUST61851647728,93.72,93.72,1,484908.02
CUST61859863370,159.63,159.63,1,94876.4
CUST61860031345,1701.5,1701.5,1,444719.97
CUST61860795904,1842.75,1842.75,1,73575.53
CUST61861583507,64.97,64.97,1,225129.04
CUST61872565304,11454.12,11454.12,1,272769.59
CUST61874674882,3876.11,3876.11,1,237830.86
CUST61874855055,6019.45,6019.45,1,102629.7
CUST61878402745,2486.68,2486.68,1,168968.32
CUST61882383803,4937.14,4937.14,1,46957.65
CUST61885800932,1035.57,1035.57,1,102846.86
CUST61892149738,2819.02,2819.02,1,301958.89
CUST61894475906,246.82,246.82,1,344028.35
CUST61897879271,3969.39,3969.39,1,204969.02
CUST61900393984,599.91,599.91,1,151634.55
CUST61902425259,204.26,204.26,1,171972.99
CUST61904264195,1404.65,1404.65,1,205498.34
CUST61912503869,489.55,489.55,1,225974.69
CUST61913879972,239.76,239.76,1,464605.73
CUST61914828136,680.94,680.94,1,411816.86
CUST61920058074,3022.41,3022.41,1,206981.94
CUST61926207434,409.23,409.23,1,123691.2
CUST61929592642,567.17,567.17,1,283802.88
CUST61931418445,528.97,528.97,1,364957.2
CUST61942549541,935.6,935.6,1,210200.16
CUST61947616235,437.54,437.54,1,445037.05
CUST61948959728,175.12,175.12,1,121485.98
CUST61953614542,268.27,268.27,1,230428.08
CUST61954349529,292.29,292.29,1,410793.75
CUST61955909610,844.25,844.25,1,98647.03
CUST61956775901,1347.12,1347.12,1,31663.66
CUST61966033083,7255.99,7255.99,1,271438.94
CUST61969402391,1761.06,1761.06,1,255260.28
CUST61976982771,68.48,68.48,1,128555.65
CUST61980754321,244.43,244.43,1,266102.48
CUST61983110863,470.69,470.69,1,311993.09
CUST61989632408,113.74,113.74,1,57528.6
CUST61989695839,73.01,73.01,1,7618.92
CUST61990028324,604.67,604.67,1,298104.08
CUST61993529293,45.0,45.0,1,425175.65
CUST61996062274,765.87,765.87,1,122093.37
CUST61997050062,123.46,123.46,1,313302.24
CUST62005884147,3693.0,3693.0,1,345825.45
CUST62014639878,82.33,82.33,1,419829.77
CUST62022455301,29962.6,29962.6,1,153225.39
CUST62041275158,3456.63,3456.63,1,117828.23
CUST62050451899,2044.3,2044.3,1,274014.54
CUST62052701233,1629.44,1629.44,1,359191.27
CUST62056737683,544.32,544.32,1,50229.0
CUST62057301582,519.05,519.05,1,288542.34
CUST62061986268,368.53,368.53,1,495843.3
CUST62065405661,27352.64,27352.64,1,157571.86
CUST62065969076,6819.54,6819.54,1,215521.27
CUST62074790409,149.85,149.85,1,171156.3
CUST62075153839,109.5,109.5,1,342766.31
CUST62076224803,691.93,691.93,1,321699.45
CUST62077236819,2026.25,2026.25,1,456283.69
CUST62081532162,545.24,545.24,1,423370.19
CUST62085662967,5053.91,5053.91,1,238505.96
CUST62090397114,172.71,172.71,1,245145.8
CUST62096283832,143.09,143.09,1,453492.36
CUST62098300760,4497.55,4497.55,1,389989.74
CUST62100134326,782.07,782.07,1,500134.19
CUST62106599993,201.89,201.89,1,165703.75
CUST62107282345,309.48,309.48,1,219670.99
CUST62112867590,656.17,656.17,1,208772.32
CUST62115426246,462.9,462.9,1,111994.24
CUST62120464324,469.03,469.03,1,355826.98
CUST62122413775,344.9,344.9,1,360189.81
CUST62122506511,126.39,126.39,1,193753.13
CUST62123700869,223.57,223.57,1,59283.14
CUST62129281905,557.65,557.65,1,299668.96
CUST62138352890,2381.76,2381.76,1,22870.28
CUST62138693028,198.22,198.22,1,235717.64
CUST62143991900,100.74,100.74,1,405734.93
CUST62147676596,87.42,87.42,1,317897.22
CUST62149938732,1879.53,1879.53,1,190780.79
CUST62154761070,1672.55,1672.55,1,64216.78
CUST62157118940,101.09,101.09,1,29385.61
CUST62161573158,41.25,41.25,1,111477.0
CUST62164592639,1022.87,1022.87,1,264869.59
CUST62167194975,3546.59,3546.59,1,444146.11
CUST62181085507,862.88,862.88,1,450527.71
CUST62188642600,174.73,174.73,1,11937.73
CUST62189641943,52.54,52.54,1,84279.61
CUST62190054773,104.06,104.06,1,205073.34
CUST62200099673,1858.43,1858.43,1,482823.78
CUST62201518687,3612.01,3612.01,1,274887.75
CUST62207417958,3992.42,3992.42,1,263810.65
CUST62207903933,318.9,318.9,1,348532.02
CUST62210982273,550.95,550.95,1,67289.44
CUST62221282748,2306.3,2306.3,1,273290.16
CUST62228933497,668.59,668.59,1,108403.06
CUST62229505282,249.96,249.96,1,315156.79
CUST62230459063,463.81,463.81,1,92434.97
CUST62232698777,641.46,641.46,1,333291.72
CUST62241094246,861.16,861.16,1,70158.05
CUST62243006688,989.65,989.65,1,396390.72
CUST62244095574,868.85,868.85,1,492437.15
CUST62247407573,148.62,148.62,1,374087.45
CUST62249453687,36.56,36.56,1,38033.52
CUST62263741178,2919.96,2919.96,1,41508.3
CUST62265420574,112.95,112.95,1,11300.57
CUST62272495260,751.65,751.65,1,56190.55
CUST62283836159,2690.22,2690.22,1,411953.56
CUST62286932095,831.39,831.39,1,34552.16
CUST62297032008,2881.56,2881.56,1,357080.72
CUST62302533026,5855.57,5855.57,1,316145.01
CUST62302983229,1353.4,1353.4,1,248699.46
CUST62317074854,279.64,279.64,1,200650.76
CUST62337955762,85.29,85.29,1,148823.08
CUST62338883322,141.39,141.39,1,81024.92
CUST62347584990,2023.32,2023.32,1,413075.57
CUST62350131287,1139.01,1139.01,1,32245.08
CUST62352356844,2540.45,2540.45,1,145687.3
CUST62368554529,226.77,226.77,1,89323.65
CUST62369496292,758.68,758.68,1,136124.7
CUST62370390033,5502.19,5502.19,1,167728.82
CUST62374564601,872.31,872.31,1,230617.77
CUST62374598415,225.73,225.73,1,442027.0
CUST62375301700,318.13,318.13,1,403489.51
CUST62375985456,385.71,385.71,1,12400.56
CUST62391597150,26.8,26.8,1,282713.18
CUST62415883539,2212.99,2212.99,1,424215.15
CUST62416310879,2256.89,2256.89,1,9210.81
CUST62424835123,6344.64,6344.64,1,424114.07
CUST62427184337,391.05,391.05,1,269697.42
CUST62427679316,2155.35,2155.35,1,377732.38
CUST62430586739,2020.45,2020.45,1,373078.6
CUST62434366730,275.42,275.42,1,41200.78
CUST62435520311,213.24,213.24,1,466373.6
CUST62437417407,21.22,21.22,1,483743.55
CUST62437638221,355.32,355.32,1,86436.86
CUST62440200607,451.59,451.59,1,429702.42
CUST62441165874,626.26,626.26,1,477211.21
CUST62443802330,182.32,182.32,1,350560.07
CUST62451134707,42.67,42.67,1,391811.3
CUST62462461693,3784.94,3784.94,1,256001.82
CUST62472601604,11715.69,11715.69,1,150693.15
CUST62475519806,106.13,106.13,1,270332.82
CUST62479296115,3387.46,3387.46,1,83884.36
CUST62480108831,125.3,125.3,1,86481.23
CUST62483300342,6399.28,6399.28,1,161086.95
CUST62492778696,72.06,72.06,1,330661.85
CUST62495622453,566.86,566.86,1,373030.3
CUST62501111073,207.09,207.09,1,298950.2
CUST62502366553,5312.5,5312.5,1,240188.95
CUST62504122471,1507.63,1507.63,1,290753.22
CUST62505492215,4462.09,4462.09,1,284596.05
CUST62506221264,582.72,582.72,1,420599.18
CUST62507435186,1334.19,1334.19,1,474555.68
CUST62522121534,1162.82,1162.82,1,53236.77
CUST62524850342,713.63,713.63,1,168107.07
CUST62527941880,2054.91,2054.91,1,245339.19
CUST62527955478,75.28,75.28,1,58409.05
CUST62536314513,519.34,519.34,1,207864.61
CUST62540038689,900.38,900.38,1,219854.88
CUST62546232722,963.91,963.91,1,420147.39
CUST62548456511,1098.41,1098.41,1,262272.15
CUST62553565993,689.52,689.52,1,149168.6
CUST62556930885,141.42,141.42,1,393688.74
CUST62561512687,484.29,484.29,1,48316.16
CUST62563213248,660.04,660.04,1,174268.01
CUST62580241996,259.18,259.18,1,73738.77
CUST62587735654,2989.4,2989.4,1,220754.34
CUST62593913078,387.79,387.79,1,348590.46
CUST62594189236,861.87,861.87,1,346773.25
CUST62597133559,1403.72,1403.72,1,65720.63
CUST62604133612,722.55,722.55,1,151714.5
CUST62608609520,5725.03,5725.03,1,299513.63
CUST62609642181,3521.85,3521.85,1,5271.96
CUST62626482684,4418.78,4418.78,1,90374.1
CUST62627924474,1245.87,1245.87,1,166098.95
CUST62627999632,289.99,289.99,1,196777.19
CUST62629942073,1108.27,1108.27,1,48307.5
CUST62633681050,247.31,247.31,1,192454.2
CUST62635759691,30.58,30.58,1,464471.71
CUST62636801657,421.4,421.4,1,80281.66
CUST62639801869,192.16,192.16,1,106276.86
CUST62641038061,40472.93,40472.93,1,239968.42
CUST62648594724,1426.02,1426.02,1,386810.29
CUST62649992254,2246.72,2246.72,1,68507.12
CUST62654502045,8143.27,8143.27,1,416576.61
CUST62655480320,152.75,152.75,1,374311.08
CUST62657099971,265.75,265.75,1,212694.06
CUST62667137039,812.44,812.44,1,407404.82
CUST62668700423,333.21,333.21,1,94879.03
CUST62677063340,4649.79,4649.79,1,368790.01
CUST62682376832,1699.79,1699.79,1,307195.66
CUST62694842965,1608.88,1608.88,1,431210.05
CUST62702180182,2532.78,2532.78,1,184337.08
CUST62710261563,1212.85,1212.85,1,441763.01
CUST62713902233,1002.31,1002.31,1,181500.97
CUST62715262587,7157.65,7157.65,1,119732.3
CUST62719224448,89.4,89.4,1,372179.79
CUST62726302071,998.7,998.7,1,494934.8
CUST62729325259,64.28,64.28,1,453610.53
CUST62730231465,91.53,91.53,1,453928.21
CUST62734538734,744.23,744.23,1,437586.87
CUST62738139511,103.16,103.16,1,399219.74
CUST62738292144,560.12,560.12,1,388525.36
CUST62740750878,380.94,380.94,1,127267.85
CUST62748356936,273.59,273.59,1,382758.74
CUST62753222097,527.3,527.3,1,303688.38
CUST62765657871,170.05,170.05,1,425199.11
CUST62765774202,991.0,991.0,1,391415.35
CUST62783977172,3800.69,3800.69,1,475921.49
CUST62786502107,267.93,267.93,1,257932.29
CUST62786648543,698.86,698.86,1,489376.74
CUST62795277267,392.83,392.83,1,159589.43
CUST62796250542,1370.17,1370.17,1,290281.82
CUST62799316392,889.21,889.21,1,340714.2
CUST62805665132,2237.88,2237.88,1,333775.58
CUST62811265712,364.82,364.82,1,49385.81
CUST62813006298,313.83,313.83,1,487051.94
CUST62813217320,427.04,427.04,1,489773.12
CUST62827997264,506.03,506.03,1,311661.2
CUST62831231145,23312.92,23312.92,1,445332.23
CUST62841955360,4233.12,4233.12,1,330308.13
CUST62842875296,3685.86,3685.86,1,485143.53
CUST62844179917,1475.29,1475.29,1,267053.78
CUST62845743809,177.71,177.71,1,327646.02
CUST62850957425,298.15,298.15,1,76743.14
CUST62853756529,1230.66,1230.66,1,339172.87
CUST62859582067,654.9,654.9,1,475479.83
CUST62862083667,151.83,151.83,1,495396.15
CUST62863675717,235.56,235.56,1,394394.72
CUST62869055004,490.42,490.42,1,445136.55
CUST62875227589,314.22,314.22,1,82640.67
CUST62878418842,338.44,338.44,1,270447.19
CUST62897444904,3493.4,3493.4,1,141347.42
CUST62900780136,771.77,771.77,1,141536.65
CUST62902220671,2180.07,2180.07,1,478093.52
CUST62902754729,332.32,332.32,1,429632.24
CUST62906017260,258.94,258.94,1,461837.62
CUST62906419051,920.81,920.81,1,445885.31
CUST62908766999,60.42,60.42,1,26469.23
CUST62913824272,1115.7,1115.7,1,159568.32
CUST62916730160,1976.75,1976.75,1,202663.02
CUST62921528714,1253.69,1253.69,1,361626.23
CUST62937767547,947.05,947.05,1,148005.45
CUST62937894233,5123.34,5123.34,1,302803.23
CUST62938466607,186.2,186.2,1,74462.15
CUST62945457539,491.12,491.12,1,190838.14
CUST62948219645,1985.61,1985.61,1,110844.82
CUST62954465703,196.26,196.26,1,273639.78
CUST62955956883,275.95,275.95,1,175700.94
CUST62956787197,815.6,815.6,1,466278.24
CUST62963008218,359.72,359.72,1,269710.45
CUST62963379164,1636.96,1636.96,1,37703.3
CUST62996100335,156.66,156.66,1,463790.85
CUST62999355911,847.26,847.26,1,474064.11
CUST63016661451,1110.22,1110.22,1,195171.46
CUST63018959440,319.94,319.94,1,46952.15
CUST63020971430,184.65,184.65,1,72903.04
CUST63024083243,1967.47,1967.47,1,327168.71
CUST63030449604,204.1,204.1,1,322990.81
CUST63031037538,1680.51,1680.51,1,488626.54
CUST63044564569,489.1,489.1,1,360745.77
CUST63045143774,745.78,745.78,1,195432.24
CUST63052191741,3108.74,3108.74,1,233781.92
CUST63052524123,357.0,357.0,1,482250.48
CUST63063660393,1148.22,1148.22,1,139755.55
CUST63064949540,364.57,364.57,1,263960.75
CUST63066512096,3904.55,3904.55,1,349493.32
CUST63066981034,89.02,89.02,1,370304.78
CUST63074104736,558.58,558.58,1,186901.88
CUST63078336188,166.54,166.54,1,494620.8
CUST63097459332,507.47,507.47,1,253828.76
CUST63101445725,667.57,667.57,1,109506.06
CUST63102425129,380.72,380.72,1,302222.92
CUST63109320389,5361.2,5361.2,1,429466.16
CUST63113798999,932.06,932.06,1,185178.39
CUST63124302822,3590.7,3590.7,1,231924.38
CUST63127057397,1408.51,1408.51,1,486275.01
CUST63136838123,844.33,844.33,1,336341.86
CUST63138078443,158.37,158.37,1,263271.78
CUST63141145587,4317.32,4317.32,1,146905.04
CUST63141295518,937.06,937.06,1,401045.54
CUST63146816160,14.14,14.14,1,128785.36
CUST63154052086,387.9,387.9,1,135829.55
CUST63163248901,3358.44,3358.44,1,334008.88
CUST63164496152,3628.69,3628.69,1,121369.39
CUST63166682391,101.2,101.2,1,134647.22
CUST63167075847,1313.56,1313.56,1,364318.82
CUST63167796711,797.8,797.8,1,293674.12
CUST63169935862,3688.69,3688.69,1,144516.85
CUST63173123665,488.07,488.07,1,341877.43
CUST63173208552,154.26,154.26,1,56206.04
CUST63178492476,4134.68,4134.68,1,343633.68
CUST63184225943,321.01,321.01,1,365331.26
CUST63184429771,3373.28,3373.28,1,79184.28
CUST63188135446,2533.21,2533.21,1,470035.16
CUST63189759293,267.34,267.34,1,108011.83
CUST63196182677,765.7,765.7,1,400902.5
CUST63197591352,352.17,352.17,1,399683.89
CUST63198719419,1259.36,1259.36,1,273787.61
CUST63199920868,2113.18,2113.18,1,156408.36
CUST63202195027,354.22,354.22,1,85854.52
CUST63204044354,3210.59,3210.59,1,285582.24
CUST63208416133,288.79,288.79,1,44742.68
CUST63215631266,1784.2,1784.2,1,196979.41
CUST63216104131,6898.84,6898.84,1,232997.36
CUST63216884631,100.19,100.19,1,413328.32
CUST63219797190,397.52,397.52,1,464580.98
CUST63220279215,287.79,287.79,1,322135.66
CUST63221370128,252.84,252.84,1,413493.43
CUST63221540684,3239.48,3239.48,1,228203.23
CUST63224294185,954.13,954.13,1,261348.07
CUST63230308648,202.65,202.65,1,423999.2
CUST63230351466,1419.32,1419.32,1,421302.09
CUST63234129953,179.28,179.28,1,266840.28
CUST63234690172,294.27,294.27,1,469057.67
CUST63236633852,700.43,700.43,1,420824.49
CUST63238547219,1804.42,1804.42,1,428464.25
CUST63248363276,2253.48,2253.48,1,176453.65
CUST63251028973,1299.49,1299.49,1,167904.1
CUST63252286792,8827.2,8827.2,1,452593.6
CUST63256361571,2527.99,2527.99,1,38546.72
CUST63257105599,271.44,271.44,1,301212.5
CUST63260547458,1275.02,1275.02,1,215861.67
CUST63263505960,2750.76,2750.76,1,276685.74
CUST63264995641,102.21,102.21,1,235932.44
CUST63272939791,6496.07,6496.07,1,314775.46
CUST63277301159,2168.37,2168.37,1,160796.56
CUST63281419092,207.97,207.97,1,143177.88
CUST63282558579,1020.5,1020.5,1,207979.9
CUST63285293966,1174.01,1174.01,1,311690.37
CUST63286528589,3281.65,3281.65,1,114817.82
CUST63295202515,232.03,232.03,1,489901.2
CUST63295621369,447.34,447.34,1,126491.45
CUST63298860418,2345.66,2345.66,1,416868.38
CUST63299211801,301.4,301.4,1,225696.12
CUST63304847473,437.5,437.5,1,387768.04
CUST63308247292,1337.1,1337.1,1,458358.98
CUST63313921617,1431.52,1431.52,1,13613.99
CUST63323429642,739.1,739.1,1,162259.49
CUST63327087065,356.45,356.45,1,423765.86
CUST63330226787,648.76,648.76,1,491439.89
CUST63331086774,183.55,183.55,1,238370.68
CUST63331813804,426.42,426.42,1,199723.46
CUST63332187100,4958.71,4958.71,1,236409.41
CUST63334139688,5577.0,5577.0,1,151471.35
CUST63337707036,1680.18,1680.18,1,51926.98
CUST63338415052,752.58,752.58,1,352581.2
CUST63348984280,1004.78,1004.78,1,238105.72
CUST63350469052,1837.76,1837.76,1,163948.17
CUST63352929267,648.05,648.05,1,357353.99
CUST63360702958,230.34,230.34,1,461644.63
CUST63372851525,466.55,466.55,1,157260.75
CUST63373509976,159.65,159.65,1,138615.55
CUST63378648538,1018.36,1018.36,1,163924.37
CUST63389273136,619.26,619.26,1,354483.71
CUST63398148530,1427.84,1427.84,1,90444.29
CUST63400072180,451.84,451.84,1,390248.72
CUST63406690311,484.41,484.41,1,316965.29
CUST63415267286,120.23,120.23,1,54899.7
CUST63417499875,1669.75,1669.75,1,345478.47
CUST63417967441,1096.86,1096.86,1,172642.68
CUST63419412291,272.68,272.68,1,382599.17
CUST63420074643,5663.89,5663.89,1,108512.03
CUST63420462297,6629.5,6629.5,1,438475.62
CUST63425493123,151.21,151.21,1,214299.46
CUST63427787261,163.91,163.91,1,377125.32
CUST63438075728,321.14,321.14,1,384659.79
CUST63438307126,443.53,443.53,1,391540.99
CUST63443508501,4842.19,4842.19,1,245756.4
CUST63444027695,561.01,561.01,1,493815.03
CUST63450946485,1578.68,1578.68,1,275137.75
CUST63454140812,882.98,882.98,1,465672.2
CUST63454800744,150.94,150.94,1,455306.64
CUST63455133484,1903.96,1903.96,1,23070.07
CUST63463188861,94.6,94.6,1,53008.81
CUST63463506585,1248.78,1248.78,1,172258.86
CUST63467031195,738.67,738.67,1,89279.43
CUST63469373147,3853.45,3853.45,1,206050.06
CUST63470295800,6018.75,6018.75,1,455771.91
CUST63472584680,261.29,261.29,1,480404.88
CUST63474420361,843.5,843.5,1,432721.95
CUST63480038362,2399.98,2399.98,1,318332.9
CUST63480426008,7708.69,7708.69,1,8447.97
CUST63481112580,831.3,831.3,1,227304.33
CUST63482399897,1030.22,1030.22,1,290749.91
CUST63487376449,865.14,865.14,1,232355.92
CUST63487689974,428.79,428.79,1,387554.71
CUST63494607798,1399.97,1399.97,1,298596.75
CUST63507040237,1482.34,1482.34,1,241532.38
CUST63512962310,25603.53,25603.53,1,104586.3
CUST63514751602,2174.68,2174.68,1,126401.02
CUST63521611289,93.97,93.97,1,471353.31
CUST63522047736,285.92,285.92,1,348513.95
CUST63531673297,867.75,867.75,1,58018.03
CUST63539098582,53.95,53.95,1,66616.66
CUST63546031860,1631.37,1631.37,1,128036.02
CUST63547518486,975.52,975.52,1,492426.52
CUST63550747971,509.8,509.8,1,78672.04
CUST63550990835,1087.5,1087.5,1,10862.45
CUST63552548712,387.2,387.2,1,182270.3
CUST63559691765,262.5,262.5,1,272439.61
CUST63565635388,2406.95,2406.95,1,339208.95
CUST63567896667,2213.21,2213.21,1,427403.71
CUST63576657678,795.26,795.26,1,376062.99
CUST63581624888,745.34,745.34,1,11634.51
CUST63581703317,616.87,616.87,1,277816.07
CUST63594148189,1800.49,1800.49,1,319588.4
CUST63594452301,1266.29,1266.29,1,464735.07
CUST63595097957,198.09,198.09,1,345673.35
CUST63598723996,250.98,250.98,1,396249.02
CUST63599098999,845.79,845.79,1,136609.46
CUST63604765791,177.1,177.1,1,305075.85
CUST63607389692,3003.74,3003.74,1,237800.19
CUST63612842902,53762.54,53762.54,1,81602.56
CUST63613297758,253.49,253.49,1,312107.92
CUST63614145874,182.09,182.09,1,363517.99
CUST63615208365,39.85,39.85,1,393674.93
CUST63623657176,788.95,788.95,1,403576.78
CUST63634435685,1240.18,1240.18,1,456961.79
CUST63637725435,6930.7,6930.7,1,422798.28
CUST63639432269,1243.46,1243.46,1,190951.6
CUST63654311675,1157.42,1157.42,1,452255.35
CUST63655348702,45.96,45.96,1,489506.94
CUST63660512049,1758.52,1758.52,1,59183.78
CUST63666804053,137.39,137.39,1,141806.33
CUST63667269246,21438.47,21438.47,1,468386.56
CUST63668478079,431.32,431.32,1,2011.03
CUST63669805990,1642.01,1642.01,1,420097.13
CUST63683704360,1626.14,1626.14,1,383044.96
CUST63687282132,195.49,195.49,1,215971.05
CUST63688742676,243.76,243.76,1,142477.16
CUST63690100725,2155.19,2155.19,1,143804.97
CUST63695689935,2102.57,2102.57,1,6211.22
CUST63704437287,2028.3,2028.3,1,428299.45
CUST63710198356,1131.93,1131.93,1,64242.04
CUST63721790426,2435.14,2435.14,1,244496.82
CUST63741616932,340.0,340.0,1,258671.79
CUST63755846926,1568.67,1568.67,1,73563.93
CUST63759252391,2565.96,2565.96,1,475359.1
CUST63760185307,262.98,262.98,1,197321.1
CUST63760397134,849.91,849.91,1,254906.01
CUST63765840200,1129.66,1129.66,1,89656.15
CUST63771212896,5109.92,5109.92,1,362166.35
CUST63771481124,483.58,483.58,1,375257.11
CUST63771867984,722.56,722.56,1,246809.82
CUST63778108513,1763.49,1763.49,1,61183.0
CUST63782292820,634.45,634.45,1,43243.0
CUST63784412324,179.82,179.82,1,110872.88
CUST63793934932,30.23,30.23,1,287998.56
CUST63795143517,798.34,798.34,1,211933.01
CUST63796743406,1229.85,1229.85,1,308557.79
CUST63798466650,1513.47,1513.47,1,36327.54
CUST63804364517,644.59,644.59,1,264760.6
CUST63807682316,477.68,477.68,1,385040.65
CUST63821399309,491.13,491.13,1,147635.6
CUST63825435215,2562.03,2562.03,1,306214.13
CUST63829299092,1493.92,1493.92,1,300488.08
CUST63829584213,192.81,192.81,1,487370.56
CUST63832799737,3595.52,3595.52,1,438534.29
CUST63833718762,594.07,594.07,1,283511.0
CUST63848225542,6283.56,6283.56,1,79416.07
CUST63850370596,285.14,285.14,1,464694.12
CUST63850925533,305.88,305.88,1,329782.38
CUST63856868044,525.58,525.58,1,489509.08
CUST63862452645,769.85,769.85,1,393009.64
CUST63866202725,358.0,358.0,1,95226.22
CUST63871408932,47444.71,47444.71,1,331002.04
CUST63872267572,665.17,665.17,1,236726.66
CUST63873621917,980.74,980.74,1,172288.98
CUST63874853283,216.63,216.63,1,287879.11
CUST63880353580,547.03,547.03,1,249160.68
CUST63883896934,219.43,219.43,1,487513.63
CUST63886315864,2490.9,2490.9,1,471418.07
CUST63895982068,5213.21,5213.21,1,178481.34
CUST63897932564,1484.74,1484.74,1,203051.36
CUST63901413030,772.37,772.37,1,170535.82
CUST63921268442,1218.5,1218.5,1,95274.51
CUST63928571471,1705.32,1705.32,1,193581.78
CUST63938157045,10767.97,10767.97,1,190498.45
CUST63942188795,547.42,547.42,1,31477.65
CUST63943866267,229.28,229.28,1,247513.23
CUST63945939796,1120.79,1120.79,1,308723.98
CUST63948582429,1465.56,1465.56,1,449357.26
CUST63955848096,671.68,671.68,1,64225.35
CUST63956373869,569.38,569.38,1,336866.3
CUST63958656315,88.03,88.03,1,328679.51
CUST63974463404,1121.57,1121.57,1,456483.49
CUST63976070757,150.45,150.45,1,127123.39
CUST63976657021,4666.54,4666.54,1,189104.59
CUST63977682920,391.25,391.25,1,218668.57
CUST63979140784,158.79,158.79,1,154685.2
CUST63980551576,1719.56,1719.56,1,197858.21
CUST63984696175,128.23,128.23,1,25768.52
CUST63991855345,299.36,299.36,1,254104.48
CUST63993499683,955.44,955.44,1,242088.35
CUST63998273143,32.48,32.48,1,391498.55
CUST64001528706,463.03,463.03,1,253239.15
CUST64001943536,3722.07,3722.07,1,49137.66
CUST64005554526,3297.73,3297.73,1,97500.5
CUST64009654331,11444.56,11444.56,1,378104.47
CUST64017052871,9068.75,9068.75,1,152319.71
CUST64022213203,887.79,887.79,1,474022.97
CUST64022598961,709.02,709.02,1,124543.95
CUST64023732811,742.63,742.63,1,214682.36
CUST64032365183,398.0,398.0,1,97270.86
CUST64042179025,280.42,280.42,1,203639.39
CUST64045347133,466.29,466.29,1,99154.33
CUST64052061057,83.06,83.06,1,484828.86
CUST64053121136,5056.4,5056.4,1,84458.29
CUST64056949574,662.37,662.37,1,492815.3
CUST64059723972,189.33,189.33,1,3786.94
CUST64065396348,108.26,108.26,1,101755.74
CUST64066449733,382.75,382.75,1,475913.19
CUST64067285508,1520.33,1520.33,1,358445.59
CUST64068305003,3378.36,3378.36,1,80026.56
CUST64068310122,439.25,439.25,1,72716.47
CUST64073203400,817.67,817.67,1,462544.76
CUST64081067210,4181.27,4181.27,1,125331.07
CUST64091474076,590.76,590.76,1,92358.21
CUST64098035339,1090.47,1090.47,1,42562.67
CUST64098125546,248.4,248.4,1,315001.73
CUST64106921644,551.65,551.65,1,254274.7
CUST64112898428,136.51,136.51,1,28641.07
CUST64116730969,2575.94,2575.94,1,447536.01
CUST64119639189,1744.64,1744.64,1,472500.51
CUST64120639644,7085.39,7085.39,1,388813.33
CUST64120734674,423.61,423.61,1,114578.95
CUST64125684966,669.73,669.73,1,284323.66
CUST64132385913,2139.7,2139.7,1,291511.52
CUST64135994352,2050.79,2050.79,1,150600.25
CUST64151277194,629.93,629.93,1,239038.72
CUST64154221021,115.58,115.58,1,480597.44
CUST64155062449,2549.53,2549.53,1,239626.5
CUST64158270490,8168.2,8168.2,1,150984.72
CUST64164197429,1078.52,1078.52,1,45369.45
CUST64165220518,375.25,375.25,1,219267.99
CUST64166297897,1204.51,1204.51,1,15962.12
CUST64166375958,363.4,363.4,1,54777.13
CUST64167023225,1083.15,1083.15,1,74940.1
CUST64170188397,3937.79,3937.79,1,312757.66
CUST64170590669,238.6,238.6,1,429977.45
CUST64173681001,104.52,104.52,1,429012.22
CUST64180046732,578.13,578.13,1,77054.36
CUST64190567818,1367.39,1367.39,1,274348.76
CUST64193053726,404.12,404.12,1,77183.31
CUST64203147592,315.75,315.75,1,80184.58
CUST64203533595,2735.73,2735.73,1,166226.5
CUST64206577819,2417.65,2417.65,1,272523.2
CUST64208984766,12059.38,12059.38,1,505133.13
CUST64215517162,2863.13,2863.13,1,460413.74
CUST64217975335,367.06,367.06,1,151403.34
CUST64221622869,146.13,146.13,1,341160.57
CUST64230791536,2041.22,2041.22,1,457690.33
CUST64244351767,237.79,237.79,1,309785.27
CUST64248160284,5167.31,5167.31,1,421019.32
CUST64253757268,208.79,208.79,1,373764.3
CUST64257348451,189.64,189.64,1,460633.04
CUST64260695147,18499.11,18499.11,1,457152.89
CUST64267326088,595.86,595.86,1,179172.39
CUST64271846428,201.05,201.05,1,66556.93
CUST64278318720,1321.53,1321.53,1,152689.77
CUST64283669779,96.81,96.81,1,271538.42
CUST64287242720,1128.01,1128.01,1,37418.59
CUST64287432714,112.33,112.33,1,205881.52
CUST64293441399,4580.53,4580.53,1,425576.12
CUST64295163653,607.29,607.29,1,313483.19
CUST64303178418,1042.03,1042.03,1,215311.29
CUST64313637735,1567.14,1567.14,1,185182.0
CUST64313909032,1032.8,1032.8,1,317672.38
CUST64314116901,510.09,510.09,1,357243.96
CUST64322003142,936.62,936.62,1,211861.96
CUST64329970916,601.24,601.24,1,262977.97
CUST64332010255,114.21,114.21,1,498501.67
CUST64334335097,441.15,441.15,1,165164.79
CUST64334372815,593.35,593.35,1,260525.08
CUST64337693848,291.96,291.96,1,327550.35
CUST64338422131,194.06,194.06,1,485433.52
CUST64347121657,158.27,158.27,1,87592.79
CUST64349711515,2271.04,2271.04,1,63314.94
CUST64353804120,5057.65,5057.65,1,271414.82
CUST64361166580,534.18,534.18,1,7817.84
CUST64373241439,639.79,639.79,1,96139.84
CUST64375026617,935.16,935.16,1,376934.75
CUST64376893442,241.62,241.62,1,133424.94
CUST64379339170,612.38,612.38,1,95294.14
CUST64381479523,1890.22,1890.22,1,162097.28
CUST64382912885,343.39,343.39,1,403204.82
CUST64393268077,1221.19,1221.19,1,26798.26
CUST64399405769,167.44,167.44,1,254059.8
CUST64403066233,1133.52,1133.52,1,390387.59
CUST64403312210,59108.26,59108.26,1,8526.67
CUST64411760953,1205.7,1205.7,1,185382.83
CUST64421513788,1067.55,1067.55,1,99771.69
CUST64422020698,605.0,605.0,1,95144.25
CUST64430720704,714.39,714.39,1,301951.02
CUST64432490994,2955.08,2955.08,1,16685.11
CUST64437174308,1977.29,1977.29,1,40996.63
CUST64439325550,896.57,896.57,1,305276.45
CUST64453223451,857.22,857.22,1,197387.71
CUST64455139401,464.67,464.67,1,1315.3
CUST64455700279,257.98,257.98,1,210621.98
CUST64455920524,444.62,444.62,1,382489.39
CUST64456767611,233.17,233.17,1,163653.04
CUST64461716493,10747.53,10747.53,1,419525.96
CUST64465283784,554.69,554.69,1,303234.2
CUST64470166361,509.6,509.6,1,49315.08
CUST64477925086,2569.61,2569.61,1,200110.52
CUST64483176517,118.43,118.43,1,350644.94
CUST64485377006,4067.62,4067.62,1,170180.38
CUST64486244892,340.63,340.63,1,170993.91
CUST64486546717,572.48,572.48,1,87699.23
CUST64492985778,1644.43,1644.43,1,425454.55
CUST64500332432,3344.39,3344.39,1,96144.41
CUST64503323617,552.3,552.3,1,208031.58
CUST64504400743,656.79,656.79,1,69487.86
CUST64507284602,1936.21,1936.21,1,287263.6
CUST64509464852,287.84,287.84,1,414632.35
CUST64511890573,2886.25,2886.25,1,189460.23
CUST64512291327,22244.63,22244.63,1,475924.9
CUST64516380016,677.9,677.9,1,265943.5
CUST64519784598,524.3,524.3,1,101508.59
CUST64529306123,1930.52,1930.52,1,178538.05
CUST64530296852,211.67,211.67,1,125646.67
CUST64538143519,1064.05,1064.05,1,4904.64
CUST64548509497,292.78,292.78,1,409522.93
CUST64550737826,10602.63,10602.63,1,84254.98
CUST64554941988,2223.12,2223.12,1,299059.59
CUST64566587100,279.17,279.17,1,315221.59
CUST64572647483,4830.45,4830.45,1,343796.82
CUST64575924750,602.77,602.77,1,416023.22
CUST64583336362,822.33,822.33,1,116500.63
CUST64589148505,449.69,449.69,1,27861.2
CUST64596751108,572.0,572.0,1,419466.19
CUST64601109597,1259.01,1259.01,1,138343.19
CUST64609933445,19415.14,19415.14,1,325261.09
CUST64615211463,317.05,317.05,1,153669.69
CUST64618488321,269.09,269.09,1,307801.16
CUST64621315181,8940.19,8940.19,1,41171.03
CUST64628491342,440.85,440.85,1,141022.15
CUST64649653077,851.55,851.55,1,72088.15
CUST64650004402,189.69,189.69,1,119576.47
CUST64650569289,367.18,367.18,1,348053.16
CUST64653074667,7080.74,7080.74,1,309264.02
CUST64656942007,138.55,138.55,1,20638.46
CUST64662487652,685.22,685.22,1,143560.52
CUST64664752053,210.99,210.99,1,344928.86
CUST64665031487,819.76,819.76,1,33131.53
CUST64671491167,1644.38,1644.38,1,339475.82
CUST64672975842,1767.96,1767.96,1,443680.56
CUST64673476106,680.84,680.84,1,130122.61
CUST64677037275,8401.44,8401.44,1,474081.51
CUST64682694052,31143.07,31143.07,1,183089.22
CUST64689774301,2129.12,2129.12,1,309462.61
CUST64692405060,71.22,71.22,1,450171.4
CUST64694042980,650.34,650.34,1,143786.1
CUST64696333175,470.86,470.86,1,17165.3
CUST64698329002,567.47,567.47,1,28363.51
CUST64700430387,1352.99,1352.99,1,276747.28
CUST64703355574,1338.2,1338.2,1,340452.34
CUST64705295119,6678.56,6678.56,1,404423.8
CUST64715577792,608.93,608.93,1,369452.16
CUST64719283814,3249.59,3249.59,1,169761.4
CUST64727889388,117.15,117.15,1,219560.75
CUST64729442582,434.06,434.06,1,468519.67
CUST64733900970,208.12,208.12,1,264772.72
CUST64735947473,3887.2,3887.2,1,403923.53
CUST64739938643,357.6,357.6,1,259875.57
CUST64740528964,2920.79,2920.79,1,115738.59
CUST64741227599,415.16,415.16,1,303842.95
CUST64745770055,10475.36,10475.36,1,256574.0
CUST64747320391,509.2,509.2,1,99206.54
CUST64749076318,468.33,468.33,1,143889.44
CUST64751431189,2423.68,2423.68,1,184234.7
CUST64752609798,393.52,393.52,1,64428.26
CUST64760587574,859.3,859.3,1,347100.15
CUST64764696878,343.82,343.82,1,262962.22
CUST64767680170,2512.86,2512.86,1,114384.37
CUST64769075552,4190.61,4190.61,1,482248.82
CUST64772864099,649.65,649.65,1,245950.48
CUST64781834315,932.22,932.22,1,298169.09
CUST64784147452,1263.86,1263.86,1,268202.23
CUST64786045806,175.86,175.86,1,291290.85
CUST64786070978,1251.16,1251.16,1,253249.18
CUST64786281487,777.61,777.61,1,78163.65
CUST64787741462,785.44,785.44,1,307689.52
CUST64789027259,257.91,257.91,1,319840.12
CUST64790576350,651.76,651.76,1,187602.18
CUST64791103734,2037.33,2037.33,1,256229.53
CUST64792807447,902.38,902.38,1,148185.91
CUST64803598079,485.77,485.77,1,361772.0
CUST64805163683,3903.66,3903.66,1,198706.24
CUST64809471644,1491.59,1491.59,1,296297.94
CUST64809882686,2915.96,2915.96,1,53356.01
CUST64810849804,518.98,518.98,1,410488.79
CUST64811029239,640.77,640.77,1,247745.16
CUST64820492791,653.27,653.27,1,392592.8
CUST64821981036,767.18,767.18,1,109169.75
CUST64831550701,331.61,331.61,1,276281.24
CUST64837829516,860.18,860.18,1,167442.37
CUST64851468955,6012.62,6012.62,1,143625.69
CUST64857158049,195.46,195.46,1,34465.3
CUST64868431350,367.01,367.01,1,308960.13
CUST64871359702,360.52,360.52,1,294209.31
CUST64878722548,2398.84,2398.84,1,349039.03
CUST64883607585,16332.55,16332.55,1,447535.37
CUST64884852405,428.63,428.63,1,283226.59
CUST64886668083,2913.29,2913.29,1,397733.07
CUST64891908397,1046.53,1046.53,1,297084.36
CUST64894326261,780.25,780.25,1,328024.73
CUST64897259382,217.35,217.35,1,353146.25
CUST64897831426,88.26,88.26,1,348072.57
CUST64900913668,1205.05,1205.05,1,91878.5
CUST64910626781,3596.91,3596.91,1,57427.44
CUST64913389762,654.66,654.66,1,216538.84
CUST64915658865,439.01,439.01,1,389795.44
CUST64926275119,874.38,874.38,1,75684.32
CUST64929287288,995.98,995.98,1,118436.71
CUST64934897012,588.41,588.41,1,336940.37
CUST64940717697,560.52,560.52,1,83755.9
CUST64940776719,471.57,471.57,1,145116.33
CUST64953080069,1526.01,1526.01,1,463271.25
CUST64953163212,146.22,146.22,1,138788.56
CUST64966364620,667.34,667.34,1,395679.66
CUST64967602742,182.15,182.15,1,195039.74
CUST64968993180,379.8,379.8,1,303656.44
CUST64969266564,933.14,933.14,1,265407.84
CUST64979885494,390.15,390.15,1,462832.32
CUST64989777670,1718.35,1718.35,1,493594.64
CUST64992720334,3227.05,3227.05,1,199757.58
CUST64997561330,260.19,260.19,1,70025.1
CUST65001437245,2934.98,2934.98,1,307840.91
CUST65006064207,491.5,491.5,1,182250.76
CUST65012162826,821.98,821.98,1,313542.85
CUST65014413565,982.23,982.23,1,360309.52
CUST65014780279,1189.54,1189.54,1,276009.92
CUST65015429697,99.49,99.49,1,253526.88
CUST65017677266,112.64,112.64,1,339410.73
CUST65019858101,202.23,202.23,1,208084.89
CUST65027316428,14126.43,14126.43,1,459170.69
CUST65028426345,1707.84,1707.84,1,172423.93
CUST65039677246,253.38,253.38,1,452588.65
CUST65044331606,150.74,150.74,1,452114.75
CUST65058944491,1789.37,1789.37,1,70871.43
CUST65061016545,169.61,169.61,1,346138.61
CUST65065920376,2064.89,2064.89,1,313479.46
CUST65076032153,2295.5,2295.5,1,272432.98
CUST65077583319,234.07,234.07,1,35228.53
CUST65080675368,372.35,372.35,1,16528.78
CUST65085701430,6892.7,6892.7,1,358020.62
CUST65091347074,631.79,631.79,1,427466.01
CUST65097491563,1090.5,1090.5,1,375654.65
CUST65100913447,422.79,422.79,1,200572.42
CUST65102154203,88.99,88.99,1,440366.52
CUST65104175408,1326.19,1326.19,1,307484.82
CUST65106093436,784.19,784.19,1,101031.46
CUST65113324839,117407.34,117407.34,1,62951.79
CUST65125766870,171.94,171.94,1,63520.91
CUST65128860834,2087.11,2087.11,1,342638.86
CUST65141337348,317.87,317.87,1,491998.2
CUST65142114468,3184.08,3184.08,1,7808.71
CUST65144886396,250.88,250.88,1,98743.04
CUST65150081647,1133.44,1133.44,1,283988.97
CUST65151841680,44.01,44.01,1,322409.0
CUST65154980688,137.96,137.96,1,205556.07
CUST65157823318,2207.36,2207.36,1,324979.31
CUST65162178825,93.61,93.61,1,179382.11
CUST65165430035,448.45,448.45,1,122475.33
CUST65167117893,985.12,985.12,1,89908.02
CUST65170877772,370.78,370.78,1,227224.26
CUST65174982075,6001.61,6001.61,1,265713.68
CUST65189073758,719.15,719.15,1,250478.31
CUST65193983241,2036.44,2036.44,1,6567.06
CUST65195198445,3928.98,3928.98,1,298989.45
CUST65197264947,117.25,117.25,1,8210.33
CUST65200794011,7684.52,7684.52,1,177660.2
CUST65213105023,892.14,892.14,1,305495.77
CUST65213205760,105.46,105.46,1,403507.07
CUST65218362925,150.53,150.53,1,424427.36
CUST65219359159,1464.77,1464.77,1,37688.19
CUST65223414882,254.41,254.41,1,134712.93
CUST65225209592,313.35,313.35,1,271896.98
CUST65227223689,741.14,741.14,1,251816.04
CUST65230498852,3321.28,3321.28,1,366176.75
CUST65232368166,725.93,725.93,1,235256.27
CUST65242595103,4432.09,4432.09,1,493355.42
CUST65242787304,668.43,668.43,1,318639.92
CUST65243905828,204.4,204.4,1,395981.54
CUST65255337265,528.42,528.42,1,207829.66
CUST65257191646,1412.13,1412.13,1,204411.56
CUST65258800360,739.91,739.91,1,30945.65
CUST65272082399,91.97,91.97,1,235120.58
CUST65278187253,1640.98,1640.98,1,330150.27
CUST65280087905,123.75,123.75,1,228678.09
CUST65281963728,1724.32,1724.32,1,465515.29
CUST65289042873,1753.19,1753.19,1,273670.15
CUST65294559115,2979.65,2979.65,1,101795.88
CUST65301424044,136.94,136.94,1,234233.54
CUST65302014497,3403.93,3403.93,1,214171.27
CUST65303033913,2675.19,2675.19,1,27465.89
CUST65305252443,3297.94,3297.94,1,241084.87
CUST65310263179,1874.41,1874.41,1,463028.91
CUST65311871865,27629.24,27629.24,1,365958.14
CUST65314598833,1799.61,1799.61,1,348410.06
CUST65317632535,228.08,228.08,1,169184.69
CUST65323406106,1017.34,1017.34,1,170134.91
CUST65324625499,1276.65,1276.65,1,340480.6
CUST65331776313,2692.08,2692.08,1,273322.38
CUST65342305735,2187.44,2187.44,1,63913.65
CUST65344405231,68.87,68.87,1,105478.08
CUST65351469188,688.76,688.76,1,298037.92
CUST65353243316,249.48,249.48,1,171312.81
CUST65354047085,435.01,435.01,1,75607.37
CUST65363495213,580.5,580.5,1,481979.99
CUST65366898201,416.92,416.92,1,372906.67
CUST65369077597,281.17,281.17,1,407749.5
CUST65370573212,102.17,102.17,1,66465.92
CUST65372749277,3225.71,3225.71,1,117621.67
CUST65373952100,52.36,52.36,1,218923.32
CUST65379348476,367.85,367.85,1,446306.03
CUST65391725858,105.24,105.24,1,79376.05
CUST65392421492,133.92,133.92,1,19525.24
CUST65395552831,922.71,922.71,1,436996.58
CUST65396467674,365.11,365.11,1,479008.59
CUST65397027688,2660.18,2660.18,1,328431.6
CUST65397233985,219.03,219.03,1,38809.93
CUST65401890500,770.42,770.42,1,372140.09
CUST65402416549,4687.36,4687.36,1,481784.57
CUST65403438895,5618.14,5618.14,1,492134.92
CUST65411177281,576.04,576.04,1,380630.01
CUST65419117615,459.48,459.48,1,80457.36
CUST65422740920,1605.43,1605.43,1,42763.32
CUST65433585449,134.66,134.66,1,397551.39
CUST65438116067,429.91,429.91,1,324775.79
CUST65439226894,3358.12,3358.12,1,284526.8
CUST65446535710,1554.37,1554.37,1,464102.12
CUST65454961284,1060.21,1060.21,1,175706.3
CUST65459614381,10874.83,10874.83,1,118184.57
CUST65468335020,853.91,853.91,1,406558.43
CUST65469025744,2081.42,2081.42,1,29251.35
CUST65470511126,283.9,283.9,1,368987.79
CUST65486149369,542.54,542.54,1,304832.84
CUST65497443846,31.57,31.57,1,77945.85
CUST65501913488,591.81,591.81,1,304824.26
CUST65502585194,183.39,183.39,1,205461.13
CUST65505937322,772.13,772.13,1,460769.01
CUST65507108263,2849.27,2849.27,1,339959.25
CUST65508844190,1982.19,1982.19,1,123178.26
CUST65522146523,1878.64,1878.64,1,392788.44
CUST65523633164,890.02,890.02,1,123457.65
CUST65524098840,366.98,366.98,1,322127.94
CUST65525846064,306.9,306.9,1,230950.62
CUST65529414901,286.4,286.4,1,9859.53
CUST65541109936,4181.62,4181.62,1,362929.68
CUST65546293802,197.41,197.41,1,185678.68
CUST65557947141,521.13,521.13,1,4692.48
CUST65565055134,507.63,507.63,1,236543.04
CUST65572975653,398.84,398.84,1,444807.35
CUST65577883938,4311.85,4311.85,1,285302.74
CUST65582694992,670.2,670.2,1,21585.07
CUST65585048586,113.21,113.21,1,233893.46
CUST65587039220,95.64,95.64,1,114804.21
CUST65587625344,76.78,76.78,1,304497.57
CUST65590261333,4795.12,4795.12,1,152395.64
CUST65599351527,402.13,402.13,1,12564.97
CUST65599839617,169.11,169.11,1,452583.59
CUST65608259584,702.69,702.69,1,154804.39
CUST65611159213,2088.6,2088.6,1,279303.02
CUST65611296653,1182.81,1182.81,1,159725.32
CUST65612933406,305.78,305.78,1,292917.74
CUST65618489462,295.68,295.68,1,357123.21
CUST65622173779,1291.04,1291.04,1,227909.65
CUST65627814117,1338.58,1338.58,1,152478.97
CUST65637142274,93.31,93.31,1,238898.14
CUST65640027011,80.73,80.73,1,109567.66
CUST65640722573,147.62,147.62,1,415637.84
CUST65641360409,58.03,58.03,1,155078.31
CUST65641373448,1030.69,1030.69,1,208479.83
CUST65647652359,918.49,918.49,1,398957.08
CUST65649344229,84.33,84.33,1,419094.31
CUST65651497226,839.67,839.67,1,56813.23
CUST65653003212,117.95,117.95,1,2100.1
CUST65659563321,448.5,448.5,1,489727.49
CUST65663189075,10340.29,10340.29,1,62812.83
CUST65664255717,486.07,486.07,1,18756.29
CUST65669269818,348.49,348.49,1,14662.2
CUST65671625085,16721.95,16721.95,1,24453.51
CUST65684481887,4217.4,4217.4,1,158247.03
CUST65688996301,5961.15,5961.15,1,56114.03
CUST65690752294,1149.55,1149.55,1,126052.29
CUST65694579183,7286.61,7286.61,1,268832.38
CUST65695044072,357.81,357.81,1,277325.45
CUST65697289040,190.03,190.03,1,53007.44
CUST65701347335,428.67,428.67,1,396852.24
CUST65701793562,536.86,536.86,1,87289.34
CUST65716126903,7227.89,7227.89,1,136626.56
CUST65719167740,1638.61,1638.61,1,456254.84
CUST65720127182,474.2,474.2,1,70883.95
CUST65728872846,8778.7,8778.7,1,350053.34
CUST65744943526,923.49,923.49,1,444416.08
CUST65750508132,1108.35,1108.35,1,26524.95
CUST65750957733,1152.66,1152.66,1,192686.39
CUST65757173212,11936.79,11936.79,1,299354.37
CUST65766901841,196.97,196.97,1,416139.18
CUST65769156919,1739.11,1739.11,1,355347.48
CUST65777497078,1628.48,1628.48,1,55897.36
CUST65782365798,11714.63,11714.63,1,298906.02
CUST65784599387,397.87,397.87,1,278842.29
CUST65785103684,900.46,900.46,1,466436.49
CUST65789063712,1326.83,1326.83,1,396389.01
CUST65791576890,907.43,907.43,1,348416.13
CUST65799461992,277.86,277.86,1,371522.87
CUST65799735275,3869.77,3869.77,1,495206.94
CUST65803190149,1659.09,1659.09,1,183298.57
CUST65810059383,75.84,75.84,1,274541.38
CUST65812005422,325.76,325.76,1,411739.82
CUST65817386403,1962.2,1962.2,1,322445.28
CUST65817726580,861.47,861.47,1,23923.81
CUST65818322852,1349.6,1349.6,1,256814.65
CUST65819475054,1643.86,1643.86,1,489848.29
CUST65821504931,99.26,99.26,1,172049.5
CUST65824536026,3257.35,3257.35,1,287628.31
CUST65825349752,807.12,807.12,1,56151.31
CUST65825407629,583.15,583.15,1,482832.2
CUST65829862811,243.75,243.75,1,217324.15
CUST65834626069,869.3,869.3,1,315737.65
CUST65835709759,4387.53,4387.53,1,300120.22
CUST65836223265,474.95,474.95,1,480260.61
CUST65838221399,262.93,262.93,1,478827.04
CUST65839371227,996.9,996.9,1,161027.73
CUST65851818839,294.95,294.95,1,269887.85
CUST65856382881,1515.1,1515.1,1,295030.05
CUST65865726912,2294.14,2294.14,1,482752.44
CUST65867209268,1319.38,1319.38,1,387206.8
CUST65874387157,2471.22,2471.22,1,442336.26
CUST65878265501,609.79,609.79,1,281287.51
CUST65879704815,4138.27,4138.27,1,107124.06
CUST65889141606,1234.64,1234.64,1,42997.94
CUST65891379588,1844.04,1844.04,1,187643.19
CUST65892139605,171.1,171.1,1,354546.78
CUST65905017093,2600.96,2600.96,1,131110.59
CUST65909804518,879.12,879.12,1,75766.92
CUST65915699090,632.01,632.01,1,123064.42
CUST65921829456,258.8,258.8,1,49018.86
CUST65923857914,1613.22,1613.22,1,5085.77
CUST65935209832,222.93,222.93,1,4544.82
CUST65936318419,282.3,282.3,1,7091.12
CUST65938288696,920.18,920.18,1,401601.86
CUST65939408126,250.46,250.46,1,79175.54
CUST65942934424,1311.25,1311.25,1,25212.05
CUST65944698789,162.98,162.98,1,47370.98
CUST65949001940,658.27,658.27,1,116711.96
CUST65951024621,8798.02,8798.02,1,490040.29
CUST65958727071,269.89,269.89,1,33393.76
CUST65960012101,143.81,143.81,1,54536.22
CUST65965025601,17265.94,17265.94,1,470122.41
CUST65967349515,1554.89,1554.89,1,215754.62
CUST65972553123,142.95,142.95,1,387074.48
CUST65976307747,524.93,524.93,1,121296.13
CUST65981073834,1673.2,1673.2,1,270029.86
CUST65985068949,2677.98,2677.98,1,119326.15
CUST65985454219,898.46,898.46,1,156133.66
CUST65986807693,231.65,231.65,1,348666.01
CUST65991588553,723.51,723.51,1,293726.34
CUST65998025364,2984.76,2984.76,1,83708.28
CUST66000507342,58826.38,58826.38,1,371312.53
CUST66002576155,740.58,740.58,1,373783.86
CUST66006320233,590.6,590.6,1,318335.7
CUST66006376950,3203.41,3203.41,1,315828.56
CUST66007024732,2906.77,2906.77,1,460688.46
CUST66013441235,522.62,522.62,1,423868.84
CUST66014046245,1997.45,1997.45,1,243859.13
CUST66023180339,3491.83,3491.83,1,201533.51
CUST66025624308,530.93,530.93,1,460443.52
CUST66034751731,171.82,171.82,1,476326.85
CUST66042331124,3289.43,3289.43,1,97807.29
CUST66042473325,619.71,619.71,1,352576.23
CUST66046258344,2836.86,2836.86,1,472428.09
CUST66049417987,30.78,30.78,1,447834.8
CUST66050103373,365.48,365.48,1,451028.83
CUST66056599609,113.65,113.65,1,261973.95
CUST66057351509,266.92,266.92,1,180531.64
CUST66065903674,11827.98,11827.98,1,169849.29
CUST66066159843,1524.78,1524.78,1,283672.11
CUST66068030642,10986.13,10986.13,1,126155.08
CUST66070375072,1601.12,1601.12,1,39000.33
CUST66071945519,326.98,326.98,1,90318.91
CUST66077482883,8443.9,8443.9,1,310761.75
CUST66083957202,5026.52,5026.52,1,96324.52
CUST66092274098,1936.93,1936.93,1,336813.19
CUST66094901804,453.15,453.15,1,321536.08
CUST66099231684,1009.39,1009.39,1,231407.18
CUST66102325779,171.79,171.79,1,439829.31
CUST66114603529,1074.38,1074.38,1,47412.48
CUST66121549096,8818.16,8818.16,1,461720.88
CUST66124867338,148.27,148.27,1,391414.44
CUST66128216473,157.59,157.59,1,499663.85
CUST66128587515,1024.37,1024.37,1,42992.09
CUST66135374066,187.63,187.63,1,222100.18
CUST66136552083,312.22,312.22,1,42762.8
CUST66138646449,2049.91,2049.91,1,436565.58
CUST66155656651,5458.88,5458.88,1,456511.78
CUST66156234509,7017.41,7017.41,1,196601.86
CUST66156405856,9714.23,9714.23,1,158570.08
CUST66161303599,1066.62,1066.62,1,151757.48
CUST66162680946,170.66,170.66,1,174393.1
CUST66168438368,1116.72,1116.72,1,439743.93
CUST66175590812,308.83,308.83,1,16814.78
CUST66177538717,498.26,498.26,1,352587.92
CUST66190756361,1007.18,1007.18,1,318217.67
CUST66191742734,4796.83,4796.83,1,360022.1
CUST66192792401,521.22,521.22,1,66180.81
CUST66193291222,1506.56,1506.56,1,193072.13
CUST66196005949,812.36,812.36,1,487501.83
CUST66197402147,2706.76,2706.76,1,171537.66
CUST66201251633,2169.57,2169.57,1,222821.18
CUST66201847173,270.93,270.93,1,261091.76
CUST66207503562,777.22,777.22,1,492779.81
CUST66222650439,748.08,748.08,1,218524.48
CUST66229165919,623.92,623.92,1,316432.07
CUST66229297865,1622.94,1622.94,1,341071.82
CUST66242832082,419.57,419.57,1,97728.23
CUST66244877353,721.24,721.24,1,13230.45
CUST66248246022,127.27,127.27,1,339607.04
CUST66253241912,399.6,399.6,1,45397.43
CUST66258388738,80.98,80.98,1,67985.43
CUST66262364814,131.01,131.01,1,101157.09
CUST66264493001,789.35,789.35,1,44283.2
CUST66265260284,7373.32,7373.32,1,279415.52
CUST66266352510,5673.19,5673.19,1,385239.34
CUST66267616198,1595.64,1595.64,1,459945.79
CUST66274900358,3213.4,3213.4,1,481742.45
CUST66295593465,4633.78,4633.78,1,117972.67
CUST66295800759,745.17,745.17,1,286882.39
CUST66298531598,1024.22,1024.22,1,309729.26
CUST66299667807,1364.68,1364.68,1,2794.32
CUST66301692887,959.25,959.25,1,63677.24
CUST66306575791,1770.09,1770.09,1,66489.21
CUST66306584257,2063.05,2063.05,1,301503.48
CUST66310213064,794.57,794.57,1,298601.99
CUST66316724811,589.15,589.15,1,135410.95
CUST66321545858,262.42,262.42,1,418550.1
CUST66330762033,395.77,395.77,1,312903.36
CUST66333558921,4727.23,4727.23,1,279197.13
CUST66340386799,540.03,540.03,1,369746.44
CUST66344663622,554.98,554.98,1,72038.93
CUST66346454691,1761.38,1761.38,1,262579.68
CUST66352276736,13471.04,13471.04,1,233400.16
CUST66352675033,444.21,444.21,1,418357.58
CUST66356522791,782.39,782.39,1,163780.34
CUST66357560142,894.64,894.64,1,436929.21
CUST66359554209,3705.77,3705.77,1,286167.48
CUST66362252533,1526.94,1526.94,1,212666.73
CUST66364446488,368.76,368.76,1,241543.97
CUST66366813249,1643.3,1643.3,1,35176.11
CUST66371256948,359.96,359.96,1,102156.51
CUST66372465369,382.84,382.84,1,188853.84
CUST66375741543,273.15,273.15,1,251894.42
CUST66383456598,202.0,202.0,1,421543.88
CUST66392729097,2702.34,2702.34,1,329223.74
CUST66392928795,1328.03,1328.03,1,492763.77
CUST66407966156,1850.9,1850.9,1,199969.04
CUST66413036618,677.54,677.54,1,157171.55
CUST66421597640,892.86,892.86,1,89371.42
CUST66427637736,1618.47,1618.47,1,242274.55
CUST66446111867,1040.96,1040.96,1,291345.02
CUST66446438269,1096.05,1096.05,1,49354.0
CUST66447868628,1034.46,1034.46,1,433753.81
CUST66448059653,1452.75,1452.75,1,259217.85
CUST66462538297,245.01,245.01,1,96651.51
CUST66463597770,369.23,369.23,1,342943.35
CUST66466782057,217.05,217.05,1,88089.97
CUST66472395220,466.32,466.32,1,478145.44
CUST66474500872,3833.8,3833.8,1,241624.33
CUST66476235669,136.13,136.13,1,241644.03
CUST66479551330,5323.78,5323.78,1,270267.11
CUST66488322543,187.7,187.7,1,99502.44
CUST66492884042,1554.43,1554.43,1,70641.44
CUST66493104367,3420.16,3420.16,1,65188.19
CUST66498880301,1253.36,1253.36,1,301045.24
CUST66501299504,3129.22,3129.22,1,73252.31
CUST66503591883,882.92,882.92,1,431316.46
CUST66506128489,2324.39,2324.39,1,131936.12
CUST66507375779,3457.72,3457.72,1,240588.71
CUST66507700163,2527.48,2527.48,1,227675.3
CUST66517188698,318.37,318.37,1,356000.95
CUST66518753271,239.91,239.91,1,172488.34
CUST66525770730,3771.98,3771.98,1,383122.75
CUST66527112840,2261.19,2261.19,1,176055.5
CUST66528701538,1025.25,1025.25,1,246095.71
CUST66530744308,442.71,442.71,1,143315.87
CUST66531523587,1399.2,1399.2,1,45265.91
CUST66533182291,1967.92,1967.92,1,254716.86
CUST66534556667,680.16,680.16,1,127963.65
CUST66544304642,407.43,407.43,1,62043.1
CUST66547442301,4216.24,4216.24,1,426583.84
CUST66550042801,5677.67,5677.67,1,251252.86
CUST66551853611,6965.97,6965.97,1,180919.98
CUST66557151927,701.25,701.25,1,122172.88
CUST66560752460,3910.57,3910.57,1,74332.43
CUST66569056458,993.89,993.89,1,273356.74
CUST66573345325,1735.2,1735.2,1,303154.53
CUST66574641379,202.39,202.39,1,84372.37
CUST66580918856,867.98,867.98,1,11753.68
CUST66591215439,169.77,169.77,1,288976.35
CUST66594972183,698.5,698.5,1,99834.87
CUST66597049221,424.69,424.69,1,254205.01
CUST66597428870,1442.58,1442.58,1,292512.09
CUST66597464380,740.66,740.66,1,282894.51
CUST66609580492,3582.37,3582.37,1,57274.7
CUST66611743556,5980.49,5980.49,1,158584.72
CUST66614039670,251.75,251.75,1,181331.67
CUST66617950387,3011.22,3011.22,1,112993.38
CUST66618826603,168.25,168.25,1,394337.75
CUST66622372750,1234.81,1234.81,1,14002.47
CUST66627723270,114.32,114.32,1,180614.17
CUST66635780257,103.09,103.09,1,186968.17
CUST66636295318,757.53,757.53,1,343625.32
CUST66637467308,315.7,315.7,1,158734.55
CUST66645313583,896.14,896.14,1,297404.0
CUST66647071215,106.48,106.48,1,476555.46
CUST66658186518,373.35,373.35,1,152255.01
CUST66660203168,796.7,796.7,1,174547.77
CUST66666321687,1063.09,1063.09,1,89028.15
CUST66668741993,1734.35,1734.35,1,211595.35
CUST66676511166,338.31,338.31,1,356125.46
CUST66682704854,85.67,85.67,1,467672.35
CUST66703404098,1419.42,1419.42,1,329011.76
CUST66706101934,1950.09,1950.09,1,192411.45
CUST66709432476,405.94,405.94,1,305922.52
CUST66726208438,326.56,326.56,1,348762.09
CUST66732563435,500.79,500.79,1,241392.71
CUST66742938895,204.69,204.69,1,197403.66
CUST66756607016,2698.3,2698.3,1,182942.25
CUST66765483168,863.83,863.83,1,264990.59
CUST66769981916,427.62,427.62,1,209512.76
CUST66770546875,444.26,444.26,1,495074.74
CUST66773286572,961.79,961.79,1,33694.14
CUST66786841942,642.63,642.63,1,403772.26
CUST66788424880,1236.75,1236.75,1,494007.52
CUST66788655664,1076.66,1076.66,1,233561.68
CUST66790508149,5575.38,5575.38,1,4162.24
CUST66791758702,981.74,981.74,1,463885.43
CUST66791972030,2612.81,2612.81,1,293854.16
CUST66796707907,225.91,225.91,1,210072.61
CUST66806753518,34.34,34.34,1,499495.28
CUST66806883326,965.68,965.68,1,252279.36
CUST66807005055,489.21,489.21,1,217005.11
CUST66808040234,181.96,181.96,1,370427.03
CUST66811887622,356.23,356.23,1,318726.83
CUST66813206371,1412.18,1412.18,1,379353.55
CUST66816988093,307.77,307.77,1,494494.32
CUST66819341166,59.41,59.41,1,378475.74
CUST66822429217,584.31,584.31,1,104303.21
CUST66823904801,446.46,446.46,1,358487.59
CUST66826357909,392.74,392.74,1,27141.42
CUST66828989324,573.53,573.53,1,279970.25
CUST66829436610,170.82,170.82,1,146394.69
CUST66833469451,884.7,884.7,1,487556.89
CUST66842321228,71.73,71.73,1,344358.38
CUST66842988048,740.01,740.01,1,64296.1
CUST66843064365,2145.38,2145.38,1,314436.09
CUST66848911876,170.93,170.93,1,18642.07
CUST66850506269,2379.81,2379.81,1,426054.34
CUST66851099532,164.38,164.38,1,218689.09
CUST66857274772,299.16,299.16,1,383486.94
CUST66857541468,747.28,747.28,1,367229.13
CUST66865831122,437.0,437.0,1,126472.66
CUST66868175741,414.59,414.59,1,2793.84
CUST66868552920,21411.99,21411.99,1,333100.2
CUST66870034621,207.26,207.26,1,186806.44
CUST66870395816,946.71,946.71,1,89962.14
CUST66874531597,281.31,281.31,1,324677.6
CUST66881745154,25676.62,25676.62,1,65514.35
CUST66889168977,805.7,805.7,1,126052.56
CUST66901006253,722.84,722.84,1,370749.72
CUST66904198532,4113.25,4113.25,1,343478.6
CUST66905810814,270.4,270.4,1,175596.25
CUST66905955769,596.49,596.49,1,6650.95
CUST66918512152,174.11,174.11,1,401404.82
CUST66918786006,188.92,188.92,1,310200.76
CUST66923995249,3789.55,3789.55,1,162225.35
CUST66928656833,5438.21,5438.21,1,261619.55
CUST66937230377,1393.64,1393.64,1,307435.9
CUST66938980441,584.39,584.39,1,50598.64
CUST66939537176,291.81,291.81,1,165671.77
CUST66949776398,1561.36,1561.36,1,104906.7
CUST66953833977,778.95,778.95,1,499105.13
CUST66957708681,145.25,145.25,1,210519.87
CUST66967753361,4828.35,4828.35,1,392680.96
CUST66968241388,1389.33,1389.33,1,8671.25
CUST66970349911,2600.33,2600.33,1,318912.24
CUST66970432249,392.72,392.72,1,189715.88
CUST66971160736,2186.26,2186.26,1,215490.16
CUST66976559083,795.56,795.56,1,263267.14
CUST66983963916,2550.37,2550.37,1,279463.06
CUST66987924330,349.1,349.1,1,343748.89
CUST66993353090,730.76,730.76,1,345178.28
CUST66993984388,1314.05,1314.05,1,431978.59
CUST66996472634,919.83,919.83,1,29356.51
CUST67005447087,4075.83,4075.83,1,435771.3
CUST67006901784,4076.04,4076.04,1,460915.74
CUST67012062173,1511.32,1511.32,1,78052.97
CUST67015161366,656.41,656.41,1,461649.42
CUST67015558250,1847.31,1847.31,1,231771.7
CUST67018827764,4280.43,4280.43,1,360005.0
CUST67019381463,4657.2,4657.2,1,121285.46
CUST67022676789,602.6,602.6,1,481572.34
CUST67022766027,1144.38,1144.38,1,37973.39
CUST67033011069,249.17,249.17,1,195724.01
CUST67035082644,7426.39,7426.39,1,248375.92
CUST67038326585,2919.57,2919.57,1,445219.7
CUST67042093112,3976.28,3976.28,1,378788.4
CUST67046284838,1794.05,1794.05,1,71810.12
CUST67049217868,279.87,279.87,1,117289.41
CUST67051783627,530.6,530.6,1,54122.01
CUST67066699514,320.14,320.14,1,375796.69
CUST67079723690,243.56,243.56,1,192477.71
CUST67082168695,1331.21,1331.21,1,28509.4
CUST67106336018,185.62,185.62,1,71231.29
CUST67111984540,449.22,449.22,1,420548.58
CUST67114469974,142.79,142.79,1,168744.98
CUST67114980377,1173.3,1173.3,1,417837.94
CUST67117698698,99.05,99.05,1,436362.45
CUST67124551261,397.37,397.37,1,163825.59
CUST67125329712,508.33,508.33,1,346930.06
CUST67128324073,655.33,655.33,1,121179.22
CUST67131251438,1979.6,1979.6,1,157528.74
CUST67131524751,1722.34,1722.34,1,431097.09
CUST67133526780,903.88,903.88,1,91289.06
CUST67134115500,798.99,798.99,1,159612.64
CUST67144470738,941.21,941.21,1,383048.53
CUST67145406367,1545.08,1545.08,1,322132.68
CUST67148863467,1461.75,1461.75,1,230221.65
CUST67157002728,271.65,271.65,1,449581.39
CUST67168104526,1851.26,1851.26,1,465133.27
CUST67201418408,83.63,83.63,1,481644.92
CUST67202371344,291.35,291.35,1,36970.0
CUST67203798713,468.04,468.04,1,368129.44
CUST67206245577,1115.74,1115.74,1,198872.28
CUST67207843041,3018.75,3018.75,1,234249.73
CUST67210854455,376.2,376.2,1,67936.57
CUST67211076508,773.87,773.87,1,93536.34
CUST67216167010,1016.57,1016.57,1,473502.08
CUST67218392194,527.96,527.96,1,450026.62
CUST67220219212,109.21,109.21,1,112958.16
CUST67223857914,1782.81,1782.81,1,45481.6
CUST67224171053,1337.08,1337.08,1,72670.83
CUST67226509896,2520.9,2520.9,1,353040.94
CUST67228420298,2209.19,2209.19,1,11729.94
CUST67229256915,357.48,357.48,1,236327.85
CUST67229589675,2309.44,2309.44,1,180730.95
CUST67231438583,977.92,977.92,1,421934.45
CUST67234007532,307.2,307.2,1,446574.01
CUST67234199859,193.99,193.99,1,286200.48
CUST67236730458,656.02,656.02,1,493502.03
CUST67241893039,2082.36,2082.36,1,39101.05
CUST67245332399,93.03,93.03,1,30042.47
CUST67251814413,250.84,250.84,1,68926.29
CUST67258141269,8439.41,8439.41,1,486516.93
CUST67258650993,1225.72,1225.72,1,229164.95
CUST67259447498,2591.19,2591.19,1,467760.85
CUST67261680557,139.79,139.79,1,31562.08
CUST67270635115,3524.43,3524.43,1,451750.71
CUST67277927177,702.76,702.76,1,13369.73
CUST67278951890,1461.8,1461.8,1,325534.19
CUST67283646609,532.42,532.42,1,84087.77
CUST67289137484,650.95,650.95,1,221818.5
CUST67290584358,2267.27,2267.27,1,230817.52
CUST67292415163,354.99,354.99,1,388271.02
CUST67292784465,165.36,165.36,1,196451.92
CUST67296287194,1481.02,1481.02,1,470635.67
CUST67296327990,508.79,508.79,1,10628.32
CUST67297700348,617.44,617.44,1,339262.49
CUST67310650623,258.58,258.58,1,364714.95
CUST67323311389,951.04,951.04,1,89597.41
CUST67323983538,941.71,941.71,1,457357.56
CUST67324075923,484.61,484.61,1,418000.18
CUST67327482823,2727.0,2727.0,1,437648.77
CUST67328437506,277.14,277.14,1,339961.87
CUST67335196532,114.06,114.06,1,97886.55
CUST67340437005,1755.57,1755.57,1,287243.25
CUST67343126956,228.92,228.92,1,167794.28
CUST67346340731,311.63,311.63,1,64141.79
CUST67349969119,603.92,603.92,1,80805.87
CUST67350466135,72192.93,72192.93,1,156434.58
CUST67351690381,845.55,845.55,1,130714.1
CUST67358943058,2160.53,2160.53,1,260559.26
CUST67367140515,3962.8,3962.8,1,494183.1
CUST67368651803,635.43,635.43,1,169488.81
CUST67372740908,5830.06,5830.06,1,213846.45
CUST67378102219,3584.96,3584.96,1,59233.69
CUST67386068035,936.04,936.04,1,343304.98
CUST67392633441,1065.44,1065.44,1,46928.96
CUST67395545582,547.96,547.96,1,433423.02
CUST67397095665,97.89,97.89,1,241311.31
CUST67413552047,2058.24,2058.24,1,322264.12
CUST67414846606,1129.46,1129.46,1,376923.46
CUST67416319598,14188.45,14188.45,1,53099.86
CUST67417326029,387.92,387.92,1,427298.72
CUST67419638624,234.74,234.74,1,400990.06
CUST67422656982,255.83,255.83,1,112362.07
CUST67428430075,799.0,799.0,1,35206.31
CUST67430282287,223.89,223.89,1,337828.71
CUST67438331251,218.88,218.88,1,74326.39
CUST67438639263,2644.7,2644.7,1,173336.99
CUST67451652514,392.76,392.76,1,479409.88
CUST67452369717,205.91,205.91,1,347104.44
CUST67453384595,422.96,422.96,1,284036.98
CUST67454042248,266.33,266.33,1,116448.52
CUST67456461633,1265.59,1265.59,1,90273.72
CUST67464540733,266.33,266.33,1,375492.75
CUST67475955022,6773.07,6773.07,1,401210.5
CUST67480806173,1229.5,1229.5,1,381381.4
CUST67481051640,477.26,477.26,1,51724.93
CUST67489026315,20628.77,20628.77,1,215017.92
CUST67489101392,175.86,175.86,1,396060.44
CUST67495604246,1030.41,1030.41,1,182265.24
CUST67496854316,869.87,869.87,1,136953.94
CUST67499015685,658.18,658.18,1,132882.28
CUST67499817148,459.65,459.65,1,423645.96
CUST67505278797,405.43,405.43,1,329931.27
CUST67508891002,7805.48,7805.48,1,208185.5
CUST67510656878,813.66,813.66,1,242318.16
CUST67519595593,619.98,619.98,1,322533.95
CUST67520464296,2080.58,2080.58,1,152994.79
CUST67524476759,67.13,67.13,1,356377.53
CUST67524772941,450.53,450.53,1,277345.4
CUST67525177348,498.55,498.55,1,219800.09
CUST67528495748,560.45,560.45,1,76248.31
CUST67531485617,1660.12,1660.12,1,246695.84
CUST67533070790,1565.9,1565.9,1,404633.46
CUST67533514130,1795.47,1795.47,1,183735.75
CUST67542420642,10582.09,10582.09,1,323792.38
CUST67543458351,1537.99,1537.99,1,55417.72
CUST67545495226,7019.61,7019.61,1,437768.57
CUST67558228053,4590.43,4590.43,1,315760.91
CUST67561948857,327.64,327.64,1,284060.35
CUST67575797945,279.98,279.98,1,184467.43
CUST67577047282,680.7,680.7,1,447017.0
CUST67579755245,689.65,689.65,1,201534.71
CUST67581097244,1036.53,1036.53,1,16863.09
CUST67587186346,1309.21,1309.21,1,343161.26
CUST67590336681,977.6,977.6,1,34330.24
CUST67593070689,120.78,120.78,1,184926.98
CUST67595923786,1052.31,1052.31,1,435378.26
CUST67596700951,634.29,634.29,1,132180.34
CUST67603660757,9671.74,9671.74,1,156907.49
CUST67606789112,1330.8,1330.8,1,444482.37
CUST67607509546,671.56,671.56,1,215330.85
CUST67607663889,633.3,633.3,1,199163.51
CUST67619262947,119.65,119.65,1,442238.0
CUST67628541458,297.54,297.54,1,259005.8
CUST67630100220,2396.14,2396.14,1,366254.41
CUST67633314387,1538.78,1538.78,1,485346.7
CUST67634566754,625.1,625.1,1,27624.27
CUST67637266291,299.16,299.16,1,219894.5
CUST67641165632,671.52,671.52,1,367041.36
CUST67651076512,354.44,354.44,1,394700.83
CUST67655280910,216.26,216.26,1,282679.37
CUST67658741531,22.53,22.53,1,31433.32
CUST67660864700,2094.05,2094.05,1,152036.9
CUST67660985001,3300.53,3300.53,1,418630.26
CUST67676354870,354.33,354.33,1,31453.75
CUST67678761734,1456.75,1456.75,1,186648.0
CUST67680911541,335.52,335.52,1,58224.41
CUST67683230238,622.71,622.71,1,127074.08
CUST67686389949,215.89,215.89,1,122843.12
CUST67686503493,155.64,155.64,1,16874.86
CUST67689022252,269.13,269.13,1,403554.24
CUST67691492197,1784.18,1784.18,1,101125.24
CUST67697419405,1217.05,1217.05,1,205241.98
CUST67699482587,293.6,293.6,1,476206.39
CUST67701186141,509.8,509.8,1,498771.64
CUST67702960492,2472.61,2472.61,1,63315.06
CUST67707327140,11349.9,11349.9,1,481418.49
CUST67711766988,755.89,755.89,1,530.38
CUST67712789066,266.44,266.44,1,182466.92
CUST67720049002,322.84,322.84,1,106375.65
CUST67733707681,1676.96,1676.96,1,562.94
CUST67733726355,477.58,477.58,1,283853.11
CUST67735195402,284.4,284.4,1,317928.67
CUST67741628621,252.93,252.93,1,222359.91
CUST67741825457,425.52,425.52,1,124117.54
CUST67742963485,646.59,646.59,1,113852.04
CUST67751339297,768.46,768.46,1,211249.23
CUST67758599281,6082.32,6082.32,1,453039.38
CUST67766348459,362.62,362.62,1,19456.45
CUST67767556774,394.2,394.2,1,330232.29
CUST67769721289,75.99,75.99,1,353736.45
CUST67770898214,2226.56,2226.56,1,492331.72
CUST67775504148,1604.11,1604.11,1,2047.06
CUST67782248781,313.6,313.6,1,38383.96
CUST67786459288,27387.6,27387.6,1,391790.55
CUST67789897171,2359.49,2359.49,1,200427.66
CUST67790896025,110.96,110.96,1,491341.88
CUST67794850554,723.17,723.17,1,389007.47
CUST67795457084,179.92,179.92,1,184673.8
CUST67808352255,6430.36,6430.36,1,217866.23
CUST67810974305,845.23,845.23,1,447443.94
CUST67819577990,625.0,625.0,1,400335.29
CUST67827712832,1117.86,1117.86,1,10261.82
CUST67831443913,3438.72,3438.72,1,50043.44
CUST67835738881,2714.99,2714.99,1,496850.56
CUST67839010251,1064.97,1064.97,1,19442.68
CUST67840680519,1018.52,1018.52,1,24026.34
CUST67841153323,1192.87,1192.87,1,124372.84
CUST67859695222,622.86,622.86,1,387189.67
CUST67872969293,482.92,482.92,1,449551.82
CUST67878196169,237.79,237.79,1,251537.01
CUST67885429206,2663.18,2663.18,1,124652.44
CUST67885473181,1201.46,1201.46,1,406522.59
CUST67887454411,4134.05,4134.05,1,203984.56
CUST67888090345,1417.59,1417.59,1,29932.76
CUST67897341806,759.34,759.34,1,230586.7
CUST67898136477,385.76,385.76,1,432443.48
CUST67901669028,533.88,533.88,1,102541.38
CUST67905891756,325.84,325.84,1,234872.04
CUST67913940467,877.38,877.38,1,477230.29
CUST67914490657,5789.62,5789.62,1,239965.74
CUST67921338723,682.5,682.5,1,35466.55
CUST67923283395,400.51,400.51,1,432162.71
CUST67933289546,200.26,200.26,1,377565.03
CUST67956692777,157.83,157.83,1,80308.07
CUST67976775768,520.03,520.03,1,183076.12
CUST67978551276,1313.72,1313.72,1,12487.53
CUST67982224493,625.04,625.04,1,86381.76
CUST67989381549,699.03,699.03,1,222512.17
CUST67993578153,1983.19,1983.19,1,356170.15
CUST67994092090,742.85,742.85,1,71727.4
CUST68010265366,540.78,540.78,1,159468.51
CUST68011686576,142.53,142.53,1,422761.42
CUST68016776111,403.13,403.13,1,319619.77
CUST68022547279,341.48,341.48,1,195544.73
CUST68036931196,490.82,490.82,1,195505.15
CUST68048443453,1199.13,1199.13,1,123117.29
CUST68058650555,325.75,325.75,1,128553.55
CUST68059591064,159.75,159.75,1,403434.16
CUST68062182457,6402.02,6402.02,1,154367.6
CUST68072369716,545.45,545.45,1,416783.72
CUST68085316763,318.44,318.44,1,2644.06
CUST68090961569,455.28,455.28,1,398297.91
CUST68100919863,1202.27,1202.27,1,95129.85
CUST68103545456,777.03,777.03,1,342431.25
CUST68112632421,475.79,475.79,1,261667.76
CUST68122841459,5367.28,5367.28,1,156061.64
CUST68132687628,288.11,288.11,1,161286.61
CUST68140370259,871.49,871.49,1,150590.43
CUST68140524359,8660.71,8660.71,1,259139.63
CUST68147683416,2798.43,2798.43,1,247568.22
CUST68149190594,2468.97,2468.97,1,33825.3
CUST68154683949,143.6,143.6,1,194790.67
CUST68155459474,1433.11,1433.11,1,252188.4
CUST68164669453,171.37,171.37,1,180572.28
CUST68166217822,659.92,659.92,1,489056.3
CUST68173255392,4312.47,4312.47,1,145646.28
CUST68178209758,139.33,139.33,1,203270.82
CUST68182005634,684.41,684.41,1,24735.85
CUST68185107181,61.2,61.2,1,111027.75
CUST68186617454,2328.59,2328.59,1,484294.61
CUST68189118469,133.77,133.77,1,210298.26
CUST68192355563,3337.45,3337.45,1,147895.4
CUST68194707902,673.59,673.59,1,261163.84
CUST68201566346,1683.6,1683.6,1,54373.83
CUST68202650849,750.18,750.18,1,132081.84
CUST68209611187,652.52,652.52,1,267611.45
CUST68210096032,192.39,192.39,1,241712.57
CUST68212711644,27986.55,27986.55,1,470761.49
CUST68219606508,756.59,756.59,1,406921.6
CUST68221160090,1860.68,1860.68,1,143491.1
CUST68221668044,968.75,968.75,1,311568.64
CUST68224436448,9065.95,9065.95,1,356814.66
CUST68225174080,5913.87,5913.87,1,429246.65
CUST68233650455,3526.05,3526.05,1,354115.66
CUST68240538344,243.79,243.79,1,278390.52
CUST68249979355,392.31,392.31,1,472806.93
CUST68254865006,1021.61,1021.61,1,345654.63
CUST68258030426,4888.57,4888.57,1,365752.24
CUST68269102832,364.0,364.0,1,31136.5
CUST68273155151,1402.72,1402.72,1,239271.05
CUST68289010101,266.76,266.76,1,251121.6
CUST68299081916,311.4,311.4,1,117641.24
CUST68304215767,3133.11,3133.11,1,367430.88
CUST68312986420,1767.65,1767.65,1,198018.42
CUST68313962896,3239.57,3239.57,1,103105.92
CUST68316437230,3171.59,3171.59,1,398144.19
CUST68318903735,886.79,886.79,1,488244.68
CUST68320596670,158.11,158.11,1,279975.12
CUST68321090824,4089.98,4089.98,1,249732.7
CUST68323274612,352.19,352.19,1,10339.57
CUST68333614386,3872.87,3872.87,1,326275.74
CUST68337917423,1309.83,1309.83,1,253239.57
CUST68339397880,561.04,561.04,1,384030.2
CUST68339679122,91.64,91.64,1,288571.94
CUST68344242146,12837.8,12837.8,1,347788.72
CUST68346033886,1114.89,1114.89,1,450953.71
CUST68348750625,112.04,112.04,1,118826.97
CUST68359646957,107.0,107.0,1,413553.51
CUST68361931933,299.19,299.19,1,193328.44
CUST68362337825,457.84,457.84,1,433193.05
CUST68367524176,230.91,230.91,1,187796.44
CUST68369991693,2262.02,2262.02,1,314086.29
CUST68374925386,7023.75,7023.75,1,325055.56
CUST68375346032,5800.26,5800.26,1,430750.05
CUST68376003760,102.39,102.39,1,291460.95
CUST68376069296,507.85,507.85,1,470669.06
CUST68377469668,120.91,120.91,1,148962.1
CUST68383902174,487.5,487.5,1,423391.47
CUST68389406290,361.65,361.65,1,270259.44
CUST68391688608,445.52,445.52,1,263377.27
CUST68393684171,1884.18,1884.18,1,355851.2
CUST68401384467,484.14,484.14,1,390858.67
CUST68402545267,517.0,517.0,1,331970.72
CUST68410615380,174.54,174.54,1,160997.77
CUST68411183320,130.89,130.89,1,333933.26
CUST68414915046,660.82,660.82,1,298385.75
CUST68415728922,494.71,494.71,1,76508.15
CUST68418825641,1582.87,1582.87,1,244111.98
CUST68427516077,264.47,264.47,1,70280.2
CUST68430477945,124.48,124.48,1,475350.25
CUST68433468996,644.39,644.39,1,111588.59
CUST68437278670,1296.7,1296.7,1,78067.05
CUST68441198061,373.68,373.68,1,493281.02
CUST68442631818,680.05,680.05,1,8324.65
CUST68443316901,1589.42,1589.42,1,353463.55
CUST68446571812,129.71,129.71,1,190975.12
CUST68451311735,134.73,134.73,1,489153.63
CUST68453183870,6194.19,6194.19,1,131696.93
CUST68456662293,415.75,415.75,1,2399.52
CUST68458459317,1315.1,1315.1,1,174253.82
CUST68463570024,459.64,459.64,1,246500.72
CUST68486614858,679.89,679.89,1,97855.79
CUST68487267193,1371.22,1371.22,1,212954.09
CUST68491805267,278.11,278.11,1,379875.65
CUST68491939891,2850.76,2850.76,1,215410.35
CUST68493122545,533.91,533.91,1,263327.5
CUST68495381323,214.72,214.72,1,215722.8
CUST68506967353,110.78,110.78,1,105669.83
CUST68508635935,12582.15,12582.15,1,391108.09
CUST68511866395,1132.45,1132.45,1,216040.64
CUST68517015725,406.73,406.73,1,136816.31
CUST68518142874,6662.5,6662.5,1,3325.35
CUST68518886097,26182.57,26182.57,1,445835.77
CUST68535028478,300.3,300.3,1,68837.53
CUST68541099027,417.52,417.52,1,328595.6
CUST68552898172,932.1,932.1,1,56447.68
CUST68554170530,455.26,455.26,1,448251.86
CUST68557913616,181.59,181.59,1,464804.42
CUST68561875559,13568.47,13568.47,1,201492.53
CUST68562585479,1267.87,1267.87,1,36415.87
CUST68567392402,78.82,78.82,1,14946.87
CUST68577546839,2220.3,2220.3,1,283976.67
CUST68580703455,802.94,802.94,1,168058.19
CUST68581207844,540.72,540.72,1,272554.34
CUST68583995448,1116.27,1116.27,1,404910.53
CUST68590308230,923.42,923.42,1,276899.41
CUST68595750659,576.96,576.96,1,170900.1
CUST68597367985,3953.12,3953.12,1,104916.26
CUST68605247345,280.69,280.69,1,490765.2
CUST68617863469,1551.52,1551.52,1,65268.79
CUST68619234799,275.12,275.12,1,452906.49
CUST68621227241,2018.03,2018.03,1,411378.44
CUST68644444383,228.12,228.12,1,378721.98
CUST68644479206,337.13,337.13,1,382924.03
CUST68654278548,607.62,607.62,1,417038.54
CUST68657130970,408.21,408.21,1,91190.0
CUST68664792442,1053.19,1053.19,1,241268.29
CUST68669271627,244.04,244.04,1,434311.58
CUST68670261870,348.97,348.97,1,84311.55
CUST68670583874,332.94,332.94,1,27228.75
CUST68677628656,154.38,154.38,1,156219.72
CUST68677824324,912.65,912.65,1,346560.47
CUST68678652794,5031.25,5031.25,1,67250.14
CUST68683582488,490.97,490.97,1,383741.26
CUST68683919457,441.27,441.27,1,185045.88
CUST68686449097,121.92,121.92,1,32188.27
CUST68689540058,674.64,674.64,1,35951.64
CUST68691592839,5416.24,5416.24,1,112954.98
CUST68695196106,629.1,629.1,1,140302.83
CUST68697719980,527.69,527.69,1,340938.65
CUST68700460409,728.18,728.18,1,154175.76
CUST68703700640,755.9,755.9,1,110970.43
CUST68709576365,4618.7,4618.7,1,179072.84
CUST68712859226,416.89,416.89,1,189475.1
CUST68722263897,191.1,191.1,1,6086.82
CUST68728942700,782.84,782.84,1,149587.31
CUST68743126020,14053.52,14053.52,1,344147.09
CUST68743663046,1116.88,1116.88,1,403153.11
CUST68750994939,2595.01,2595.01,1,67848.36
CUST68754830365,948.62,948.62,1,206950.43
CUST68765399485,537.11,537.11,1,154927.82
CUST68767582403,53.61,53.61,1,333587.57
CUST68768042656,2256.07,2256.07,1,444463.61
CUST68772919454,698.02,698.02,1,101314.66
CUST68774595992,720.53,720.53,1,290079.97
CUST68778367682,539.0,539.0,1,314588.73
CUST68783579444,463.73,463.73,1,274927.07
CUST68783600800,81.82,81.82,1,148291.66
CUST68784185486,2748.39,2748.39,1,437676.13
CUST68786749892,1318.71,1318.71,1,341612.47
CUST68786865636,91.98,91.98,1,6127.57
CUST68794417805,307.67,307.67,1,113619.83
CUST68798403236,5960.62,5960.62,1,391285.1
CUST68800266188,1732.45,1732.45,1,404038.48
CUST68803187552,6454.29,6454.29,1,154347.17
CUST68805441803,915.15,915.15,1,459361.76
CUST68809684261,143.4,143.4,1,34289.7
CUST68811519597,297.32,297.32,1,168152.39
CUST68811761308,957.38,957.38,1,252499.5
CUST68816749793,330.73,330.73,1,72519.61
CUST68818909646,421.11,421.11,1,112807.71
CUST68826161312,222.19,222.19,1,418445.51
CUST68829814753,217.35,217.35,1,460265.58
CUST68835040019,560.82,560.82,1,301465.86
CUST68835231682,890.27,890.27,1,229106.1
CUST68838244601,2353.31,2353.31,1,95305.04
CUST68839879120,474.5,474.5,1,168203.72
CUST68842860982,1042.41,1042.41,1,393092.67
CUST68858250623,4933.3,4933.3,1,479351.0
CUST68859560571,3029.12,3029.12,1,37701.56
CUST68862648390,1872.13,1872.13,1,241247.66
CUST68869478457,23.44,23.44,1,428036.52
CUST68872768301,15627.1,15627.1,1,361019.52
CUST68873767406,346.7,346.7,1,422679.4
CUST68873977061,1764.9,1764.9,1,497399.89
CUST68875341217,703.87,703.87,1,130737.94
CUST68876461604,1496.65,1496.65,1,116043.98
CUST68876551016,593.68,593.68,1,283379.06
CUST68880607423,109.66,109.66,1,419183.11
CUST68882931110,1101.63,1101.63,1,432713.92
CUST68883009930,3835.67,3835.67,1,351392.44
CUST68885215806,1034.4,1034.4,1,437333.54
CUST68886327879,2370.07,2370.07,1,304478.77
CUST68886583986,1898.96,1898.96,1,487140.25
CUST68890755367,2791.03,2791.03,1,73761.23
CUST68890811713,133.8,133.8,1,471422.57
CUST68892303050,38.88,38.88,1,263234.56
CUST68895466903,612.66,612.66,1,24865.99
CUST68899714478,934.47,934.47,1,412619.37
CUST68904072167,59.06,59.06,1,343301.58
CUST68906965339,25.77,25.77,1,390029.64
CUST68916208193,1524.57,1524.57,1,118731.65
CUST68922265101,5192.03,5192.03,1,225842.87
CUST68936453220,10206.57,10206.57,1,28742.02
CUST68938279109,1627.84,1627.84,1,10615.42
CUST68939070632,64.22,64.22,1,31474.65
CUST68948465024,542.73,542.73,1,88885.72
CUST68952704920,539.66,539.66,1,182635.2
CUST68958903243,544.16,544.16,1,206836.08
CUST68964215041,106.5,106.5,1,453915.58
CUST68966832129,3317.29,3317.29,1,38330.77
CUST68969993545,710.6,710.6,1,356136.34
CUST68974418915,448.78,448.78,1,403537.79
CUST68977164629,1277.54,1277.54,1,24987.6
CUST68984325920,121.94,121.94,1,270207.02
CUST68991747852,274.2,274.2,1,375264.51
CUST68994780589,4404.51,4404.51,1,352963.13
CUST68998833467,583.88,583.88,1,280419.38
CUST68999716482,781.38,781.38,1,247135.62
CUST69004614397,3504.55,3504.55,1,263055.63
CUST69009183762,325.72,325.72,1,144143.5
CUST69014016913,3879.86,3879.86,1,112153.71
CUST69016288936,2866.24,2866.24,1,23786.89
CUST69020875369,1158.24,1158.24,1,200831.84
CUST69028933903,758.36,758.36,1,304777.33
CUST69031868321,239.58,239.58,1,205492.12
CUST69032028916,344.73,344.73,1,182510.99
CUST69052166513,675.64,675.64,1,185950.17
CUST69083107058,583.94,583.94,1,353267.53
CUST69091002038,631.56,631.56,1,390790.12
CUST69091391849,819.0,819.0,1,244769.99
CUST69097701573,1431.24,1431.24,1,197171.37
CUST69100779398,1079.7,1079.7,1,92150.33
CUST69109553120,543.7,543.7,1,272289.31
CUST69110707698,471.67,471.67,1,369571.8
CUST69111821122,249.19,249.19,1,328021.11
CUST69117869628,425.98,425.98,1,303732.81
CUST69123811352,788.47,788.47,1,417048.37
CUST69137241375,132.7,132.7,1,56496.11
CUST69141501540,1946.25,1946.25,1,495071.84
CUST69141558199,4773.5,4773.5,1,199654.76
CUST69144494895,152.85,152.85,1,248169.68
CUST69144991675,2040.28,2040.28,1,210919.91
CUST69146128139,675.34,675.34,1,410996.68
CUST69156148072,1743.97,1743.97,1,264447.8
CUST69159469602,351.96,351.96,1,365474.09
CUST69171409428,334.95,334.95,1,58445.01
CUST69176318741,26.46,26.46,1,296498.42
CUST69183184370,1056.09,1056.09,1,410277.67
CUST69190858453,359.5,359.5,1,276989.02
CUST69202126678,1110.26,1110.26,1,213275.31
CUST69203744400,6926.59,6926.59,1,151145.18
CUST69204258943,1633.36,1633.36,1,498037.56
CUST69213223952,858.54,858.54,1,59692.08
CUST69213249916,225.53,225.53,1,430316.43
CUST69216635371,1036.24,1036.24,1,53281.23
CUST69229425058,413.01,413.01,1,348307.53
CUST69234511526,216.11,216.11,1,43090.25
CUST69235705246,741.79,741.79,1,312610.03
CUST69237059019,144.11,144.11,1,374041.48
CUST69248665376,1486.96,1486.96,1,413515.39
CUST69249705377,1500.85,1500.85,1,71746.26
CUST69256158844,1047.09,1047.09,1,267899.36
CUST69256360495,832.69,832.69,1,106208.41
CUST69264175196,148.29,148.29,1,238851.09
CUST69264851439,255.27,255.27,1,145020.84
CUST69281603959,1414.78,1414.78,1,228726.1
CUST69282094690,3754.98,3754.98,1,276894.97
CUST69303179295,561.52,561.52,1,263275.96
CUST69304728229,185.93,185.93,1,369753.85
CUST69304906882,840.07,840.07,1,338166.0
CUST69307378338,201.23,201.23,1,277575.49
CUST69307792949,427.15,427.15,1,69675.88
CUST69310470310,123.27,123.27,1,223635.73
CUST69325313623,5744.32,5744.32,1,23970.05
CUST69327234182,1182.75,1182.75,1,89195.96
CUST69335730182,641.23,641.23,1,137375.66
CUST69338409549,124.56,124.56,1,148354.46
CUST69339892794,616.32,616.32,1,412507.67
CUST69340886859,186.93,186.93,1,486663.11
CUST69345363903,130.81,130.81,1,150393.9
CUST69352030478,120.73,120.73,1,21037.89
CUST69368550827,964.97,964.97,1,248833.1
CUST69369266230,359.55,359.55,1,466112.53
CUST69374060860,308.29,308.29,1,224944.46
CUST69377765365,235.92,235.92,1,91320.65
CUST69381992624,1704.54,1704.54,1,190915.34
CUST69391864894,358.17,358.17,1,91760.75
CUST69400921248,634.56,634.56,1,179654.98
CUST69401137185,869.61,869.61,1,146929.37
CUST69403080062,3346.5,3346.5,1,102705.38
CUST69404888065,2580.29,2580.29,1,142244.13
CUST69406424611,270.59,270.59,1,456983.26
CUST69407582620,979.77,979.77,1,399295.89
CUST69408580991,389.42,389.42,1,318227.1
CUST69411815182,745.87,745.87,1,31324.72
CUST69412535618,1998.06,1998.06,1,249494.82
CUST69413357007,14704.55,14704.55,1,102814.27
CUST69413874324,2001.7,2001.7,1,168268.13
CUST69415943413,1682.12,1682.12,1,91459.3
CUST69422477585,459.89,459.89,1,355376.55
CUST69429961071,338.03,338.03,1,435116.06
CUST69444037606,1651.97,1651.97,1,314379.93
CUST69451228635,274.49,274.49,1,366250.96
CUST69451469276,558.73,558.73,1,51521.29
CUST69451829127,787.55,787.55,1,326247.56
CUST69452531320,1755.42,1755.42,1,421939.06
CUST69465464057,248.57,248.57,1,48497.58
CUST69468955081,174.56,174.56,1,76235.96
CUST69474508358,325.98,325.98,1,198386.84
CUST69475115654,311.25,311.25,1,340559.1
CUST69478683869,590.73,590.73,1,351159.19
CUST69479689230,1098.66,1098.66,1,373455.28
CUST69480824175,89.95,89.95,1,306428.6
CUST69484582783,471.0,471.0,1,377482.18
CUST69485381889,290.35,290.35,1,192681.31
CUST69487451798,492.21,492.21,1,81294.19
CUST69488022579,978.47,978.47,1,115274.56
CUST69489608022,40675.92,40675.92,1,66958.96
CUST69492554839,609.31,609.31,1,137874.33
CUST69495993244,271.52,271.52,1,151147.36
CUST69496395490,1028.46,1028.46,1,233701.68
CUST69507675846,2977.4,2977.4,1,49541.49
CUST69508543773,2377.99,2377.99,1,192733.09
CUST69517710435,1208.11,1208.11,1,155284.28
CUST69518775114,412.09,412.09,1,281423.11
CUST69527952898,4230.23,4230.23,1,13802.5
CUST69529337485,553.94,553.94,1,448516.97
CUST69529708256,104.59,104.59,1,61071.71
CUST69534444638,675.87,675.87,1,74755.67
CUST69536869220,156.46,156.46,1,131663.54
CUST69546045044,826.65,826.65,1,235152.6
CUST69546755498,188.42,188.42,1,169583.85
CUST69563006564,1926.89,1926.89,1,408813.64
CUST69573897093,588.93,588.93,1,159927.28
CUST69587631532,264.69,264.69,1,218016.49
CUST69597388289,853.89,853.89,1,226563.43
CUST69601576537,359.84,359.84,1,440577.85
CUST69603174318,87.9,87.9,1,64554.4
CUST69604553742,10021.71,10021.71,1,297670.25
CUST69605460721,963.24,963.24,1,473765.61
CUST69606236679,487.06,487.06,1,123324.1
CUST69608486214,424.61,424.61,1,188237.36
CUST69611683437,311.4,311.4,1,443381.81
CUST69622143812,84.63,84.63,1,185800.08
CUST69629081576,1156.67,1156.67,1,389102.89
CUST69633801444,3250.78,3250.78,1,421584.88
CUST69651130011,201.29,201.29,1,94526.58
CUST69663667085,131.25,131.25,1,268403.78
CUST69671173572,622.89,622.89,1,179811.65
CUST69673334190,296.12,296.12,1,154742.93
CUST69676703725,818.52,818.52,1,10716.51
CUST69680473579,10886.85,10886.85,1,266412.35
CUST69682899459,378.9,378.9,1,20921.69
CUST69684707330,9820.0,9820.0,1,475654.36
CUST69691082153,265.92,265.92,1,261156.02
CUST69693285694,48.07,48.07,1,24687.37
CUST69696159084,169.43,169.43,1,104355.84
CUST69700278163,632.16,632.16,1,374773.52
CUST69700773991,1312.8,1312.8,1,377413.59
CUST69701872400,826.7,826.7,1,27118.07
CUST69703258397,450.54,450.54,1,257344.41
CUST69703926776,1141.66,1141.66,1,366220.16
CUST69704111822,160.46,160.46,1,209808.1
CUST69706657575,47.24,47.24,1,51768.1
CUST69708705720,563.64,563.64,1,381702.61
CUST69715250078,6843.89,6843.89,1,152580.67
CUST69716072445,478.35,478.35,1,483058.43
CUST69718919522,329.07,329.07,1,52782.55
CUST69723225683,81.34,81.34,1,347326.63
CUST69725297036,242.29,242.29,1,403967.84
CUST69733725375,669.54,669.54,1,391598.74
CUST69740150574,1129.88,1129.88,1,153420.28
CUST69740731282,3950.45,3950.45,1,123842.14
CUST69740732336,2854.29,2854.29,1,66615.12
CUST69746642273,1465.31,1465.31,1,357640.1
CUST69751629362,1390.11,1390.11,1,110749.44
CUST69769290499,2652.43,2652.43,1,30222.6
CUST69779854560,553.38,553.38,1,311574.41
CUST69782816707,115.49,115.49,1,469920.64
CUST69784572619,1607.27,1607.27,1,320961.05
CUST69785739268,1111.98,1111.98,1,206834.84
CUST69787460155,948.11,948.11,1,314966.73
CUST69790950411,82.91,82.91,1,457052.87
CUST69792139994,1450.94,1450.94,1,436333.86
CUST69795495003,486.99,486.99,1,227406.48
CUST69798424012,391.97,391.97,1,406768.59
CUST69798582051,4066.03,4066.03,1,274174.75
CUST69801544459,562.5,562.5,1,414996.49
CUST69810680434,477.79,477.79,1,407160.86
CUST69811035817,473.67,473.67,1,471976.82
CUST69819192453,795.0,795.0,1,116397.95
CUST69821475853,140.39,140.39,1,388419.01
CUST69821804973,1082.26,1082.26,1,391773.7
CUST69839143562,4050.3,4050.3,1,499744.65
CUST69843934513,3459.04,3459.04,1,410573.58
CUST69851308411,556.84,556.84,1,332611.13
CUST69852878174,858.67,858.67,1,63291.81
CUST69853751481,539.27,539.27,1,1587.07
CUST69855429172,1100.66,1100.66,1,330599.0
CUST69858452989,480.88,480.88,1,123454.7
CUST69858800219,50.63,50.63,1,282176.62
CUST69862783327,3808.34,3808.34,1,232905.64
CUST69869098778,714.86,714.86,1,53917.58
CUST69869478586,4233.19,4233.19,1,496417.39
CUST69876700362,110.79,110.79,1,126834.61
CUST69885109265,716.71,716.71,1,323390.65
CUST69888691345,1521.86,1521.86,1,321549.72
CUST69900414298,415.72,415.72,1,270234.18
CUST69908367197,712.58,712.58,1,226856.91
CUST69909182550,327.27,327.27,1,151253.54
CUST69911667615,2179.77,2179.77,1,478244.73
CUST69914251826,1868.21,1868.21,1,250031.08
CUST69915696754,667.34,667.34,1,60762.05
CUST69918682482,2363.45,2363.45,1,209538.56
CUST69923275702,163.38,163.38,1,32523.34
CUST69926030812,2668.94,2668.94,1,142715.64
CUST69931921938,185.97,185.97,1,9817.39
CUST69933317382,749.57,749.57,1,159677.11
CUST69936341946,191.01,191.01,1,240654.37
CUST69936648613,356.75,356.75,1,32370.52
CUST69940631411,834.58,834.58,1,320806.48
CUST69945736168,1663.64,1663.64,1,410162.35
CUST69951618360,217.55,217.55,1,157918.26
CUST69952041254,224.97,224.97,1,251235.72
CUST69954239751,329.35,329.35,1,390662.09
CUST69957375275,574.63,574.63,1,159101.85
CUST69959437706,98.08,98.08,1,306407.41
CUST69960987446,2025.19,2025.19,1,85928.59
CUST69963750670,194.25,194.25,1,295136.64
CUST69971683994,396.36,396.36,1,119818.25
CUST69974004751,956.65,956.65,1,47275.32
CUST69984170470,770.47,770.47,1,444301.75
CUST69987569690,787.93,787.93,1,181818.58
CUST69994822789,937.83,937.83,1,324600.57
CUST70000038214,981.45,981.45,1,43975.97
CUST70002143087,774.78,774.78,1,392182.9
CUST70003165018,731.71,731.71,1,84063.3
CUST70006580478,1057.45,1057.45,1,310516.98
CUST70029045598,20538.72,20538.72,1,468367.88
CUST70030501194,507.57,507.57,1,21095.08
CUST70037790629,127.17,127.17,1,11215.74
CUST70044693042,56.03,56.03,1,459416.09
CUST70046313179,243.41,243.41,1,352082.28
CUST70049028039,3093.74,3093.74,1,225564.2
CUST70054291155,300.29,300.29,1,102758.25
CUST70054383417,336.61,336.61,1,215399.89
CUST70054651859,1651.99,1651.99,1,234017.26
CUST70054835256,107.05,107.05,1,4301.15
CUST70062409015,2688.8,2688.8,1,330056.08
CUST70064465122,491.67,491.67,1,460571.12
CUST70069252466,247.02,247.02,1,407082.68
CUST70072682023,933.67,933.67,1,86723.43
CUST70074910913,132.61,132.61,1,199696.89
CUST70079679621,385.72,385.72,1,357252.77
CUST70081968430,418.76,418.76,1,44822.45
CUST70084815844,290.01,290.01,1,243801.01
CUST70086334185,296.77,296.77,1,235652.83
CUST70093315064,104.42,104.42,1,407876.7
CUST70094519773,807.57,807.57,1,473817.84
CUST70103478649,1011.48,1011.48,1,171693.72
CUST70129416662,3404.42,3404.42,1,241894.79
CUST70132813843,1146.76,1146.76,1,63990.41
CUST70140261722,900.03,900.03,1,178814.82
CUST70144090456,482.03,482.03,1,107151.15
CUST70147291248,212.78,212.78,1,414519.37
CUST70150801996,517.91,517.91,1,174765.05
CUST70151597229,107.23,107.23,1,103700.92
CUST70152512133,376.91,376.91,1,149715.9
CUST70152718338,2263.78,2263.78,1,282866.51
CUST70153445094,1213.94,1213.94,1,427362.02
CUST70155638956,765.74,765.74,1,325882.31
CUST70156906879,3427.48,3427.48,1,50823.97
CUST70156939992,28032.4,28032.4,1,254159.84
CUST70157795977,597.9,597.9,1,107408.47
CUST70163649029,1750.29,1750.29,1,36427.71
CUST70174369625,1015.81,1015.81,1,82726.97
CUST70178953960,77.56,77.56,1,178259.36
CUST70188845587,31.12,31.12,1,216130.45
CUST70195314844,35.17,35.17,1,295026.85
CUST70212076503,3580.19,3580.19,1,97049.28
CUST70214895979,157.27,157.27,1,496402.95
CUST70219250696,131.16,131.16,1,276999.71
CUST70223857984,159.39,159.39,1,334841.04
CUST70228654902,1095.54,1095.54,1,345486.22
CUST70231114039,1160.11,1160.11,1,299353.33
CUST70237848411,21805.46,21805.46,1,359369.53
CUST70241875701,169.01,169.01,1,204410.95
CUST70256127450,2673.51,2673.51,1,52867.53
CUST70257372939,2385.88,2385.88,1,424176.3
CUST70260376919,785.52,785.52,1,85157.79
CUST70261863854,285.51,285.51,1,213024.78
CUST70265001900,9883.81,9883.81,1,468641.82
CUST70265759714,2264.41,2264.41,1,382343.54
CUST70269971839,910.38,910.38,1,91875.3
CUST70274172252,474.24,474.24,1,497454.0
CUST70287494288,868.13,868.13,1,472348.7
CUST70288400988,128.35,128.35,1,251244.72
CUST70290664556,569.86,569.86,1,310158.73
CUST70299449141,2277.41,2277.41,1,124032.39
CUST70302614212,7307.24,7307.24,1,397844.31
CUST70304175066,3636.22,3636.22,1,339074.15
CUST70312078349,8410.34,8410.34,1,229776.81
CUST70330221406,85.23,85.23,1,309139.37
CUST70332928700,572.82,572.82,1,500336.2
CUST70335926339,1027.09,1027.09,1,444193.19
CUST70341570119,281.45,281.45,1,331766.79
CUST70341655427,693.86,693.86,1,413458.27
CUST70346503086,58.73,58.73,1,56723.62
CUST70346771098,778.15,778.15,1,396978.44
CUST70347761476,271.21,271.21,1,487814.38
CUST70350609867,2035.37,2035.37,1,492672.7
CUST70350728430,612.01,612.01,1,104619.89
CUST70351942987,446.39,446.39,1,430966.97
CUST70352801892,158.42,158.42,1,141680.47
CUST70357488830,2050.39,2050.39,1,168913.49
CUST70358447403,277.91,277.91,1,93664.67
CUST70359705458,744.48,744.48,1,302565.43
CUST70361783606,1611.71,1611.71,1,409488.5
CUST70363924975,3585.69,3585.69,1,74048.35
CUST70369091972,2470.7,2470.7,1,200993.91
CUST70371416784,665.68,665.68,1,368624.56
CUST70373271371,366.15,366.15,1,159261.62
CUST70376641097,1041.11,1041.11,1,438948.07
CUST70378084157,3271.26,3271.26,1,465430.13
CUST70382287605,432.23,432.23,1,193183.13
CUST70382357018,1679.99,1679.99,1,143006.98
CUST70393894014,328.46,328.46,1,58137.62
CUST70404606820,1202.9,1202.9,1,304469.06
CUST70406186532,714.44,714.44,1,445459.46
CUST70406736425,431.79,431.79,1,107152.3
CUST70414435538,10606.34,10606.34,1,24998.03
CUST70416733449,91.77,91.77,1,338465.32
CUST70417947268,2420.43,2420.43,1,215848.51
CUST70418249983,383.05,383.05,1,157803.9
CUST70422134123,7672.86,7672.86,1,6544.52
CUST70424665862,327.47,327.47,1,325085.61
CUST70427319961,1470.16,1470.16,1,288748.18
CUST70448444152,2738.25,2738.25,1,35385.5
CUST70451193707,2758.02,2758.02,1,399594.99
CUST70452887749,3641.13,3641.13,1,235763.88
CUST70454022526,5990.22,5990.22,1,461649.92
CUST70457748506,418.28,418.28,1,201211.69
CUST70476855839,1103.68,1103.68,1,255864.49
CUST70479579121,777.27,777.27,1,309856.0
CUST70481511669,183.66,183.66,1,319825.92
CUST70482925760,899.28,899.28,1,286386.17
CUST70485545159,988.3,988.3,1,186752.43
CUST70491176252,108.0,108.0,1,56380.74
CUST70492062279,256.32,256.32,1,400569.11
CUST70493937432,33.83,33.83,1,232167.42
CUST70496976687,483.72,483.72,1,115207.52
CUST70502376177,64.19,64.19,1,464705.59
CUST70503708971,744.92,744.92,1,327625.61
CUST70504251812,1153.83,1153.83,1,11938.08
CUST70511364419,18560.16,18560.16,1,114699.35
CUST70512069170,319.74,319.74,1,142506.54
CUST70516239989,144.26,144.26,1,205409.29
CUST70517172353,83.52,83.52,1,286609.57
CUST70519071606,522.68,522.68,1,99532.59
CUST70532687438,595.99,595.99,1,360736.28
CUST70532789724,85.42,85.42,1,248932.81
CUST70535663055,898.16,898.16,1,76587.83
CUST70539627820,3001.2,3001.2,1,118813.53
CUST70546707120,977.68,977.68,1,313728.02
CUST70551734931,2377.45,2377.45,1,95939.32
CUST70567534023,177.3,177.3,1,188898.81
CUST70570901684,441.81,441.81,1,297010.13
CUST70574821736,385.45,385.45,1,350743.51
CUST70584555546,7875.07,7875.07,1,69138.22
CUST70586716751,687.49,687.49,1,472643.74
CUST70590546068,1036.32,1036.32,1,348133.6
CUST70592515419,136.6,136.6,1,250861.82
CUST70593306285,311.6,311.6,1,153507.5
CUST70594705561,596.07,596.07,1,186400.03
CUST70596654920,365.8,365.8,1,9880.56
CUST70598947711,6374.15,6374.15,1,195994.3
CUST70600593514,303.05,303.05,1,488631.22
CUST70603011816,314.43,314.43,1,243434.73
CUST70606060923,928.76,928.76,1,35367.58
CUST70613787679,613.33,613.33,1,405359.34
CUST70615949911,585.44,585.44,1,343780.28
CUST70627089116,640.78,640.78,1,157475.78
CUST70633712947,12241.9,12241.9,1,353961.98
CUST70641999738,305.56,305.56,1,411442.24
CUST70643969063,76.15,76.15,1,421659.28
CUST70645271862,3365.5,3365.5,1,367916.53
CUST70656835806,227.91,227.91,1,342162.17
CUST70660244189,1021.69,1021.69,1,5165.21
CUST70662516147,314.35,314.35,1,211197.39
CUST70666045725,581.97,581.97,1,382497.36
CUST70671820236,232.79,232.79,1,42026.83
CUST70672367723,1056.0,1056.0,1,99905.95
CUST70674863637,645.41,645.41,1,62868.38
CUST70678239768,223.65,223.65,1,101534.84
CUST70679537066,95.47,95.47,1,26227.8
CUST70680266613,3096.68,3096.68,1,278661.7
CUST70684173313,110.63,110.63,1,96329.52
CUST70689535396,148.76,148.76,1,269245.75
CUST70694973305,4038.81,4038.81,1,34016.99
CUST70698192975,417.37,417.37,1,305015.59
CUST70698269569,2259.89,2259.89,1,496111.5
CUST70703813856,515.17,515.17,1,340957.29
CUST70710788847,397.82,397.82,1,456652.44
CUST70713413657,243.89,243.89,1,35699.98
CUST70721338633,262.67,262.67,1,42172.36
CUST70726628996,863.81,863.81,1,214354.33
CUST70726763020,699.36,699.36,1,359684.51
CUST70727812683,40770.7,40770.7,1,176837.78
CUST70729006366,2643.78,2643.78,1,256028.45
CUST70730270209,2824.28,2824.28,1,59941.3
CUST70734178473,105.6,105.6,1,426108.39
CUST70734549398,970.63,970.63,1,102510.01
CUST70734686070,401.62,401.62,1,486195.85
CUST70738495212,239.45,239.45,1,88696.76
CUST70741928088,309.69,309.69,1,47396.1
CUST70744492470,3364.43,3364.43,1,99354.93
CUST70755548384,2105.48,2105.48,1,336137.75
CUST70755906389,628.83,628.83,1,381463.12
CUST70756160888,651.51,651.51,1,104525.62
CUST70756513707,1494.18,1494.18,1,487915.78
CUST70756617497,3815.23,3815.23,1,281192.85
CUST70761465359,428.7,428.7,1,4730.4
CUST70763165122,3432.93,3432.93,1,400227.15
CUST70764788925,228.66,228.66,1,239368.36
CUST70770266328,158.33,158.33,1,161129.07
CUST70771217495,234.58,234.58,1,66215.15
CUST70779144498,276.95,276.95,1,418650.81
CUST70779288929,39.31,39.31,1,127851.07
CUST70779932866,3222.92,3222.92,1,186484.06
CUST70783635821,4294.22,4294.22,1,129290.3
CUST70785159059,411.29,411.29,1,263037.33
CUST70792957576,219.74,219.74,1,19300.68
CUST70793333381,741.44,741.44,1,337509.25
CUST70796133503,841.2,841.2,1,72649.59
CUST70798372502,2793.58,2793.58,1,300437.8
CUST70800336936,251.26,251.26,1,74099.23
CUST70803034504,3959.39,3959.39,1,168477.55
CUST70804756380,277.6,277.6,1,119971.68
CUST70807560654,5946.77,5946.77,1,433341.38
CUST70810392314,852.55,852.55,1,450719.56
CUST70819936386,284.7,284.7,1,369361.8
CUST70821005366,364.91,364.91,1,271927.45
CUST70822494191,2529.1,2529.1,1,16158.67
CUST70824120824,876.92,876.92,1,28215.98
CUST70831072203,3464.91,3464.91,1,148377.22
CUST70831428183,129.41,129.41,1,4881.47
CUST70833039496,3908.35,3908.35,1,28518.3
CUST70838322184,478.44,478.44,1,490598.54
CUST70849380377,1150.57,1150.57,1,57952.12
CUST70849660367,14471.72,14471.72,1,385358.37
CUST70853690645,922.24,922.24,1,45243.41
CUST70858332709,851.81,851.81,1,122656.69
CUST70859638566,47476.27,47476.27,1,316687.97
CUST70862542808,614.36,614.36,1,198077.11
CUST70863373798,3395.13,3395.13,1,227795.62
CUST70872580810,853.36,853.36,1,451797.24
CUST70877137746,1243.49,1243.49,1,228568.89
CUST70880303977,891.31,891.31,1,198356.05
CUST70885541960,485.18,485.18,1,156218.47
CUST70902665836,619.03,619.03,1,288831.36
CUST70903739793,1388.19,1388.19,1,368407.34
CUST70906477484,422.33,422.33,1,338269.0
CUST70914466411,829.57,829.57,1,73816.26
CUST70917263023,1910.11,1910.11,1,479076.18
CUST70917863948,2046.87,2046.87,1,259716.43
CUST70918026554,237.05,237.05,1,204195.73
CUST70918883184,1056.66,1056.66,1,224230.25
CUST70921947242,3661.96,3661.96,1,431607.78
CUST70926960458,1361.51,1361.51,1,154669.4
CUST70928047259,687.5,687.5,1,316014.06
CUST70928226407,4544.09,4544.09,1,200575.64
CUST70928679161,169.64,169.64,1,216930.44
CUST70931544439,361.03,361.03,1,292637.79
CUST70941738019,2003.58,2003.58,1,49316.52
CUST70942765139,307.22,307.22,1,370846.91
CUST70944204439,582.38,582.38,1,116699.35
CUST70953028449,2123.26,2123.26,1,325006.71
CUST70956043651,3643.37,3643.37,1,395869.18
CUST70967416615,469.3,469.3,1,385168.35
CUST70976180774,2191.62,2191.62,1,18660.89
CUST71019577727,212.38,212.38,1,493561.82
CUST71022102840,4142.42,4142.42,1,118018.54
CUST71025356841,645.96,645.96,1,205656.51
CUST71028941333,625.08,625.08,1,365127.39
CUST71033511648,78.73,78.73,1,128166.68
CUST71036270344,70.77,70.77,1,173588.28
CUST71040070574,383.66,383.66,1,107022.53
CUST71040592507,291.77,291.77,1,45607.3
CUST71042415561,2389.9,2389.9,1,125789.52
CUST71045063277,711.76,711.76,1,219132.23
CUST71056183417,294.27,294.27,1,91894.71
CUST71057368152,464.51,464.51,1,374214.25
CUST71057885318,178.21,178.21,1,7058.17
CUST71058920533,1135.54,1135.54,1,344255.82
CUST71062996760,1734.57,1734.57,1,409499.95
CUST71066425744,1471.27,1471.27,1,31009.26
CUST71073745712,786.8,786.8,1,425574.36
CUST71077718202,2953.14,2953.14,1,198352.4
CUST71081994674,1109.92,1109.92,1,250934.3
CUST71087581451,2740.26,2740.26,1,180107.28
CUST71091175279,1722.56,1722.56,1,6715.76
CUST71094137574,792.22,792.22,1,230046.73
CUST71111456594,375.93,375.93,1,296844.7
CUST71112362200,598.26,598.26,1,8745.58
CUST71113687707,208.24,208.24,1,60331.58
CUST71122368011,631.5,631.5,1,128058.66
CUST71125522024,1472.17,1472.17,1,270118.27
CUST71126122997,2003.04,2003.04,1,121108.56
CUST71128344079,501.02,501.02,1,146792.5
CUST71128795931,1761.68,1761.68,1,379886.77
CUST71141773209,451.46,451.46,1,320899.8
CUST71144630216,644.89,644.89,1,413444.17
CUST71146978248,92.19,92.19,1,371528.87
CUST71150243058,1010.92,1010.92,1,430295.72
CUST71151737538,137.48,137.48,1,300888.22
CUST71152517355,10775.42,10775.42,1,162903.48
CUST71162051195,1609.74,1609.74,1,442613.36
CUST71173690168,1273.58,1273.58,1,24470.92
CUST71186188839,732.54,732.54,1,59959.89
CUST71192334953,559.3,559.3,1,228917.43
CUST71201868261,284.46,284.46,1,275977.84
CUST71204065336,4156.95,4156.95,1,261542.18
CUST71210118861,1668.28,1668.28,1,183582.76
CUST71210880151,4316.18,4316.18,1,248065.65
CUST71212569647,4087.58,4087.58,1,4810.41
CUST71213909142,1447.7,1447.7,1,455705.27
CUST71215620450,1238.97,1238.97,1,317847.99
CUST71227291468,319.41,319.41,1,352521.23
CUST71253539295,1090.3,1090.3,1,260221.51
CUST71262002786,564.1,564.1,1,165922.57
CUST71267991036,650.35,650.35,1,230645.56
CUST71270504373,168.27,168.27,1,147019.11
CUST71273227119,195.8,195.8,1,247424.27
CUST71276601567,537.9,537.9,1,216093.74
CUST71278608181,2581.1,2581.1,1,79368.43
CUST71287554938,2309.51,2309.51,1,25913.55
CUST71290556403,1336.19,1336.19,1,355197.21
CUST71295174832,813.49,813.49,1,114917.4
CUST71298518431,2419.66,2419.66,1,425064.44
CUST71303187314,12485.94,12485.94,1,422756.4
CUST71305731698,441.22,441.22,1,283899.68
CUST71320747707,178.75,178.75,1,394636.17
CUST71325829932,1122.51,1122.51,1,62448.82
CUST71329012764,77.55,77.55,1,373689.93
CUST71329336984,202.73,202.73,1,127302.03
CUST71344622453,202.19,202.19,1,424275.18
CUST71362687905,7456.85,7456.85,1,459689.72
CUST71365753295,174.3,174.3,1,254678.8
CUST71367779155,152.67,152.67,1,101332.44
CUST71373037171,656.73,656.73,1,64418.66
CUST71377687068,469.99,469.99,1,455748.39
CUST71381958303,108.73,108.73,1,71340.46
CUST71382886561,934.29,934.29,1,385666.55
CUST71383313063,327.31,327.31,1,495412.74
CUST71384884218,1220.45,1220.45,1,178482.85
CUST71386346774,425.62,425.62,1,498666.15
CUST71391070825,1115.42,1115.42,1,195944.26
CUST71397920030,164.91,164.91,1,92434.64
CUST71407263744,239.69,239.69,1,490380.03
CUST71407880645,176.54,176.54,1,59348.88
CUST71408440553,851.7,851.7,1,213530.93
CUST71413666268,1767.7,1767.7,1,198221.85
CUST71416316717,1107.08,1107.08,1,416235.85
CUST71417459494,218.49,218.49,1,391371.52
CUST71419122919,800.25,800.25,1,406874.73
CUST71420973673,6104.1,6104.1,1,322615.87
CUST71422423264,128.0,128.0,1,301653.22
CUST71422752631,157.4,157.4,1,423930.52
CUST71424091703,1323.96,1323.96,1,69607.97
CUST71433115916,414.52,414.52,1,327558.74
CUST71441065713,139.37,139.37,1,181512.81
CUST71448227702,693.23,693.23,1,436086.83
CUST71450547271,310.65,310.65,1,372117.72
CUST71479799222,6274.69,6274.69,1,88468.64
CUST71482706963,610.38,610.38,1,393358.28
CUST71497972531,692.17,692.17,1,80148.49
CUST71501123215,1324.51,1324.51,1,248443.36
CUST71503525903,1338.81,1338.81,1,20812.21
CUST71508622281,37.83,37.83,1,483260.19
CUST71509517978,286.07,286.07,1,256111.71
CUST71511449867,2998.91,2998.91,1,68429.18
CUST71517362202,1424.84,1424.84,1,247215.94
CUST71517642673,1206.79,1206.79,1,446666.62
CUST71525682329,248.79,248.79,1,156213.07
CUST71526123136,7651.11,7651.11,1,499053.82
CUST71526167845,405.3,405.3,1,351697.71
CUST71526414486,845.2,845.2,1,230764.98
CUST71526734805,3098.4,3098.4,1,192942.56
CUST71528053288,183.87,183.87,1,278731.24
CUST71537097101,418.12,418.12,1,224565.92
CUST71537859667,2181.37,2181.37,1,333170.11
CUST71537877522,2192.89,2192.89,1,209496.89
CUST71544875103,75.62,75.62,1,322342.46
CUST71553005404,310.48,310.48,1,184723.37
CUST71554950187,2393.81,2393.81,1,287745.5
CUST71559244861,1693.73,1693.73,1,113811.09
CUST71559262088,378.28,378.28,1,233474.22
CUST71562486462,210.18,210.18,1,381478.23
CUST71563195471,565.68,565.68,1,259820.85
CUST71566569048,340.79,340.79,1,473529.91
CUST71569821628,471.43,471.43,1,51021.57
CUST71570843485,764.81,764.81,1,66098.31
CUST71574390902,763.75,763.75,1,361543.3
CUST71574753332,353.35,353.35,1,297467.1
CUST71575329107,1960.7,1960.7,1,35875.65
CUST71576121762,356.61,356.61,1,489928.45
CUST71576404051,10604.99,10604.99,1,268798.39
CUST71576707695,93.88,93.88,1,108695.01
CUST71578972132,189.99,189.99,1,187007.18
CUST71580082272,318.99,318.99,1,226146.21
CUST71580516131,809.69,809.69,1,280822.61
CUST71588489097,76.96,76.96,1,24330.96
CUST71601391623,218.93,218.93,1,210558.74
CUST71603002323,3683.5,3683.5,1,172946.42
CUST71607489179,225.67,225.67,1,176817.28
CUST71608896738,1037.05,1037.05,1,35078.36
CUST71615321335,2931.86,2931.86,1,282863.11
CUST71616040840,2302.29,2302.29,1,45082.16
CUST71616058708,360.83,360.83,1,446648.09
CUST71617294480,336.05,336.05,1,417936.5
CUST71620759383,2850.79,2850.79,1,179378.8
CUST71622001688,125.36,125.36,1,9950.75
CUST71624751909,962.37,962.37,1,361225.08
CUST71627824132,17219.04,17219.04,1,345293.29
CUST71635394016,811.86,811.86,1,167543.57
CUST71640932501,2014.74,2014.74,1,182493.5
CUST71644334036,3773.23,3773.23,1,479440.35
CUST71647804306,1714.14,1714.14,1,399355.55
CUST71650905697,710.21,710.21,1,49679.13
CUST71651967333,202.46,202.46,1,161911.07
CUST71655948235,1042.16,1042.16,1,173922.81
CUST71658027282,3341.98,3341.98,1,339541.36
CUST71661113802,2609.08,2609.08,1,403664.73
CUST71664984047,1197.64,1197.64,1,152669.97
CUST71665570847,6753.11,6753.11,1,295077.49
CUST71677555792,302.44,302.44,1,34910.66
CUST71689061626,4013.41,4013.41,1,10952.53
CUST71692130254,29584.96,29584.96,1,484724.89
CUST71694604504,61.08,61.08,1,178268.23
CUST71697720512,3418.67,3418.67,1,241658.27
CUST71699369599,956.97,956.97,1,249336.11
CUST71700367221,71.76,71.76,1,61186.75
CUST71711524340,674.92,674.92,1,144651.95
CUST71714690760,419.46,419.46,1,467812.26
CUST71714836123,616.94,616.94,1,242057.17
CUST71719100746,2362.39,2362.39,1,282313.07
CUST71720462483,824.8,824.8,1,362354.81
CUST71721565675,1059.26,1059.26,1,176518.07
CUST71724545271,5436.28,5436.28,1,179909.78
CUST71736197916,5228.69,5228.69,1,20516.54
CUST71738670156,701.8,701.8,1,90397.06
CUST71746598665,11752.42,11752.42,1,55926.42
CUST71747694179,1837.16,1837.16,1,673.34
CUST71750571330,279.49,279.49,1,406858.06
CUST71751773662,225.91,225.91,1,67226.47
CUST71755686567,699.75,699.75,1,172337.37
CUST71766025740,366.55,366.55,1,242837.14
CUST71770552944,607.72,607.72,1,191481.39
CUST71776506982,3419.29,3419.29,1,168688.53
CUST71780001924,587.37,587.37,1,162393.38
CUST71784881740,456.87,456.87,1,308690.89
CUST71785617544,135.49,135.49,1,300329.08
CUST71788581184,722.41,722.41,1,37773.59
CUST71795524790,834.21,834.21,1,23695.3
CUST71796129501,480.5,480.5,1,129584.83
CUST71802144290,748.5,748.5,1,488933.68
CUST71804590940,396.56,396.56,1,135161.31
CUST71811402809,510.9,510.9,1,193329.05
CUST71813713412,157.38,157.38,1,247624.26
CUST71815266481,139.8,139.8,1,160652.98
CUST71816472149,123.84,123.84,1,321730.39
CUST71816941247,933.04,933.04,1,448224.77
CUST71821106705,4782.45,4782.45,1,489655.74
CUST71821270887,2454.02,2454.02,1,262062.6
CUST71834798205,535.65,535.65,1,191739.15
CUST71837177936,89.66,89.66,1,232145.8
CUST71849049796,407.81,407.81,1,496153.44
CUST71858414596,1690.11,1690.11,1,250536.67
CUST71861451979,136.49,136.49,1,162723.03
CUST71862064593,115.22,115.22,1,273256.55
CUST71863471243,1707.76,1707.76,1,277768.69
CUST71867250939,415.66,415.66,1,372715.83
CUST71878070672,45.74,45.74,1,198892.5
CUST71880837529,90.81,90.81,1,269661.84
CUST71884964198,3419.98,3419.98,1,383354.97
CUST71894573920,925.82,925.82,1,150924.41
CUST71897035580,569.85,569.85,1,375209.25
CUST71897878252,1405.18,1405.18,1,185941.57
CUST71904135540,2108.58,2108.58,1,467558.29
CUST71906194828,210.53,210.53,1,169733.59
CUST71919579574,1258.16,1258.16,1,344038.08
CUST71920007713,582.6,582.6,1,115646.73
CUST71932489104,348.71,348.71,1,215444.39
CUST71948923902,667.47,667.47,1,464936.28
CUST71950492980,3181.92,3181.92,1,204473.31
CUST71952835598,1348.29,1348.29,1,98747.32
CUST71965401837,12905.57,12905.57,1,10731.98
CUST71980841685,143.08,143.08,1,79628.68
CUST71990573549,2054.7,2054.7,1,40516.39
CUST71995240215,413.35,413.35,1,221110.92
CUST71996660656,786.53,786.53,1,278700.34
CUST72001922177,1609.5,1609.5,1,134384.34
CUST72005946007,399.61,399.61,1,210385.95
CUST72015881634,1528.47,1528.47,1,307992.65
CUST72017421157,334.97,334.97,1,7798.74
CUST72020753657,1956.37,1956.37,1,269044.98
CUST72024442731,692.55,692.55,1,237335.44
CUST72032013347,635.1,635.1,1,276636.61
CUST72034513300,300.09,300.09,1,124991.27
CUST72037219004,1376.82,1376.82,1,159829.28
CUST72041903414,702.57,702.57,1,420409.46
CUST72042679058,254.86,254.86,1,219093.61
CUST72044591753,418.09,418.09,1,205863.63
CUST72047253042,761.35,761.35,1,47721.22
CUST72049368465,1726.93,1726.93,1,455499.32
CUST72050413570,935.15,935.15,1,253754.82
CUST72066231579,657.99,657.99,1,490057.01
CUST72067556885,1058.45,1058.45,1,57758.92
CUST72069001483,6235.65,6235.65,1,124776.49
CUST72071276121,247.73,247.73,1,4623.61
CUST72072237027,1300.09,1300.09,1,35625.18
CUST72075636205,1847.23,1847.23,1,374923.39
CUST72078941524,1506.34,1506.34,1,397824.24
CUST72082344866,249.43,249.43,1,347324.37
CUST72087774171,10594.87,10594.87,1,16202.27
CUST72090452953,1995.98,1995.98,1,409849.41
CUST72095281653,1666.02,1666.02,1,397972.71
CUST72095591245,9938.62,9938.62,1,488270.06
CUST72096149893,946.15,946.15,1,358283.72
CUST72106522704,73.19,73.19,1,141443.16
CUST72109453710,1789.86,1789.86,1,431656.13
CUST72112286066,1951.9,1951.9,1,178684.73
CUST72122567905,2696.43,2696.43,1,255377.44
CUST72144354815,1677.74,1677.74,1,414177.74
CUST72145965111,934.06,934.06,1,335692.25
CUST72152039366,262.41,262.41,1,54469.21
CUST72161107016,10821.12,10821.12,1,485543.5
CUST72166168356,273.63,273.63,1,204022.87
CUST72166454044,3148.23,3148.23,1,95805.84
CUST72180583109,80.64,80.64,1,5252.21
CUST72182683081,478.36,478.36,1,336232.3
CUST72184702947,304.53,304.53,1,319404.76
CUST72189178680,714.06,714.06,1,221239.72
CUST72190504081,83.74,83.74,1,354229.36
CUST72196146043,2228.73,2228.73,1,56704.66
CUST72196517395,3526.7,3526.7,1,295957.55
CUST72201674702,282.98,282.98,1,72530.76
CUST72204890605,413.27,413.27,1,39812.88
CUST72207718613,766.22,766.22,1,40807.19
CUST72209400603,6937.73,6937.73,1,327327.84
CUST72212772351,1231.63,1231.63,1,455759.88
CUST72214058470,260.8,260.8,1,427032.64
CUST72217318814,384.09,384.09,1,158809.07
CUST72217950973,2639.11,2639.11,1,297466.21
CUST72219304658,557.03,557.03,1,59742.6
CUST72220956394,720.9,720.9,1,9270.31
CUST72222979490,1439.37,1439.37,1,43527.37
CUST72227942791,1476.56,1476.56,1,201066.33
CUST72228657451,62.0,62.0,1,85781.27
CUST72230469114,1148.62,1148.62,1,163510.66
CUST72233767225,222.23,222.23,1,441397.75
CUST72240682808,1164.26,1164.26,1,459140.63
CUST72241155785,159.97,159.97,1,9370.13
CUST72241772859,1521.34,1521.34,1,29247.17
CUST72252754976,412.13,412.13,1,117469.23
CUST72252808603,591.99,591.99,1,422673.77
CUST72258276973,892.38,892.38,1,51218.22
CUST72283356673,89.58,89.58,1,137260.75
CUST72284615376,76.16,76.16,1,497858.61
CUST72292004821,106.19,106.19,1,465461.93
CUST72294019396,8960.57,8960.57,1,430550.51
CUST72307187072,337.0,337.0,1,220351.09
CUST72312638833,280.94,280.94,1,336540.61
CUST72315298062,6540.78,6540.78,1,380781.91
CUST72318445299,1897.94,1897.94,1,362136.26
CUST72324913717,3559.65,3559.65,1,263536.73
CUST72325035561,239.1,239.1,1,77134.37
CUST72329911812,1137.99,1137.99,1,78064.76
CUST72335213790,4762.39,4762.39,1,358668.82
CUST72345659480,379.28,379.28,1,231279.44
CUST72350375622,1765.53,1765.53,1,146231.16
CUST72360133966,2517.33,2517.33,1,422471.59
CUST72361053582,363.75,363.75,1,114422.02
CUST72364368246,1583.15,1583.15,1,330172.5
CUST72364673433,683.09,683.09,1,223495.7
CUST72372527856,150.84,150.84,1,419554.63
CUST72372751156,2175.29,2175.29,1,430052.35
CUST72375963897,84.52,84.52,1,334442.17
CUST72381333731,62.62,62.62,1,340854.45
CUST72383334059,1877.13,1877.13,1,64822.17
CUST72386349202,1778.55,1778.55,1,432143.68
CUST72390594100,4605.74,4605.74,1,196152.54
CUST72402058320,1053.29,1053.29,1,46348.45
CUST72403784593,301.17,301.17,1,149886.01
CUST72408065852,255.28,255.28,1,476957.06
CUST72409341423,8342.71,8342.71,1,292859.65
CUST72415103195,64.33,64.33,1,311495.08
CUST72417641878,2051.36,2051.36,1,329698.55
CUST72421573410,242.67,242.67,1,229954.1
CUST72422983130,1136.84,1136.84,1,306543.65
CUST72424275141,982.01,982.01,1,210002.69
CUST72432545520,391.0,391.0,1,297469.99
CUST72439906122,165.32,165.32,1,96998.83
CUST72440276552,2093.77,2093.77,1,485230.5
CUST72441966492,4842.04,4842.04,1,81929.74
CUST72446652629,4408.08,4408.08,1,135577.55
CUST72451417561,216.53,216.53,1,351388.94
CUST72451798342,28596.08,28596.08,1,341692.32
CUST72458812245,494.2,494.2,1,76848.23
CUST72461839844,247.28,247.28,1,394939.96
CUST72463036548,5759.68,5759.68,1,361191.92
CUST72463224679,567.35,567.35,1,203320.02
CUST72474567868,193.59,193.59,1,226123.69
CUST72483894171,566.73,566.73,1,33486.04
CUST72487053058,26.37,26.37,1,128360.56
CUST72492910211,1946.52,1946.52,1,220568.21
CUST72504950486,133.84,133.84,1,277120.43
CUST72511896481,1013.93,1013.93,1,334924.61
CUST72514156847,96.81,96.81,1,143039.55
CUST72514815169,46.04,46.04,1,9018.2
CUST72518030369,1203.23,1203.23,1,196995.28
CUST72518589124,2549.86,2549.86,1,496808.04
CUST72518783613,238.88,238.88,1,85892.8
CUST72519511996,4055.56,4055.56,1,276510.35
CUST72530947441,579.18,579.18,1,3707.84
CUST72531077942,285.17,285.17,1,273451.45
CUST72535447133,408.02,408.02,1,152412.33
CUST72536647992,744.06,744.06,1,9115.86
CUST72543708650,1175.02,1175.02,1,236856.24
CUST72548251572,3162.5,3162.5,1,43522.28
CUST72556636942,636.12,636.12,1,113559.39
CUST72561806931,132.25,132.25,1,96314.69
CUST72569646954,1473.32,1473.32,1,339345.95
CUST72572967921,1514.35,1514.35,1,445776.95
CUST72581998335,975.78,975.78,1,124420.55
CUST72585742206,1359.57,1359.57,1,144166.95
CUST72586465911,907.91,907.91,1,210270.63
CUST72590840197,479.1,479.1,1,10163.79
CUST72593464356,194.9,194.9,1,36221.01
CUST72598873678,149.62,149.62,1,171174.45
CUST72601448074,4975.94,4975.94,1,197677.6
CUST72606208197,539.32,539.32,1,153123.39
CUST72606891926,377.92,377.92,1,307266.51
CUST72609155421,1867.44,1867.44,1,204571.07
CUST72612847763,1897.1,1897.1,1,364632.11
CUST72613449671,1553.76,1553.76,1,6288.34
CUST72622625725,817.71,817.71,1,398922.41
CUST72623763506,12.93,12.93,1,380406.75
CUST72625896840,1219.91,1219.91,1,137041.23
CUST72626106954,1406.94,1406.94,1,229342.5
CUST72629304670,1896.13,1896.13,1,351263.18
CUST72632273958,757.31,757.31,1,357255.59
CUST72639677519,489.9,489.9,1,344874.88
CUST72643901141,416.08,416.08,1,35720.1
CUST72659658916,1617.19,1617.19,1,496201.04
CUST72662863000,3230.92,3230.92,1,103.29
CUST72664107108,253.88,253.88,1,68604.25
CUST72678398544,864.29,864.29,1,80704.69
CUST72680521702,482.63,482.63,1,256691.94
CUST72681116115,7169.15,7169.15,1,433988.57
CUST72691003400,22.17,22.17,1,172350.18
CUST72694687922,3809.13,3809.13,1,110091.72
CUST72696291125,2020.15,2020.15,1,308589.59
CUST72699776235,73.41,73.41,1,171594.62
CUST72706086389,825.96,825.96,1,406087.92
CUST72708882082,737.23,737.23,1,231490.91
CUST72710070679,1510.66,1510.66,1,186759.4
CUST72710439796,977.26,977.26,1,394306.23
CUST72715404128,774.71,774.71,1,117013.95
CUST72718781498,196.93,196.93,1,418415.16
CUST72722040775,57.79,57.79,1,84675.98
CUST72736158057,1964.69,1964.69,1,223732.02
CUST72738350414,373.41,373.41,1,422920.55
CUST72740890507,1022.34,1022.34,1,497632.28
CUST72742244069,2504.66,2504.66,1,205869.14
CUST72743393715,2103.69,2103.69,1,461179.08
CUST72743514161,2366.68,2366.68,1,96052.95
CUST72745416731,1780.7,1780.7,1,182827.96
CUST72747039324,3722.67,3722.67,1,107356.25
CUST72753019591,8391.84,8391.84,1,317653.05
CUST72756779369,2181.66,2181.66,1,234867.71
CUST72758814843,303.75,303.75,1,366807.07
CUST72761107457,11346.72,11346.72,1,314129.5
CUST72762053739,570.32,570.32,1,186585.11
CUST72766471613,689.12,689.12,1,480982.46
CUST72778102980,382.53,382.53,1,364303.28
CUST72781220307,901.79,901.79,1,353880.29
CUST72785062516,1104.92,1104.92,1,152752.2
CUST72786684655,313.37,313.37,1,378591.21
CUST72788433158,507.36,507.36,1,285606.52
CUST72790814513,1520.33,1520.33,1,225923.4
CUST72803896332,639.86,639.86,1,298007.1
CUST72810954360,1775.94,1775.94,1,437461.68
CUST72819182401,649.38,649.38,1,285953.07
CUST72822362811,2267.09,2267.09,1,239085.29
CUST72822413983,846.12,846.12,1,116172.17
CUST72823215704,827.49,827.49,1,433806.51
CUST72830473772,453.01,453.01,1,131924.43
CUST72830695730,560.56,560.56,1,406561.13
CUST72833666249,473.24,473.24,1,150758.38
CUST72843962510,245.33,245.33,1,323762.93
CUST72844273567,17082.5,17082.5,1,377275.56
CUST72848725031,627.04,627.04,1,43421.94
CUST72849975771,3787.17,3787.17,1,357125.22
CUST72857166172,365.74,365.74,1,308366.33
CUST72857914978,771.65,771.65,1,253167.21
CUST72858991055,4649.88,4649.88,1,64276.86
CUST72873262280,921.06,921.06,1,223719.68
CUST72877916935,344.72,344.72,1,137369.81
CUST72878142864,850.57,850.57,1,70822.57
CUST72880791547,1502.79,1502.79,1,82555.04
CUST72883072191,1154.47,1154.47,1,62957.59
CUST72885496864,62.74,62.74,1,174298.2
CUST72898105946,239.35,239.35,1,209280.47
CUST72904427302,6301.87,6301.87,1,125807.67
CUST72905123821,180.08,180.08,1,135566.94
CUST72908659232,2474.61,2474.61,1,134149.28
CUST72909535031,987.17,987.17,1,184007.25
CUST72910078883,1317.52,1317.52,1,199638.36
CUST72910586195,355.57,355.57,1,4589.16
CUST72920617926,507.48,507.48,1,210431.25
CUST72921194455,2936.19,2936.19,1,183330.39
CUST72931943759,4092.53,4092.53,1,193676.99
CUST72934896925,1549.87,1549.87,1,50168.95
CUST72935344577,18229.81,18229.81,1,157300.92
CUST72939004451,1033.04,1033.04,1,34785.92
CUST72942595043,4603.97,4603.97,1,369894.27
CUST72945388910,3615.0,3615.0,1,287532.86
CUST72948916714,84.9,84.9,1,319634.79
CUST72950018767,269.75,269.75,1,497823.0
CUST72952327795,4737.78,4737.78,1,278586.9
CUST72953302299,242.65,242.65,1,455796.54
CUST72954844682,168.59,168.59,1,448270.08
CUST72956790285,18012.57,18012.57,1,312664.88
CUST72964774980,385.98,385.98,1,168715.94
CUST72967270729,1264.62,1264.62,1,150111.44
CUST72970252539,11172.08,11172.08,1,264538.35
CUST72972161564,55.17,55.17,1,159084.3
CUST72974976996,1678.21,1678.21,1,40903.56
CUST72977051137,3369.83,3369.83,1,337714.01
CUST72985869905,969.08,969.08,1,200193.94
CUST72985871142,190.94,190.94,1,483154.18
CUST72993149432,177.76,177.76,1,473596.03
CUST72998947920,31.77,31.77,1,373271.16
CUST72999845445,247.4,247.4,1,258086.89
CUST73009125093,137.21,137.21,1,384433.15
CUST73011947440,725.91,725.91,1,474439.62
CUST73014098354,1763.11,1763.11,1,38717.12
CUST73014726058,1054.89,1054.89,1,32729.92
CUST73015271563,1168.67,1168.67,1,50856.19
CUST73017365902,7074.82,7074.82,1,109753.36
CUST73029558581,201.91,201.91,1,79816.62
CUST73032304937,18083.3,18083.3,1,86437.47
CUST73036086057,726.32,726.32,1,65903.21
CUST73044396691,2008.42,2008.42,1,326725.15
CUST73045339761,931.78,931.78,1,137125.33
CUST73045477102,731.93,731.93,1,193220.93
CUST73048253314,609.28,609.28,1,66372.78
CUST73052680825,2649.01,2649.01,1,239789.2
CUST73054860487,178.49,178.49,1,85641.09
CUST73055560612,195.96,195.96,1,232416.87
CUST73062249925,2144.58,2144.58,1,271649.05
CUST73062431692,572.57,572.57,1,97750.61
CUST73072829037,362.75,362.75,1,183009.6
CUST73074949293,928.82,928.82,1,399264.64
CUST73076519630,1481.34,1481.34,1,210424.27
CUST73084796484,967.24,967.24,1,403304.26
CUST73088047278,212.49,212.49,1,377385.13
CUST73090739147,1196.04,1196.04,1,40805.04
CUST73094482092,995.42,995.42,1,25879.05
CUST73098600498,466.84,466.84,1,227490.1
CUST73098616805,246.03,246.03,1,237069.76
CUST73112606407,247.52,247.52,1,101269.73
CUST73117716180,11152.82,11152.82,1,372142.91
CUST73117880020,1896.66,1896.66,1,234026.16
CUST73119532278,1124.05,1124.05,1,390545.17
CUST73123328477,367.47,367.47,1,334504.2
CUST73127208453,1177.69,1177.69,1,219964.44
CUST73127905869,495.03,495.03,1,119797.05
CUST73136435502,235.94,235.94,1,419795.31
CUST73141819551,681.79,681.79,1,26646.38
CUST73143150291,284.5,284.5,1,208811.0
CUST73150025826,688.77,688.77,1,62210.02
CUST73150314638,4419.24,4419.24,1,133273.54
CUST73158090085,280.08,280.08,1,39327.61
CUST73158326244,795.35,795.35,1,495092.01
CUST73158814171,3286.95,3286.95,1,175196.99
CUST73161141109,714.51,714.51,1,143158.17
CUST73182305186,624.38,624.38,1,68245.42
CUST73183254193,553.81,553.81,1,499042.59
CUST73183938056,105.14,105.14,1,241878.23
CUST73195164586,406.38,406.38,1,250161.87
CUST73196568126,952.76,952.76,1,380649.12
CUST73198750569,1749.6,1749.6,1,421971.62
CUST73204790268,1027.35,1027.35,1,221457.98
CUST73206947573,11667.39,11667.39,1,51696.47
CUST73207724894,2308.97,2308.97,1,107993.41
CUST73209386562,446.76,446.76,1,317442.95
CUST73218833083,557.04,557.04,1,365622.59
CUST73223255622,2251.55,2251.55,1,361287.5
CUST73226789016,4548.64,4548.64,1,399560.97
CUST73230800244,520.04,520.04,1,432038.43
CUST73244437226,203.4,203.4,1,497571.22
CUST73250292671,655.7,655.7,1,389524.48
CUST73262455026,2003.76,2003.76,1,331238.41
CUST73264197636,7128.91,7128.91,1,194600.45
CUST73271765449,253.61,253.61,1,240675.67
CUST73271809003,646.26,646.26,1,169810.46
CUST73278916086,517.48,517.48,1,205963.38
CUST73293530472,2422.25,2422.25,1,209749.12
CUST73308964969,761.87,761.87,1,385622.18
CUST73309628951,1429.94,1429.94,1,157775.96
CUST73311364648,3607.59,3607.59,1,222657.12
CUST73316755478,247.25,247.25,1,196610.26
CUST73317853586,1040.21,1040.21,1,146499.71
CUST73325719246,875.01,875.01,1,196524.96
CUST73326758302,4659.32,4659.32,1,130662.79
CUST73327040473,620.9,620.9,1,70644.17
CUST73328495191,969.43,969.43,1,359461.2
CUST73330146160,144.62,144.62,1,167500.46
CUST73332830747,660.79,660.79,1,171190.43
CUST73338089266,190.69,190.69,1,270024.78
CUST73340059411,727.54,727.54,1,354649.37
CUST73348746008,3907.14,3907.14,1,80323.15
CUST73354803466,668.37,668.37,1,306683.69
CUST73358061925,2886.98,2886.98,1,195307.99
CUST73359753925,538.38,538.38,1,266822.75
CUST73362439190,850.49,850.49,1,212606.69
CUST73371919748,3824.78,3824.78,1,389070.69
CUST73373481804,404.77,404.77,1,151062.8
CUST73380421622,6309.16,6309.16,1,231427.01
CUST73382605937,3560.85,3560.85,1,139983.25
CUST73386020759,4960.33,4960.33,1,249514.82
CUST73387715687,2272.46,2272.46,1,494703.82
CUST73392304675,1928.12,1928.12,1,238850.7
CUST73396868190,808.92,808.92,1,57633.93
CUST73398029062,992.69,992.69,1,459367.54
CUST73400783180,156.67,156.67,1,281037.21
CUST73406002898,789.53,789.53,1,410455.87
CUST73406711851,121.77,121.77,1,209225.55
CUST73409613885,666.82,666.82,1,474141.26
CUST73411077511,2002.97,2002.97,1,271341.7
CUST73417517518,3093.02,3093.02,1,240458.11
CUST73429446870,295.16,295.16,1,133373.77
CUST73430244977,1329.68,1329.68,1,158690.68
CUST73430834821,574.42,574.42,1,424507.33
CUST73446673744,458.89,458.89,1,42988.66
CUST73452951705,2921.53,2921.53,1,480417.74
CUST73454335842,419.54,419.54,1,156064.41
CUST73460082578,362.2,362.2,1,78634.43
CUST73461725040,178.82,178.82,1,151077.21
CUST73467148012,485.88,485.88,1,353789.83
CUST73471737718,604.54,604.54,1,78132.91
CUST73473548253,1892.15,1892.15,1,266746.53
CUST73480690097,389.91,389.91,1,41718.13
CUST73483475983,277.03,277.03,1,487030.39
CUST73491115537,342.22,342.22,1,294486.95
CUST73493159163,1187.72,1187.72,1,57423.14
CUST73497488236,1355.32,1355.32,1,386727.41
CUST73503789078,112.98,112.98,1,410445.36
CUST73504971556,189.95,189.95,1,174632.66
CUST73507623132,36.01,36.01,1,317054.12
CUST73511943530,46.59,46.59,1,87827.94
CUST73513367885,1089.27,1089.27,1,284149.23
CUST73514337763,89.38,89.38,1,174794.1
CUST73516428352,128.77,128.77,1,405206.35
CUST73523052038,699.8,699.8,1,89117.53
CUST73523543359,289.41,289.41,1,81200.41
CUST73525503482,131.8,131.8,1,236962.61
CUST73535017258,1091.61,1091.61,1,316463.87
CUST73537386176,799.47,799.47,1,140592.27
CUST73545135189,2405.17,2405.17,1,131726.27
CUST73558831828,766.65,766.65,1,212400.32
CUST73561923192,1109.19,1109.19,1,368314.04
CUST73564760898,525.7,525.7,1,184826.78
CUST73569704722,383.64,383.64,1,40846.09
CUST73578258976,1581.25,1581.25,1,97450.07
CUST73578957058,1155.13,1155.13,1,194031.84
CUST73581953311,9589.71,9589.71,1,217754.13
CUST73588153810,3040.47,3040.47,1,483022.8
CUST73589819538,975.0,975.0,1,175068.17
CUST73590071960,1403.98,1403.98,1,140852.94
CUST73592978509,217.24,217.24,1,133199.74
CUST73594454973,1104.2,1104.2,1,422070.56
CUST73595283643,892.52,892.52,1,362739.34
CUST73614435463,2541.95,2541.95,1,445861.17
CUST73619291436,3184.11,3184.11,1,450111.76
CUST73622284441,621.79,621.79,1,30451.48
CUST73623731692,8541.09,8541.09,1,463456.93
CUST73625481688,3945.98,3945.98,1,39278.31
CUST73629440716,784.55,784.55,1,256510.99
CUST73636961036,508.69,508.69,1,208245.11
CUST73637908565,1102.78,1102.78,1,32836.75
CUST73662067559,169.96,169.96,1,288746.55
CUST73662806108,733.62,733.62,1,101265.6
CUST73662808593,1051.45,1051.45,1,218724.58
CUST73671445013,2759.8,2759.8,1,278991.44
CUST73671619276,12339.59,12339.59,1,295565.97
CUST73673239353,175.01,175.01,1,128126.72
CUST73674964448,51.41,51.41,1,92167.74
CUST73675117300,3013.26,3013.26,1,409193.89
CUST73676302258,2730.52,2730.52,1,35882.69
CUST73677801239,1731.5,1731.5,1,306663.44
CUST73689108146,319.95,319.95,1,444644.4
CUST73691000106,791.64,791.64,1,320240.73
CUST73693129173,666.93,666.93,1,38484.81
CUST73697702929,1365.58,1365.58,1,30224.15
CUST73698822372,650.98,650.98,1,260275.07
CUST73701088783,540.28,540.28,1,98407.33
CUST73701426874,2744.79,2744.79,1,450457.79
CUST73716706182,61.07,61.07,1,265865.4
CUST73721699385,267.96,267.96,1,224067.04
CUST73730916616,346.13,346.13,1,315484.92
CUST73732945685,13845.49,13845.49,1,265021.85
CUST73734382664,226.89,226.89,1,49373.62
CUST73739513816,2355.32,2355.32,1,57369.99
CUST73746210030,669.32,669.32,1,147096.86
CUST73747321792,1252.24,1252.24,1,382638.68
CUST73758692525,2649.62,2649.62,1,453363.86
CUST73761178061,6191.41,6191.41,1,394147.83
CUST73762409274,357.58,357.58,1,337188.75
CUST73775310129,1106.71,1106.71,1,424286.1
CUST73776076594,1241.85,1241.85,1,276951.02
CUST73782478973,45.4,45.4,1,440119.93
CUST73785588783,1059.84,1059.84,1,158712.0
CUST73803787095,137.44,137.44,1,90895.96
CUST73809532322,2548.13,2548.13,1,89490.4
CUST73812658357,2094.37,2094.37,1,234671.13
CUST73823747873,2059.51,2059.51,1,473543.5
CUST73825357031,971.08,971.08,1,310059.36
CUST73831010179,1373.17,1373.17,1,218684.63
CUST73841440389,77.93,77.93,1,103956.83
CUST73846170048,1470.5,1470.5,1,246350.29
CUST73848189691,2228.87,2228.87,1,36656.01
CUST73850975722,582.65,582.65,1,122193.6
CUST73853398973,1528.7,1528.7,1,274517.52
CUST73861962975,1512.3,1512.3,1,237236.77
CUST73862208617,635.67,635.67,1,133805.85
CUST73863546111,2054.11,2054.11,1,311526.66
CUST73874673394,435.3,435.3,1,430653.93
CUST73876334787,4111.99,4111.99,1,142360.93
CUST73879717620,1952.13,1952.13,1,101340.06
CUST73879823108,143.77,143.77,1,494994.24
CUST73882463301,81.88,81.88,1,56784.39
CUST73885172288,232.35,232.35,1,398497.22
CUST73890389133,129.24,129.24,1,469260.9
CUST73890767745,604.41,604.41,1,79988.05
CUST73893230410,2865.96,2865.96,1,432219.17
CUST73894951928,106.59,106.59,1,73446.29
CUST73916998426,286.99,286.99,1,250882.61
CUST73930665537,95.28,95.28,1,142450.88
CUST73944354670,546.87,546.87,1,45064.5
CUST73944636242,48.18,48.18,1,51603.69
CUST73957695458,362.77,362.77,1,491808.87
CUST73958056297,1881.96,1881.96,1,210707.73
CUST73958295731,13046.94,13046.94,1,321185.15
CUST73959331618,1087.58,1087.58,1,458198.31
CUST73962090277,2244.54,2244.54,1,58288.04
CUST73983328136,185.57,185.57,1,189247.09
CUST73986278384,195.95,195.95,1,231010.77
CUST73988936920,287.45,287.45,1,427771.94
CUST74006387482,535.23,535.23,1,326230.72
CUST74008704362,1025.99,1025.99,1,296379.08
CUST74020013129,334.61,334.61,1,383492.9
CUST74020265472,672.76,672.76,1,469658.87
CUST74020950020,3005.57,3005.57,1,217430.33
CUST74028492425,1026.58,1026.58,1,141232.85
CUST74030705986,930.11,930.11,1,406948.95
CUST74032234673,710.26,710.26,1,341113.0
CUST74033047717,286.91,286.91,1,33013.45
CUST74038292606,770.92,770.92,1,169119.79
CUST74039831209,473.98,473.98,1,487653.16
CUST74047698751,3657.8,3657.8,1,480294.03
CUST74049168909,1185.88,1185.88,1,322127.71
CUST74050210082,1997.6,1997.6,1,36324.82
CUST74050381076,1169.79,1169.79,1,93053.06
CUST74050506740,4332.26,4332.26,1,478807.32
CUST74052976712,171.2,171.2,1,63913.86
CUST74053714781,483.69,483.69,1,473128.73
CUST74063264532,245.82,245.82,1,452712.02
CUST74080742966,545.06,545.06,1,292382.73
CUST74083051776,283.43,283.43,1,268591.22
CUST74088708847,256.96,256.96,1,421989.19
CUST74090491999,319.74,319.74,1,385056.77
CUST74093515132,192.22,192.22,1,355108.41
CUST74103252496,1808.35,1808.35,1,396093.61
CUST74109746636,1263.31,1263.31,1,311000.47
CUST74116203718,281.09,281.09,1,9755.96
CUST74121299135,1044.22,1044.22,1,295963.32
CUST74121921546,5486.13,5486.13,1,335050.6
CUST74126376915,462.59,462.59,1,205586.33
CUST74129425829,219.19,219.19,1,64924.67
CUST74138396710,1055.61,1055.61,1,122723.8
CUST74155708786,1608.28,1608.28,1,470403.72
CUST74167031292,1039.81,1039.81,1,404793.84
CUST74171604873,2813.86,2813.86,1,434243.83
CUST74179033934,4189.75,4189.75,1,318825.23
CUST74179399649,309.05,309.05,1,196287.3
CUST74180244457,892.53,892.53,1,143513.3
CUST74181386114,108.67,108.67,1,399069.37
CUST74182295422,384.79,384.79,1,67906.65
CUST74184209653,2738.53,2738.53,1,25358.08
CUST74185756059,1556.71,1556.71,1,97085.21
CUST74187202934,246.14,246.14,1,11094.72
CUST74187626388,4966.13,4966.13,1,27874.46
CUST74189818339,828.79,828.79,1,420259.31
CUST74193055353,337.03,337.03,1,460054.92
CUST74206138161,117.0,117.0,1,98379.03
CUST74207331994,217.73,217.73,1,54896.26
CUST74211309224,1263.21,1263.21,1,265171.39
CUST74214862667,118.12,118.12,1,181430.55
CUST74215024192,934.54,934.54,1,290306.86
CUST74215129790,4695.11,4695.11,1,433255.31
CUST74225196645,255.9,255.9,1,476373.46
CUST74227054662,386.6,386.6,1,208106.85
CUST74229918119,233.47,233.47,1,41150.23
CUST74235761886,139.55,139.55,1,314253.43
CUST74239579787,1766.21,1766.21,1,72397.4
CUST74240297490,65.01,65.01,1,348125.37
CUST74242257964,384.49,384.49,1,193067.2
CUST74242382726,438.07,438.07,1,134932.63
CUST74242895198,200.82,200.82,1,53682.02
CUST74245537939,2113.89,2113.89,1,241001.16
CUST74251160760,266.43,266.43,1,115988.4
CUST74257019475,1340.99,1340.99,1,40897.24
CUST74265814391,10263.33,10263.33,1,458704.67
CUST74268232172,901.67,901.67,1,47588.25
CUST74268385145,3053.44,3053.44,1,425551.71
CUST74281206393,1273.14,1273.14,1,33380.75
CUST74287113684,198.66,198.66,1,442983.68
CUST74292373620,466.04,466.04,1,482325.75
CUST74298154948,210.4,210.4,1,399260.08
CUST74317763650,410.17,410.17,1,170902.26
CUST74327821550,487.17,487.17,1,147756.26
CUST74341957682,271.9,271.9,1,152488.03
CUST74346870416,8968.58,8968.58,1,341190.11
CUST74348151653,282.06,282.06,1,77099.23
CUST74352275312,1995.7,1995.7,1,155732.04
CUST74354032965,4330.09,4330.09,1,95360.08
CUST74355162575,7838.92,7838.92,1,4563.77
CUST74356590730,93.66,93.66,1,97514.83
CUST74360059847,381.23,381.23,1,55006.69
CUST74366805890,368.59,368.59,1,293724.96
CUST74376720945,5212.74,5212.74,1,165845.47
CUST74379034966,1760.61,1760.61,1,126133.01
CUST74381063320,3568.41,3568.41,1,284668.0
CUST74390852601,315.88,315.88,1,133578.01
CUST74403046802,516.93,516.93,1,372438.56
CUST74406394563,4200.93,4200.93,1,285560.38
CUST74407747307,3205.19,3205.19,1,136624.5
CUST74414591620,90.56,90.56,1,212532.25
CUST74418402848,807.17,807.17,1,456315.67
CUST74421981532,2283.1,2283.1,1,342238.03
CUST74433224196,2251.12,2251.12,1,359170.03
CUST74435485827,249.07,249.07,1,435138.33
CUST74436289636,455.28,455.28,1,147243.39
CUST74436640927,1783.59,1783.59,1,172850.77
CUST74436750044,658.48,658.48,1,237322.93
CUST74438430985,705.98,705.98,1,484624.98
CUST74439680133,879.45,879.45,1,417033.11
CUST74441543376,1752.86,1752.86,1,285605.41
CUST74448823849,340.34,340.34,1,65456.45
CUST74450391085,266.4,266.4,1,272279.84
CUST74451233770,854.73,854.73,1,89652.77
CUST74452013725,2936.69,2936.69,1,477972.77
CUST74454720497,404.09,404.09,1,199378.92
CUST74466089692,236.46,236.46,1,64808.01
CUST74469754601,566.86,566.86,1,373622.24
CUST74478478601,3214.64,3214.64,1,188415.69
CUST74480658927,152.43,152.43,1,469877.54
CUST74482225020,727.07,727.07,1,394242.81
CUST74485840753,259.65,259.65,1,495711.75
CUST74488163126,3916.11,3916.11,1,481678.8
CUST74489429189,624.7,624.7,1,229979.73
CUST74491810732,154.2,154.2,1,161201.91
CUST74494350903,126.73,126.73,1,361302.76
CUST74496860275,8709.32,8709.32,1,309962.18
CUST74504681351,8975.36,8975.36,1,481121.31
CUST74506911689,278.39,278.39,1,302462.69
CUST74507076562,172.7,172.7,1,375932.49
CUST74509363485,800.0,800.0,1,406516.52
CUST74514552010,3733.24,3733.24,1,16472.41
CUST74516585971,941.49,941.49,1,335841.37
CUST74517177763,1154.19,1154.19,1,53339.38
CUST74518133549,191.98,191.98,1,485308.49
CUST74522771145,485.06,485.06,1,407434.06
CUST74524415380,19489.32,19489.32,1,411712.13
CUST74525769365,4310.72,4310.72,1,451277.2
CUST74537721295,1442.82,1442.82,1,494907.12
CUST74557699968,1995.95,1995.95,1,419186.87
CUST74563351544,1324.1,1324.1,1,13611.88
CUST74564122794,8956.24,8956.24,1,4351.19
CUST74566506768,404.7,404.7,1,273512.23
CUST74585170670,244.54,244.54,1,367459.71
CUST74585490440,826.98,826.98,1,477504.14
CUST74591769299,362.74,362.74,1,497640.01
CUST74596227660,295.15,295.15,1,124210.16
CUST74597565846,338.0,338.0,1,342050.49
CUST74597799102,130.76,130.76,1,12498.44
CUST74603194774,5080.32,5080.32,1,389028.05
CUST74603468490,1176.95,1176.95,1,445118.47
CUST74605348641,298.97,298.97,1,23235.51
CUST74606143659,1061.25,1061.25,1,261243.33
CUST74615690832,1297.77,1297.77,1,379017.14
CUST74616070860,852.91,852.91,1,315167.15
CUST74627052186,5312.33,5312.33,1,183135.34
CUST74628376178,235.08,235.08,1,61617.42
CUST74637991444,453.74,453.74,1,408679.69
CUST74647200675,155.96,155.96,1,485666.31
CUST74648119885,423.15,423.15,1,472350.66
CUST74657540772,399.53,399.53,1,63553.61
CUST74659934173,172.64,172.64,1,324610.62
CUST74667214029,262.2,262.2,1,263626.52
CUST74669963333,1230.12,1230.12,1,43622.29
CUST74690383936,7086.63,7086.63,1,363134.58
CUST74690618189,1762.32,1762.32,1,255947.84
CUST74691334967,211.09,211.09,1,394454.01
CUST74700800218,1243.23,1243.23,1,480986.36
CUST74704989654,6933.9,6933.9,1,18756.25
CUST74708956196,1361.03,1361.03,1,234401.58
CUST74719175203,294.25,294.25,1,45173.69
CUST74722667209,995.79,995.79,1,179529.07
CUST74727898025,8767.85,8767.85,1,146255.83
CUST74730470509,946.28,946.28,1,389957.05
CUST74731420044,1305.97,1305.97,1,415923.91
CUST74734623664,24014.04,24014.04,1,62493.91
CUST74739221386,592.96,592.96,1,322132.39
CUST74747182147,829.8,829.8,1,481596.54
CUST74752810063,886.93,886.93,1,66072.0
CUST74756220436,2432.37,2432.37,1,86869.15
CUST74761359795,6991.07,6991.07,1,492172.23
CUST74764344804,642.96,642.96,1,308431.57
CUST74774250340,2222.34,2222.34,1,253084.01
CUST74778792667,26546.14,26546.14,1,144348.16
CUST74781324754,125.17,125.17,1,274378.44
CUST74790551736,144.97,144.97,1,46808.08
CUST74793339946,427.8,427.8,1,52338.8
CUST74793369168,19478.64,19478.64,1,292007.79
CUST74795603895,5966.22,5966.22,1,204369.19
CUST74797504132,1811.82,1811.82,1,314485.33
CUST74798891796,3022.57,3022.57,1,487593.09
CUST74800892294,3066.96,3066.96,1,207878.94
CUST74801592530,5166.26,5166.26,1,439820.59
CUST74807968947,2998.32,2998.32,1,245505.45
CUST74812947591,573.66,573.66,1,186834.91
CUST74813439012,958.84,958.84,1,80046.45
CUST74817312048,233.73,233.73,1,474456.62
CUST74820141377,468.34,468.34,1,242825.29
CUST74822194242,647.47,647.47,1,455304.15
CUST74824686310,28.78,28.78,1,276095.08
CUST74825746411,457.61,457.61,1,215628.42
CUST74827164659,610.72,610.72,1,355990.2
CUST74827416632,963.63,963.63,1,317677.3
CUST74827610829,703.35,703.35,1,465712.45
CUST74828993784,884.23,884.23,1,15252.73
CUST74831022829,49.91,49.91,1,106549.33
CUST74831712345,239.31,239.31,1,109484.73
CUST74837181088,110.19,110.19,1,69981.04
CUST74847626775,5403.49,5403.49,1,205917.17
CUST74852481102,1211.77,1211.77,1,132170.69
CUST74852810306,901.76,901.76,1,85428.49
CUST74869547810,643.26,643.26,1,3540.67
CUST74875175096,27788.71,27788.71,1,295318.17
CUST74876130251,757.84,757.84,1,238313.78
CUST74881732580,846.4,846.4,1,433409.75
CUST74886073978,497.81,497.81,1,18909.55
CUST74887060804,1320.44,1320.44,1,67435.25
CUST74893159830,288.88,288.88,1,423111.52
CUST74894943039,314.56,314.56,1,483988.1
CUST74901389602,462.1,462.1,1,102401.9
CUST74902464760,6765.17,6765.17,1,413405.3
CUST74909447301,615.47,615.47,1,127378.9
CUST74911165452,232.67,232.67,1,499263.47
CUST74911818043,1525.28,1525.28,1,376211.14
CUST74920045799,415.21,415.21,1,470658.62
CUST74921911072,4040.08,4040.08,1,36465.83
CUST74933242853,959.05,959.05,1,434536.39
CUST74933328675,100.39,100.39,1,95645.55
CUST74938057149,374.75,374.75,1,357447.3
CUST74941702563,151.96,151.96,1,458521.94
CUST74942867391,100.12,100.12,1,427440.19
CUST74944877674,451.67,451.67,1,309313.35
CUST74948159334,655.69,655.69,1,222353.44
CUST74948748037,353.61,353.61,1,270549.64
CUST74972390840,12.0,12.0,1,110563.67
CUST74972730283,3912.27,3912.27,1,106204.6
CUST74975472071,364.1,364.1,1,362992.56
CUST74984827049,457.35,457.35,1,369204.21
CUST74987462237,1307.0,1307.0,1,402985.9
CUST74988883984,179.77,179.77,1,31844.74
CUST74992028033,4793.19,4793.19,1,312267.95
CUST74993225339,1425.85,1425.85,1,355662.55
CUST74993554303,442.38,442.38,1,300616.93
CUST75005887797,108.9,108.9,1,456903.98
CUST75011611519,599.56,599.56,1,298379.05
CUST75031599766,345.34,345.34,1,435859.36
CUST75034706554,322.06,322.06,1,344641.42
CUST75042698029,2817.23,2817.23,1,328712.85
CUST75045337943,6325.09,6325.09,1,13894.41
CUST75057195211,44.76,44.76,1,408929.67
CUST75066813465,484.93,484.93,1,73291.09
CUST75068272800,3831.69,3831.69,1,377717.48
CUST75070733351,494.02,494.02,1,232024.12
CUST75072553629,1833.82,1833.82,1,262809.1
CUST75076691269,4504.23,4504.23,1,104498.55
CUST75082777354,290.79,290.79,1,129818.4
CUST75084353303,457.97,457.97,1,273063.82
CUST75090918952,2665.59,2665.59,1,431064.22
CUST75093013965,151.2,151.2,1,296934.83
CUST75101385552,1604.33,1604.33,1,25283.46
CUST75102212968,92.34,92.34,1,92122.59
CUST75104911300,1271.96,1271.96,1,306978.15
CUST75107509854,1381.41,1381.41,1,305319.12
CUST75108179024,697.47,697.47,1,127717.38
CUST75109338528,355.09,355.09,1,211122.19
CUST75110580007,2849.18,2849.18,1,334567.44
CUST75125674428,818.3,818.3,1,21481.29
CUST75126908144,700.8,700.8,1,303822.51
CUST75127009332,1520.99,1520.99,1,189182.1
CUST75132355458,642.47,642.47,1,266796.21
CUST75132441344,12040.6,12040.6,1,338987.3
CUST75132574450,633.39,633.39,1,355175.43
CUST75144635349,336.06,336.06,1,439933.34
CUST75146200588,5132.73,5132.73,1,340126.81
CUST75154376460,1893.03,1893.03,1,366260.78
CUST75156997156,215.41,215.41,1,200821.0
CUST75159092713,221.26,221.26,1,84063.21
CUST75168769489,1203.21,1203.21,1,151181.47
CUST75180977900,3890.29,3890.29,1,337291.76
CUST75202469134,1232.54,1232.54,1,27963.77
CUST75206619620,1180.43,1180.43,1,475484.16
CUST75206967798,768.66,768.66,1,312566.28
CUST75209025677,170.24,170.24,1,373079.15
CUST75209365694,199.71,199.71,1,206514.87
CUST75211248612,2605.42,2605.42,1,287948.72
CUST75213792107,148.46,148.46,1,85420.52
CUST75215735125,120.05,120.05,1,65187.08
CUST75220795530,2425.71,2425.71,1,401060.65
CUST75221992131,331.91,331.91,1,414370.41
CUST75224444419,1707.54,1707.54,1,460090.18
CUST75228344901,992.61,992.61,1,351296.76
CUST75238118019,523.09,523.09,1,124988.49
CUST75240346063,1183.2,1183.2,1,156509.07
CUST75243204855,1421.86,1421.86,1,217321.11
CUST75252654444,3044.46,3044.46,1,47991.38
CUST75253821625,5766.9,5766.9,1,216861.19
CUST75262181826,313.63,313.63,1,254834.3
CUST75265282539,494.21,494.21,1,233139.56
CUST75265982980,1133.78,1133.78,1,324667.68
CUST75267807839,288.99,288.99,1,103456.4
CUST75275379072,3103.97,3103.97,1,239020.39
CUST75275461780,273.74,273.74,1,435729.64
CUST75281858900,345.94,345.94,1,342219.04
CUST75295377066,84.33,84.33,1,168937.37
CUST75298903095,3733.9,3733.9,1,428146.01
CUST75303184292,131.16,131.16,1,299214.19
CUST75309509164,252.16,252.16,1,134947.72
CUST75310299331,428.37,428.37,1,496906.57
CUST75310768690,484.33,484.33,1,324403.31
CUST75319347289,540.6,540.6,1,436905.42
CUST75346099765,673.3,673.3,1,60385.35
CUST75347538125,126.01,126.01,1,387078.54
CUST75363817057,3210.86,3210.86,1,186815.55
CUST75363825571,9943.09,9943.09,1,409724.8
CUST75364612526,1345.62,1345.62,1,223149.02
CUST75364695991,66.45,66.45,1,149181.4
CUST75372361838,3611.05,3611.05,1,241902.05
CUST75380118525,307.93,307.93,1,385931.05
CUST75388437131,250.72,250.72,1,54209.88
CUST75390511363,3434.68,3434.68,1,490552.72
CUST75399914466,1357.17,1357.17,1,450174.91
CUST75414622024,291.75,291.75,1,294474.12
CUST75418241717,910.97,910.97,1,135517.54
CUST75421658635,2055.31,2055.31,1,448811.06
CUST75424817427,538.06,538.06,1,73889.43
CUST75425040794,302.69,302.69,1,285157.64
CUST75425156816,789.51,789.51,1,369768.18
CUST75435479506,1000.35,1000.35,1,448546.7
CUST75447548708,487.44,487.44,1,332796.62
CUST75448144001,340.94,340.94,1,56366.1
CUST75476673965,29147.2,29147.2,1,180781.07
CUST75479973690,801.94,801.94,1,42572.05
CUST75483198910,3608.05,3608.05,1,451326.13
CUST75483803713,170.34,170.34,1,407710.31
CUST75486888811,116.88,116.88,1,424809.5
CUST75487977984,1466.4,1466.4,1,404913.12
CUST75489488696,1260.6,1260.6,1,101010.42
CUST75493557451,616.36,616.36,1,110466.71
CUST75497994351,1009.4,1009.4,1,59901.86
CUST75498726924,78.15,78.15,1,477532.74
CUST75500864445,137.02,137.02,1,226934.22
CUST75502897951,489.68,489.68,1,78884.18
CUST75516449152,434.59,434.59,1,432898.3
CUST75520802886,134.19,134.19,1,429264.05
CUST75524362473,1332.37,1332.37,1,119520.68
CUST75539747469,320.69,320.69,1,249259.02
CUST75553761262,121.95,121.95,1,166565.13
CUST75557252600,197.68,197.68,1,264459.65
CUST75572668103,727.8,727.8,1,395509.62
CUST75587483050,254.63,254.63,1,7427.59
CUST75589751628,132.8,132.8,1,287014.68
CUST75590415127,98.78,98.78,1,362229.95
CUST75604434562,4209.35,4209.35,1,212998.28
CUST75604451962,283.49,283.49,1,4087.77
CUST75619440796,1546.0,1546.0,1,56916.89
CUST75623056445,918.11,918.11,1,458331.81
CUST75623697830,288.92,288.92,1,440483.73
CUST75628886063,821.85,821.85,1,462918.1
CUST75629218698,290.65,290.65,1,461588.9
CUST75635328416,4147.28,4147.28,1,69954.69
CUST75642786456,995.17,995.17,1,296058.59
CUST75649632747,5746.69,5746.69,1,284716.4
CUST75654628119,191.42,191.42,1,468987.92
CUST75654869452,892.71,892.71,1,259182.74
CUST75656143922,479.99,479.99,1,68533.94
CUST75661493081,5358.73,5358.73,1,430235.41
CUST75667324640,1021.36,1021.36,1,52081.94
CUST75673501906,997.24,997.24,1,240352.98
CUST75673895058,469.61,469.61,1,329338.06
CUST75678211631,243.25,243.25,1,497892.81
CUST75679078068,95.26,95.26,1,202878.77
CUST75681642660,419.82,419.82,1,130116.75
CUST75684530609,284.99,284.99,1,30830.27
CUST75691869637,218.68,218.68,1,410025.57
CUST75704069977,961.32,961.32,1,419049.94
CUST75708934540,436.03,436.03,1,187034.7
CUST75712072237,1033.25,1033.25,1,439418.89
CUST75721238211,869.75,869.75,1,210289.34
CUST75721993789,1885.52,1885.52,1,319779.12
CUST75727116685,712.03,712.03,1,167336.24
CUST75731942879,567.13,567.13,1,206458.58
CUST75734518002,3909.69,3909.69,1,296950.89
CUST75738371828,1007.67,1007.67,1,54938.74
CUST75739037895,6500.24,6500.24,1,365299.7
CUST75740515548,135.15,135.15,1,357338.6
CUST75741383147,188.69,188.69,1,303315.39
CUST75751360247,54.4,54.4,1,135708.4
CUST75751994662,704.02,704.02,1,291892.0
CUST75752035006,449.29,449.29,1,220077.39
CUST75764772558,646.63,646.63,1,275423.44
CUST75764802710,907.63,907.63,1,300406.35
CUST75766746352,61.53,61.53,1,304013.84
CUST75769619472,76.97,76.97,1,140603.31
CUST75782793839,1148.39,1148.39,1,224067.96
CUST75783116380,750.74,750.74,1,129923.25
CUST75789026727,555.36,555.36,1,16819.49
CUST75792571999,2476.28,2476.28,1,419566.97
CUST75795109371,1292.2,1292.2,1,21139.23
CUST75797062469,256.83,256.83,1,429008.64
CUST75803441988,727.6,727.6,1,465500.35
CUST75803525514,509.44,509.44,1,329068.34
CUST75831760615,1170.91,1170.91,1,6060.49
CUST75851402542,3111.41,3111.41,1,379988.25
CUST75855721301,32439.83,32439.83,1,405164.6
CUST75859230030,6715.3,6715.3,1,29307.06
CUST75861162661,1239.33,1239.33,1,331095.78
CUST75870546904,196.7,196.7,1,305882.23
CUST75872361089,187.38,187.38,1,52998.68
CUST75883415438,673.93,673.93,1,238122.15
CUST75886290205,2538.99,2538.99,1,88770.25
CUST75893025241,103.29,103.29,1,327552.92
CUST75902023033,2556.28,2556.28,1,289590.36
CUST75902251611,148.08,148.08,1,195936.76
CUST75913934182,879.96,879.96,1,426669.69
CUST75933240059,8511.43,8511.43,1,399219.66
CUST75933468430,1227.29,1227.29,1,228061.31
CUST75941951058,961.23,961.23,1,185514.14
CUST75942280416,126.39,126.39,1,204455.42
CUST75946591127,1333.44,1333.44,1,233324.43
CUST75960572669,2203.42,2203.42,1,472245.85
CUST75977386235,564.23,564.23,1,3326.86
CUST75978211093,284.68,284.68,1,435155.8
CUST75979545269,690.88,690.88,1,490895.74
CUST75985729348,617.0,617.0,1,408284.79
CUST75987460794,119.99,119.99,1,295973.59
CUST75992125229,4842.02,4842.02,1,26324.8
CUST75995440939,337.76,337.76,1,351261.36
CUST76001657474,3224.83,3224.83,1,288159.92
CUST76001822555,364.27,364.27,1,466125.97
CUST76002124302,1068.05,1068.05,1,50531.63
CUST76004510686,514.05,514.05,1,222821.65
CUST76004710269,536.79,536.79,1,302511.67
CUST76031229664,551.13,551.13,1,365506.53
CUST76038383327,1765.71,1765.71,1,478376.37
CUST76039332758,351.07,351.07,1,114061.89
CUST76043524993,2167.69,2167.69,1,83698.79
CUST76045199326,712.3,712.3,1,307423.04
CUST76050741548,7404.67,7404.67,1,430071.11
CUST76052371117,216.55,216.55,1,432414.66
CUST76057164541,1299.29,1299.29,1,99009.65
CUST76061542084,2230.74,2230.74,1,256600.12
CUST76066640373,80.18,80.18,1,356489.82
CUST76071605966,423.0,423.0,1,443260.26
CUST76077868898,354.53,354.53,1,186646.64
CUST76089680643,678.51,678.51,1,459882.8
CUST76090741832,284.82,284.82,1,130686.34
CUST76091870262,1526.89,1526.89,1,278395.83
CUST76093255159,1926.26,1926.26,1,467644.66
CUST76096605817,5617.11,5617.11,1,331386.89
CUST76096780034,59.85,59.85,1,40096.2
CUST76098050798,2662.49,2662.49,1,202776.09
CUST76105096154,307.69,307.69,1,430556.13
CUST76108232473,493.34,493.34,1,41322.65
CUST76118304378,503.55,503.55,1,29912.82
CUST76122951413,121.16,121.16,1,388402.32
CUST76130871592,267.68,267.68,1,247542.29
CUST76132352329,930.36,930.36,1,71547.46
CUST76132453179,261.31,261.31,1,457089.37
CUST76140153349,6085.92,6085.92,1,14880.37
CUST76145534787,1846.82,1846.82,1,409557.31
CUST76146885069,1305.72,1305.72,1,415405.54
CUST76147960136,56.11,56.11,1,266334.75
CUST76159484600,5654.67,5654.67,1,483993.13
CUST76160257215,338.49,338.49,1,18961.18
CUST76162552608,1090.72,1090.72,1,236070.05
CUST76164821872,751.9,751.9,1,7468.74
CUST76170428011,1289.67,1289.67,1,53719.28
CUST76171132858,736.62,736.62,1,64916.5
CUST76172007834,2408.49,2408.49,1,331207.1
CUST76174105182,774.88,774.88,1,369663.63
CUST76174613275,560.22,560.22,1,9217.12
CUST76175042949,785.5,785.5,1,494316.83
CUST76176460054,168.49,168.49,1,82189.2
CUST76183605316,1427.69,1427.69,1,121517.31
CUST76183807468,430.39,430.39,1,385754.35
CUST76184333785,1417.69,1417.69,1,155665.45
CUST76189756949,168.15,168.15,1,393150.9
CUST76190528387,113.22,113.22,1,195958.91
CUST76193908746,1364.07,1364.07,1,104847.09
CUST76195045913,157.62,157.62,1,346491.15
CUST76197506943,3147.92,3147.92,1,416134.69
CUST76197724098,4246.0,4246.0,1,332470.6
CUST76202708198,2563.67,2563.67,1,29172.82
CUST76208381771,517.12,517.12,1,82192.5
CUST76213434693,438.36,438.36,1,20325.87
CUST76219524909,169.18,169.18,1,297948.28
CUST76222847937,4128.36,4128.36,1,406697.51
CUST76226615011,212.39,212.39,1,79301.3
CUST76230370636,97.61,97.61,1,144040.13
CUST76232736926,640.92,640.92,1,78906.26
CUST76237390441,1449.8,1449.8,1,205767.26
CUST76256360057,194.07,194.07,1,32077.98
CUST76259872062,3151.56,3151.56,1,364662.8
CUST76261222124,253.22,253.22,1,32726.65
CUST76266776027,347.37,347.37,1,304879.61
CUST76273116017,912.67,912.67,1,449795.09
CUST76281751122,200.73,200.73,1,446933.21
CUST76282416005,624.29,624.29,1,166340.32
CUST76283788203,521.19,521.19,1,372051.37
CUST76293653598,230.16,230.16,1,78350.89
CUST76300208779,1166.02,1166.02,1,407622.5
CUST76308300115,1128.02,1128.02,1,223139.96
CUST76312118394,4335.66,4335.66,1,141145.67
CUST76312507888,388.43,388.43,1,284194.13
CUST76331910064,713.22,713.22,1,75867.62
CUST76346169648,510.43,510.43,1,236215.88
CUST76349464606,2264.31,2264.31,1,224091.64
CUST76360925102,1569.76,1569.76,1,310099.03
CUST76363528849,1599.29,1599.29,1,461166.13
CUST76365456103,234.56,234.56,1,495747.59
CUST76366979295,155.23,155.23,1,196614.68
CUST76369467716,14088.6,14088.6,1,448354.2
CUST76371142298,400.43,400.43,1,334711.24
CUST76376399844,389.96,389.96,1,172411.03
CUST76377711470,1628.88,1628.88,1,22551.45
CUST76387019926,164.7,164.7,1,39916.29
CUST76393801964,793.68,793.68,1,187740.41
CUST76399106915,1338.1,1338.1,1,40988.46
CUST76403349824,700.76,700.76,1,161285.76
CUST76404327214,2250.59,2250.59,1,209401.64
CUST76411886750,1394.12,1394.12,1,75712.74
CUST76414984782,4662.54,4662.54,1,64484.83
CUST76420461788,201.44,201.44,1,364483.16
CUST76432558142,615.03,615.03,1,164071.82
CUST76442267679,2508.73,2508.73,1,25058.41
CUST76445194300,2975.74,2975.74,1,251708.16
CUST76449099756,243.26,243.26,1,240644.43
CUST76454217215,356.43,356.43,1,143054.98
CUST76455463290,483.61,483.61,1,314738.66
CUST76456100442,176.6,176.6,1,277131.89
CUST76461782462,260.43,260.43,1,494750.47
CUST76461943299,794.9,794.9,1,118955.26
CUST76468817122,25.67,25.67,1,294939.41
CUST76474630087,3269.38,3269.38,1,45642.17
CUST76476009978,359.64,359.64,1,80783.24
CUST76477061931,308.13,308.13,1,293545.68
CUST76478175251,1640.29,1640.29,1,270881.84
CUST76478273670,229.62,229.62,1,3367.86
CUST76479899531,1631.01,1631.01,1,50058.43
CUST76484144984,2508.31,2508.31,1,286569.68
CUST76490845597,114.86,114.86,1,351703.48
CUST76491155081,802.02,802.02,1,29933.13
CUST76501401426,372.61,372.61,1,178019.99
CUST76514186446,950.08,950.08,1,149023.79
CUST76517272853,1356.28,1356.28,1,243342.58
CUST76518705133,439.17,439.17,1,83705.08
CUST76519829820,135.63,135.63,1,218665.49
CUST76530046286,577.97,577.97,1,349023.19
CUST76533407401,1906.24,1906.24,1,284438.74
CUST76534283382,455.57,455.57,1,21480.94
CUST76536852595,712.96,712.96,1,52703.34
CUST76538813390,467.93,467.93,1,236148.52
CUST76546407553,3681.04,3681.04,1,468963.5
CUST76547506558,2262.17,2262.17,1,79791.41
CUST76547836611,3494.3,3494.3,1,340161.48
CUST76552474679,241.91,241.91,1,81577.7
CUST76557201687,1027.4,1027.4,1,467032.99
CUST76557226894,1525.19,1525.19,1,318002.15
CUST76558311691,220.73,220.73,1,423559.38
CUST76563406180,139.34,139.34,1,298779.26
CUST76574047109,116.19,116.19,1,429728.59
CUST76587917582,418.86,418.86,1,309172.09
CUST76596998860,1773.17,1773.17,1,140875.83
CUST76598047349,20197.86,20197.86,1,293918.67
CUST76604055314,1214.58,1214.58,1,425684.53
CUST76604755591,168.94,168.94,1,73487.84
CUST76604975873,369.03,369.03,1,329634.47
CUST76611267016,11250.44,11250.44,1,118355.77
CUST76615587995,2851.66,2851.66,1,434914.09
CUST76618808590,1538.42,1538.42,1,6747.81
CUST76624170102,212.01,212.01,1,302518.43
CUST76633867475,636.62,636.62,1,126573.28
CUST76646264014,1184.53,1184.53,1,419012.79
CUST76655347705,412.71,412.71,1,311566.62
CUST76656005997,1531.33,1531.33,1,154944.99
CUST76658798396,2363.99,2363.99,1,27835.67
CUST76668915456,69.25,69.25,1,177520.59
CUST76674443426,1145.8,1145.8,1,165407.61
CUST76675021604,971.13,971.13,1,240833.73
CUST76677190417,769.58,769.58,1,132210.36
CUST76683615846,1003.3,1003.3,1,463270.39
CUST76684038349,444.32,444.32,1,349064.72
CUST76691725740,341.37,341.37,1,151909.01
CUST76703364095,2574.67,2574.67,1,325450.67
CUST76707145776,319.78,319.78,1,30850.21
CUST76721294190,551.95,551.95,1,78247.12
CUST76722721364,121.37,121.37,1,118119.11
CUST76728945302,1410.69,1410.69,1,146389.47
CUST76729608022,182.27,182.27,1,302903.19
CUST76743712606,223.49,223.49,1,136627.36
CUST76745688087,72.6,72.6,1,321949.21
CUST76747182466,87.83,87.83,1,34586.79
CUST76747680512,787.54,787.54,1,200253.65
CUST76747896708,586.15,586.15,1,400022.07
CUST76753813404,3530.48,3530.48,1,150832.27
CUST76758115396,1809.99,1809.99,1,231182.54
CUST76767470588,2139.9,2139.9,1,370975.42
CUST76767877366,955.84,955.84,1,435623.4
CUST76769996145,240.87,240.87,1,30358.28
CUST76773829520,994.37,994.37,1,320248.13
CUST76780529531,2106.22,2106.22,1,101571.6
CUST76785307498,1117.95,1117.95,1,340817.7
CUST76786352424,1049.06,1049.06,1,125796.29
CUST76790623971,3844.54,3844.54,1,488124.73
CUST76799952959,42.84,42.84,1,398090.64
CUST76800421354,98.52,98.52,1,282865.66
CUST76802070226,1786.96,1786.96,1,173320.16
CUST76806617410,4160.21,4160.21,1,198844.11
CUST76809953400,120.98,120.98,1,326012.28
CUST76811539315,1588.33,1588.33,1,42174.77
CUST76816897649,1369.98,1369.98,1,114585.79
CUST76817299836,280.6,280.6,1,494073.35
CUST76821383207,220.09,220.09,1,416349.4
CUST76828334854,503.24,503.24,1,207889.14
CUST76832681562,3690.29,3690.29,1,433609.16
CUST76845599734,205.76,205.76,1,53208.4
CUST76847639753,1687.62,1687.62,1,83720.16
CUST76847906948,1243.67,1243.67,1,143035.76
CUST76849707482,1111.15,1111.15,1,466695.96
CUST76850899476,371.03,371.03,1,304755.39
CUST76852021586,265.39,265.39,1,461699.02
CUST76852143405,926.99,926.99,1,494654.53
CUST76854280454,2903.67,2903.67,1,336042.23
CUST76861363164,916.7,916.7,1,2469.04
CUST76864406617,441.79,441.79,1,65623.62
CUST76865544317,449.0,449.0,1,204663.33
CUST76867201017,5038.65,5038.65,1,69601.91
CUST76878164109,185.21,185.21,1,126604.47
CUST76878485315,772.42,772.42,1,328344.39
CUST76881799899,1762.22,1762.22,1,245353.36
CUST76881957059,742.85,742.85,1,208870.12
CUST76882120325,572.27,572.27,1,418332.39
CUST76885347273,239.51,239.51,1,404776.61
CUST76898189843,2931.54,2931.54,1,17710.38
CUST76898461077,109.73,109.73,1,491530.9
CUST76899865904,532.61,532.61,1,487665.22
CUST76904169751,246.25,246.25,1,411653.44
CUST76908120089,172.58,172.58,1,269523.43
CUST76915921599,587.42,587.42,1,189971.85
CUST76921031097,366.14,366.14,1,401340.52
CUST76922907029,285.18,285.18,1,95728.46
CUST76924362209,296.07,296.07,1,131345.98
CUST76928096149,101.21,101.21,1,373840.63
CUST76935620701,8854.88,8854.88,1,254556.38
CUST76944077902,1005.56,1005.56,1,93665.21
CUST76958260844,951.66,951.66,1,267236.19
CUST76959633945,448.72,448.72,1,302152.1
CUST76962567931,473.97,473.97,1,64377.51
CUST76962934898,5947.34,5947.34,1,419933.45
CUST76963949426,333.76,333.76,1,256860.86
CUST76976782242,342.86,342.86,1,298918.91
CUST76978042550,553.35,553.35,1,210259.77
CUST76978568960,568.41,568.41,1,393554.43
CUST76982341712,388.01,388.01,1,26246.68
CUST76984820845,4364.49,4364.49,1,305056.23
CUST76985619672,455.35,455.35,1,423689.06
CUST76987643200,1456.41,1456.41,1,338699.16
CUST76989032757,407.19,407.19,1,159560.98
CUST76990244505,1695.99,1695.99,1,71571.57
CUST76993136868,37.93,37.93,1,61170.68
CUST76997764457,9147.05,9147.05,1,224421.11
CUST76998212050,2702.73,2702.73,1,29252.84
CUST77005184620,1121.48,1121.48,1,282015.32
CUST77007024230,1106.6,1106.6,1,16039.91
CUST77009633523,185.85,185.85,1,131905.03
CUST77013127274,18802.63,18802.63,1,349019.07
CUST77016292786,325.13,325.13,1,438094.94
CUST77016804322,1264.6,1264.6,1,126183.42
CUST77026028748,273.96,273.96,1,434011.95
CUST77027468820,36.7,36.7,1,492695.61
CUST77029341820,62.23,62.23,1,239500.58
CUST77030172299,1131.05,1131.05,1,254679.48
CUST77037805500,1632.94,1632.94,1,181640.44
CUST77039993391,978.9,978.9,1,252134.81
CUST77040389757,3669.51,3669.51,1,27685.25
CUST77041213949,1312.93,1312.93,1,253176.56
CUST77045967650,2159.86,2159.86,1,188197.97
CUST77057534872,1375.31,1375.31,1,243823.12
CUST77057907586,1885.84,1885.84,1,477751.27
CUST77060915934,711.22,711.22,1,56414.1
CUST77060925194,2485.04,2485.04,1,150516.47
CUST77062651285,530.59,530.59,1,411062.1
CUST77068854652,2076.46,2076.46,1,278312.05
CUST77071233173,282.02,282.02,1,445125.65
CUST77081435297,737.8,737.8,1,457499.82
CUST77101452458,3527.81,3527.81,1,189889.25
CUST77121256085,1743.66,1743.66,1,198647.15
CUST77127896144,90.17,90.17,1,430399.65
CUST77130297944,336.74,336.74,1,239629.89
CUST77130675343,3041.09,3041.09,1,26017.78
CUST77137866793,18782.66,18782.66,1,280493.49
CUST77137906078,3952.18,3952.18,1,62916.43
CUST77139351059,164.05,164.05,1,197214.04
CUST77144307928,1200.71,1200.71,1,395480.98
CUST77146748223,763.46,763.46,1,301012.43
CUST77151583056,6387.52,6387.52,1,383808.52
CUST77152869069,702.96,702.96,1,449551.23
CUST77160475979,2728.98,2728.98,1,10209.26
CUST77162706141,810.52,810.52,1,275617.32
CUST77163990394,1488.27,1488.27,1,478671.18
CUST77172194020,1051.96,1051.96,1,401869.01
CUST77172876445,917.56,917.56,1,26165.46
CUST77175891262,34.94,34.94,1,407280.76
CUST77182666514,823.78,823.78,1,482086.34
CUST77183386414,3700.87,3700.87,1,105463.81
CUST77190207090,230.91,230.91,1,9009.52
CUST77194880822,382.19,382.19,1,412943.72
CUST77198516380,1279.72,1279.72,1,116345.22
CUST77206314914,446.92,446.92,1,253702.24
CUST77215765702,2752.89,2752.89,1,276837.82
CUST77218394181,294.28,294.28,1,311557.8
CUST77222543682,5875.82,5875.82,1,237698.95
CUST77226718328,495.78,495.78,1,379425.61
CUST77230540098,2184.99,2184.99,1,455327.82
CUST77230757773,625.03,625.03,1,356988.85
CUST77245100908,25915.37,25915.37,1,84173.8
CUST77247340205,5367.23,5367.23,1,248501.92
CUST77248131979,263.28,263.28,1,463727.14
CUST77254102542,230.49,230.49,1,439738.57
CUST77256859138,30.05,30.05,1,71503.68
CUST77259903981,2215.96,2215.96,1,29927.93
CUST77260360336,409.04,409.04,1,179758.17
CUST77262371086,5978.42,5978.42,1,147737.4
CUST77268017739,60.89,60.89,1,217967.01
CUST77274978032,255.51,255.51,1,195545.0
CUST77282885151,138.94,138.94,1,448258.67
CUST77286122787,2769.58,2769.58,1,189515.03
CUST77289729528,698.27,698.27,1,422733.79
CUST77289782263,3166.97,3166.97,1,60387.1
CUST77291941339,3462.14,3462.14,1,204998.87
CUST77293529364,451.51,451.51,1,85721.24
CUST77293576740,2792.11,2792.11,1,317314.59
CUST77306063209,122.17,122.17,1,294314.96
CUST77309974402,842.36,842.36,1,231231.63
CUST77310132889,805.42,805.42,1,374439.62
CUST77326751244,345.89,345.89,1,400397.42
CUST77341798008,525.14,525.14,1,264471.4
CUST77344356195,360.51,360.51,1,466249.73
CUST77351504325,397.35,397.35,1,317443.28
CUST77356600756,4083.91,4083.91,1,1233.33
CUST77359993708,532.03,532.03,1,54033.87
CUST77370368681,577.09,577.09,1,167035.8
CUST77373415111,660.34,660.34,1,1687.15
CUST77386596814,158.73,158.73,1,274986.56
CUST77389452528,1183.67,1183.67,1,427897.92
CUST77392861253,372.8,372.8,1,150686.22
CUST77393576189,7369.11,7369.11,1,448205.45
CUST77400204504,43235.74,43235.74,1,426334.13
CUST77407027016,5596.54,5596.54,1,371507.47
CUST77413120305,268.71,268.71,1,106407.47
CUST77423178922,4801.56,4801.56,1,62641.42
CUST77425701343,383.04,383.04,1,8265.1
CUST77433032096,799.03,799.03,1,277209.53
CUST77440845314,55.06,55.06,1,351206.55
CUST77442861204,520.5,520.5,1,423349.68
CUST77443079742,561.54,561.54,1,371257.36
CUST77467914506,1273.6,1273.6,1,183090.58
CUST77475431216,608.02,608.02,1,472816.97
CUST77480412770,158.57,158.57,1,466582.29
CUST77481619834,461.54,461.54,1,31957.65
CUST77488121095,1966.55,1966.55,1,117584.42
CUST77512031114,503.04,503.04,1,154833.03
CUST77521396359,576.4,576.4,1,358204.49
CUST77521793569,1348.5,1348.5,1,152447.11
CUST77523837379,148.13,148.13,1,137686.24
CUST77524151830,2683.8,2683.8,1,155577.69
CUST77524418313,2637.63,2637.63,1,314232.25
CUST77530436705,312.09,312.09,1,319541.9
CUST77537685370,12798.12,12798.12,1,200556.62
CUST77539865990,570.04,570.04,1,138236.07
CUST77548384484,1048.23,1048.23,1,431130.91
CUST77551777774,233.73,233.73,1,277851.61
CUST77552731249,1339.21,1339.21,1,459174.82
CUST77560808794,990.06,990.06,1,486214.13
CUST77561488664,1453.73,1453.73,1,135466.45
CUST77562314074,11127.32,11127.32,1,477402.18
CUST77565167992,1262.04,1262.04,1,56957.56
CUST77565839637,2814.76,2814.76,1,131008.35
CUST77566529607,58.17,58.17,1,57101.84
CUST77569808695,3595.71,3595.71,1,478078.08
CUST77571725430,1341.1,1341.1,1,479037.93
CUST77576358217,3019.83,3019.83,1,450220.56
CUST77577290651,566.68,566.68,1,342951.54
CUST77579649606,1968.38,1968.38,1,463077.5
CUST77581731021,464.63,464.63,1,362453.73
CUST77584002062,57.57,57.57,1,481638.47
CUST77587601176,1041.43,1041.43,1,351950.27
CUST77588001809,977.88,977.88,1,312434.28
CUST77597413251,1580.25,1580.25,1,48841.45
CUST77598836083,626.54,626.54,1,87584.09
CUST77599845482,242.58,242.58,1,109062.57
CUST77611478504,4140.25,4140.25,1,328783.39
CUST77612114222,252.97,252.97,1,360073.52
CUST77616516422,694.26,694.26,1,147830.47
CUST77618685899,4335.01,4335.01,1,160264.44
CUST77623878229,855.43,855.43,1,127870.27
CUST77628540125,436.76,436.76,1,380907.15
CUST77632305530,463.93,463.93,1,15163.7
CUST77638626757,2460.28,2460.28,1,11523.01
CUST77641320042,504.09,504.09,1,393532.28
CUST77641389864,579.15,579.15,1,261009.05
CUST77644238920,328.34,328.34,1,123769.27
CUST77646246314,341.4,341.4,1,469716.76
CUST77656045024,669.01,669.01,1,387102.25
CUST77662883654,90.27,90.27,1,84802.29
CUST77667888865,233.42,233.42,1,282245.68
CUST77672026660,789.5,789.5,1,236810.14
CUST77672724754,542.42,542.42,1,133102.48
CUST77674794032,400.8,400.8,1,171393.83
CUST77678634635,36217.46,36217.46,1,202121.91
CUST77678683458,1001.93,1001.93,1,196976.46
CUST77681589053,4292.5,4292.5,1,73449.7
CUST77686115390,8654.84,8654.84,1,353166.46
CUST77686799909,3907.65,3907.65,1,377029.78
CUST77689034483,10789.8,10789.8,1,381782.23
CUST77691704893,1543.82,1543.82,1,485074.54
CUST77718172673,303.65,303.65,1,139345.36
CUST77719727700,585.05,585.05,1,14345.79
CUST77720454781,2830.12,2830.12,1,217996.19
CUST77724202759,1184.73,1184.73,1,201939.77
CUST77729702624,267.36,267.36,1,221835.86
CUST77731358826,731.73,731.73,1,350520.17
CUST77732768047,2982.52,2982.52,1,401674.24
CUST77735015929,142.45,142.45,1,10030.53
CUST77738084573,5002.59,5002.59,1,435825.38
CUST77738182656,101.56,101.56,1,495039.95
CUST77740705854,6175.38,6175.38,1,61046.86
CUST77748120642,387.34,387.34,1,337453.46
CUST77751569123,4136.78,4136.78,1,456012.61
CUST77755622789,211.45,211.45,1,486507.58
CUST77757591642,788.39,788.39,1,164279.51
CUST77763244980,6944.3,6944.3,1,306554.03
CUST77769170533,257.98,257.98,1,104900.93
CUST77780468257,390.55,390.55,1,257930.95
CUST77783712971,415.89,415.89,1,449391.33
CUST77784459450,33927.41,33927.41,1,7363.87
CUST77791685512,540.0,540.0,1,142767.43
CUST77792235895,1760.75,1760.75,1,105667.21
CUST77797605584,5291.17,5291.17,1,138609.42
CUST77813493305,430.69,430.69,1,461880.84
CUST77813685875,2654.83,2654.83,1,239710.46
CUST77815846884,2062.02,2062.02,1,335976.72
CUST77817611325,4588.02,4588.02,1,427118.16
CUST77819167977,228.37,228.37,1,157695.35
CUST77820133746,26138.9,26138.9,1,419435.84
CUST77821894471,713.57,713.57,1,86653.53
CUST77822214021,196.62,196.62,1,488215.37
CUST77836670316,1389.74,1389.74,1,344788.4
CUST77841804270,321.72,321.72,1,103791.32
CUST77843549963,273.16,273.16,1,377127.84
CUST77846105553,410.26,410.26,1,130185.46
CUST77849785091,97.44,97.44,1,443897.22
CUST77854238174,666.23,666.23,1,371306.76
CUST77867663890,2807.92,2807.92,1,284227.07
CUST77868796736,215.36,215.36,1,102223.52
CUST77871880564,91.05,91.05,1,322551.9
CUST77874218962,4725.51,4725.51,1,449177.35
CUST77877711031,706.25,706.25,1,123556.63
CUST77883719488,137.18,137.18,1,476657.39
CUST77887066523,144.62,144.62,1,465795.24
CUST77899097770,354.99,354.99,1,456372.56
CUST77900069526,1468.85,1468.85,1,192013.5
CUST77904514222,1452.44,1452.44,1,71554.5
CUST77911812318,538.14,538.14,1,250236.63
CUST77912391728,1625.76,1625.76,1,306578.52
CUST77914407679,520.46,520.46,1,452236.97
CUST77929480797,1537.31,1537.31,1,383631.19
CUST77930005362,439.27,439.27,1,130676.09
CUST77937925764,1367.16,1367.16,1,207439.52
CUST77940489155,628.25,628.25,1,327615.56
CUST77941517883,1322.01,1322.01,1,370978.91
CUST77946340672,987.85,987.85,1,256762.47
CUST77946986192,1184.98,1184.98,1,222291.95
CUST77970083369,1397.87,1397.87,1,490297.47
CUST77971654020,16500.83,16500.83,1,224849.07
CUST77973171130,264.63,264.63,1,468245.75
CUST77978939462,7184.8,7184.8,1,217614.08
CUST77982612848,493.99,493.99,1,53608.3
CUST77985420327,1295.7,1295.7,1,226371.01
CUST77993024757,465.65,465.65,1,336220.12
CUST77998479387,162.42,162.42,1,148891.3
CUST77998508044,1430.22,1430.22,1,237128.62
CUST78012734575,600.02,600.02,1,155640.02
CUST78013296434,476.31,476.31,1,446112.57
CUST78014423621,754.19,754.19,1,259078.77
CUST78014869594,360.75,360.75,1,486930.46
CUST78016115650,327.98,327.98,1,381256.68
CUST78017855738,1359.12,1359.12,1,414183.96
CUST78022130257,3904.37,3904.37,1,492229.39
CUST78029045362,426.4,426.4,1,458922.58
CUST78036757629,740.36,740.36,1,20308.74
CUST78043233255,1876.31,1876.31,1,159088.9
CUST78051782125,562.87,562.87,1,486757.18
CUST78054525652,513.59,513.59,1,168170.11
CUST78058030059,225.23,225.23,1,188610.75
CUST78058558916,4376.63,4376.63,1,394184.34
CUST78063737518,379.48,379.48,1,214639.12
CUST78070357139,2057.86,2057.86,1,78409.5
CUST78070821761,5298.27,5298.27,1,471052.83
CUST78074550792,958.03,958.03,1,56108.76
CUST78075071216,3817.36,3817.36,1,89566.69
CUST78079730282,2454.26,2454.26,1,146971.91
CUST78090480578,19011.54,19011.54,1,74548.41
CUST78098738548,1839.88,1839.88,1,416430.42
CUST78099087527,5124.7,5124.7,1,158802.72
CUST78100201980,854.33,854.33,1,228886.79
CUST78101454871,682.92,682.92,1,496468.13
CUST78102033376,137.16,137.16,1,42793.39
CUST78102922807,207.76,207.76,1,102043.96
CUST78107498661,1089.83,1089.83,1,145458.02
CUST78114308492,668.83,668.83,1,71412.68
CUST78114351823,4175.02,4175.02,1,250869.51
CUST78131029294,1030.96,1030.96,1,238048.59
CUST78135259265,2832.09,2832.09,1,124546.71
CUST78140457015,262.26,262.26,1,374379.36
CUST78158628380,1328.84,1328.84,1,147291.17
CUST78166053516,137.65,137.65,1,248113.93
CUST78180294387,1009.06,1009.06,1,296210.36
CUST78181261958,739.29,739.29,1,417318.31
CUST78195080807,2908.32,2908.32,1,236531.25
CUST78197207101,12300.82,12300.82,1,456020.88
CUST78201146152,1750.26,1750.26,1,226113.16
CUST78213406954,1367.64,1367.64,1,63940.99
CUST78214888630,529.48,529.48,1,410392.74
CUST78223599204,665.62,665.62,1,301465.64
CUST78226608613,454.33,454.33,1,154024.77
CUST78234074308,75.17,75.17,1,310891.55
CUST78236065209,422.02,422.02,1,41630.24
CUST78238177743,615.23,615.23,1,247198.6
CUST78240029736,1979.87,1979.87,1,194385.69
CUST78255311869,946.29,946.29,1,414914.01
CUST78259650641,267.83,267.83,1,63905.89
CUST78259861524,49.79,49.79,1,243295.6
CUST78263463256,198.15,198.15,1,271995.93
CUST78272480402,3871.62,3871.62,1,140564.12
CUST78279998819,107.96,107.96,1,15961.57
CUST78288995169,1684.86,1684.86,1,226587.92
CUST78293088014,4927.17,4927.17,1,81341.85
CUST78299185365,313.73,313.73,1,251597.84
CUST78300510014,341.31,341.31,1,163227.13
CUST78304765959,1799.56,1799.56,1,166911.87
CUST78306493896,959.03,959.03,1,100822.96
CUST78315328271,7607.27,7607.27,1,339958.05
CUST78320789665,2045.79,2045.79,1,114845.46
CUST78321118913,373.78,373.78,1,451309.59
CUST78321464782,377.16,377.16,1,399389.78
CUST78329305538,133.6,133.6,1,329372.48
CUST78332331931,63.1,63.1,1,261541.63
CUST78337687360,344.15,344.15,1,64035.7
CUST78340399960,493.09,493.09,1,193891.08
CUST78341354594,244.69,244.69,1,5070.02
CUST78344747083,1002.27,1002.27,1,466022.45
CUST78344942235,1645.47,1645.47,1,351490.62
CUST78345838128,539.06,539.06,1,1418.59
CUST78346283214,415.67,415.67,1,205533.14
CUST78354757265,1223.68,1223.68,1,466483.38
CUST78355175523,1437.01,1437.01,1,264816.67
CUST78357468366,335.2,335.2,1,204951.65
CUST78364529047,205.86,205.86,1,130189.26
CUST78367384171,3727.0,3727.0,1,328725.49
CUST78367920585,62.97,62.97,1,131513.4
CUST78377626361,861.07,861.07,1,233676.08
CUST78377746837,3565.95,3565.95,1,60604.24
CUST78379396710,525.12,525.12,1,376650.34
CUST78390543975,7877.15,7877.15,1,442311.11
CUST78392207948,726.91,726.91,1,210212.24
CUST78395351707,1043.4,1043.4,1,77566.54
CUST78396472229,245.93,245.93,1,465653.84
CUST78400463141,981.63,981.63,1,39199.2
CUST78400969710,109.8,109.8,1,105631.77
CUST78402002632,4770.99,4770.99,1,187248.24
CUST78402790727,350.36,350.36,1,193341.59
CUST78406830352,209.88,209.88,1,497605.67
CUST78413075935,201.51,201.51,1,274138.77
CUST78424518434,481.97,481.97,1,268127.87
CUST78429381843,1540.71,1540.71,1,470634.32
CUST78431093521,2658.44,2658.44,1,414455.46
CUST78435044943,299.13,299.13,1,496768.58
CUST78445611061,58.49,58.49,1,26852.43
CUST78446277604,200.36,200.36,1,392443.65
CUST78449193845,95.41,95.41,1,262932.99
CUST78449426871,1082.01,1082.01,1,209085.04
CUST78455066224,586.12,586.12,1,85418.99
CUST78459065669,793.8,793.8,1,97607.98
CUST78460744731,576.65,576.65,1,260370.18
CUST78462528573,459.94,459.94,1,20139.84
CUST78477879669,504.54,504.54,1,497764.83
CUST78479765246,1543.61,1543.61,1,82101.76
CUST78480112384,123.66,123.66,1,286738.72
CUST78492052548,77.8,77.8,1,45060.27
CUST78495592228,329.66,329.66,1,402987.59
CUST78495713134,335.2,335.2,1,277389.67
CUST78499794295,1263.57,1263.57,1,128941.55
CUST78504551536,205.6,205.6,1,64370.84
CUST78505854247,289.7,289.7,1,45196.71
CUST78506884704,385.44,385.44,1,330325.76
CUST78507005181,5632.96,5632.96,1,61235.71
CUST78516827595,347.1,347.1,1,458763.28
CUST78517737030,637.72,637.72,1,444122.92
CUST78520473769,714.46,714.46,1,392236.95
CUST78527531861,286.53,286.53,1,209988.35
CUST78539730781,384.39,384.39,1,215114.42
CUST78543089138,305.68,305.68,1,94330.19
CUST78548833343,2162.96,2162.96,1,362240.28
CUST78549403079,3651.54,3651.54,1,426327.52
CUST78550489401,3686.96,3686.96,1,351142.47
CUST78559849986,1430.55,1430.55,1,350120.63
CUST78560406503,558.37,558.37,1,474004.96
CUST78560708370,255.65,255.65,1,148573.6
CUST78564552653,187.4,187.4,1,241871.73
CUST78570385080,1009.63,1009.63,1,323488.42
CUST78578248958,605.58,605.58,1,265205.97
CUST78582410757,581.81,581.81,1,135646.13
CUST78590890119,6806.11,6806.11,1,462876.81
CUST78593235388,94.93,94.93,1,421408.38
CUST78595677418,4601.13,4601.13,1,36649.95
CUST78598209222,7959.55,7959.55,1,38479.58
CUST78598862747,1001.61,1001.61,1,334688.4
CUST78599366712,1403.55,1403.55,1,153136.75
CUST78606102287,304.04,304.04,1,222538.64
CUST78606528523,116.54,116.54,1,238705.36
CUST78611981656,1474.9,1474.9,1,474840.7
CUST78615724070,1330.79,1330.79,1,185783.11
CUST78616188295,1957.02,1957.02,1,268870.01
CUST78617625153,713.03,713.03,1,117226.73
CUST78623335859,595.01,595.01,1,484350.47
CUST78624594787,304.82,304.82,1,184758.19
CUST78625756748,213.44,213.44,1,79351.87
CUST78632324636,4564.0,4564.0,1,349142.93
CUST78638308950,7458.57,7458.57,1,88229.14
CUST78645576786,3546.39,3546.39,1,11669.32
CUST78665889299,14821.51,14821.51,1,460991.9
CUST78667181439,1223.78,1223.78,1,159051.51
CUST78667306945,4755.85,4755.85,1,58571.43
CUST78682317312,179.92,179.92,1,134337.64
CUST78687074054,1058.34,1058.34,1,491857.63
CUST78694536257,232.83,232.83,1,336826.72
CUST78701870516,3174.17,3174.17,1,468488.6
CUST78712652287,2484.57,2484.57,1,149736.65
CUST78722176768,845.89,845.89,1,314923.62
CUST78723327587,133.76,133.76,1,420088.76
CUST78726432143,1065.4,1065.4,1,7926.45
CUST78727877970,3011.6,3011.6,1,105744.93
CUST78728718193,383.03,383.03,1,366201.56
CUST78731507123,1260.97,1260.97,1,1615.17
CUST78733362030,595.26,595.26,1,188990.56
CUST78740516240,366.74,366.74,1,140025.76
CUST78744027343,17287.27,17287.27,1,273595.81
CUST78745999899,892.02,892.02,1,261784.93
CUST78747568871,9458.87,9458.87,1,305274.85
CUST78751581413,468.18,468.18,1,470964.75
CUST78751631133,820.18,820.18,1,372267.19
CUST78752336350,4641.12,4641.12,1,11037.21
CUST78766017415,52990.11,52990.11,1,79873.15
CUST78774750516,227.45,227.45,1,246154.68
CUST78778267684,2708.28,2708.28,1,494840.57
CUST78779316010,2834.14,2834.14,1,283985.14
CUST78784075774,198.16,198.16,1,392576.9
CUST78789671135,1202.41,1202.41,1,471239.12
CUST78804775062,75541.75,75541.75,1,123480.11
CUST78810768383,633.84,633.84,1,94251.78
CUST78813927303,513.84,513.84,1,27140.48
CUST78814237513,392.1,392.1,1,155479.93
CUST78830997196,550.83,550.83,1,33483.78
CUST78850834791,548.09,548.09,1,167127.54
CUST78852096760,396.64,396.64,1,63593.12
CUST78856895064,1858.43,1858.43,1,9428.28
CUST78865707409,1443.86,1443.86,1,52878.24
CUST78876558706,4061.4,4061.4,1,50420.05
CUST78879603811,9644.01,9644.01,1,124822.01
CUST78882647261,1189.87,1189.87,1,179122.58
CUST78884566724,978.24,978.24,1,477614.0
CUST78891750953,432.59,432.59,1,218982.0
CUST78892487227,860.86,860.86,1,286310.61
CUST78897370494,610.02,610.02,1,247787.38
CUST78901847931,718.34,718.34,1,170163.56
CUST78907799763,245.62,245.62,1,36358.59
CUST78908636589,170.26,170.26,1,309214.47
CUST78911482052,803.09,803.09,1,304039.48
CUST78915803010,37.41,37.41,1,7688.71
CUST78918584546,394.37,394.37,1,217855.88
CUST78919042559,6253.4,6253.4,1,310743.73
CUST78924412632,340.13,340.13,1,416759.25
CUST78937278915,2768.12,2768.12,1,371707.34
CUST78939783295,360.29,360.29,1,215004.22
CUST78949321076,590.08,590.08,1,141558.78
CUST78951223789,592.97,592.97,1,218753.2
CUST78952509859,1416.22,1416.22,1,407318.08
CUST78955694357,74.76,74.76,1,148755.69
CUST78960155527,1504.9,1504.9,1,277001.75
CUST78962632619,63.48,63.48,1,132936.67
CUST78963134246,14109.07,14109.07,1,241539.53
CUST78969179435,669.97,669.97,1,131667.43
CUST78969916242,579.03,579.03,1,255621.85
CUST78978232984,76.96,76.96,1,467782.79
CUST78982248372,200.25,200.25,1,72877.54
CUST78989491022,241.16,241.16,1,366897.01
CUST78990759032,486.74,486.74,1,72014.97
CUST78997192491,715.3,715.3,1,217917.51
CUST78998617058,6631.11,6631.11,1,247113.22
CUST79002375174,1141.92,1141.92,1,60945.6
CUST79007981823,4811.17,4811.17,1,55482.54
CUST79013807344,1950.16,1950.16,1,443293.96
CUST79016372737,248.37,248.37,1,165538.26
CUST79019292100,181.01,181.01,1,190647.69
CUST79023108134,34758.19,34758.19,1,146547.92
CUST79035741731,77.84,77.84,1,387468.02
CUST79040058840,714.21,714.21,1,288109.21
CUST79040350172,1083.54,1083.54,1,308364.24
CUST79044403739,213.74,213.74,1,233320.2
CUST79046994826,12503.11,12503.11,1,36685.01
CUST79048714756,1557.36,1557.36,1,408076.13
CUST79051212973,813.09,813.09,1,262187.51
CUST79057748162,1596.91,1596.91,1,22255.99
CUST79075787117,437.14,437.14,1,155410.07
CUST79076870723,610.69,610.69,1,202444.1
CUST79085695592,43539.31,43539.31,1,51772.33
CUST79091648117,417.46,417.46,1,416480.76
CUST79092181099,4788.75,4788.75,1,457077.76
CUST79100388139,591.7,591.7,1,158238.12
CUST79102483790,1004.14,1004.14,1,149576.77
CUST79109710886,1867.59,1867.59,1,44947.83
CUST79113136746,784.12,784.12,1,314438.07
CUST79115480913,918.33,918.33,1,310625.15
CUST79116201149,509.45,509.45,1,26752.38
CUST79117456128,153.12,153.12,1,263674.53
CUST79118082227,147.24,147.24,1,58897.42
CUST79120440020,170.66,170.66,1,315260.59
CUST79123323439,892.42,892.42,1,225519.6
CUST79125742071,1177.44,1177.44,1,158627.74
CUST79126461739,2073.25,2073.25,1,216877.03
CUST79127979135,435.98,435.98,1,309065.5
CUST79132894397,291.51,291.51,1,161690.0
CUST79136495349,19802.79,19802.79,1,251467.97
CUST79138866139,4054.5,4054.5,1,59561.88
CUST79146689929,298.9,298.9,1,372534.25
CUST79147765270,1699.83,1699.83,1,246382.98
CUST79148139629,611.09,611.09,1,442269.39
CUST79149967549,2490.65,2490.65,1,46521.05
CUST79158245110,98.27,98.27,1,283038.45
CUST79160523193,1287.68,1287.68,1,308061.8
CUST79178341725,785.67,785.67,1,267138.97
CUST79182360162,1014.45,1014.45,1,459806.13
CUST79182463284,421.59,421.59,1,212866.33
CUST79191605581,413.8,413.8,1,452546.54
CUST79196499470,270.6,270.6,1,131558.27
CUST79201197062,235.61,235.61,1,401353.75
CUST79201924119,1593.01,1593.01,1,356085.94
CUST79202148974,1765.67,1765.67,1,92538.13
CUST79202701164,610.45,610.45,1,201749.2
CUST79209871985,2625.31,2625.31,1,122766.78
CUST79214678671,245.65,245.65,1,16446.93
CUST79223242090,878.75,878.75,1,5495.0
CUST79224987868,232.46,232.46,1,147887.04
CUST79231129835,2716.05,2716.05,1,284794.66
CUST79236583209,1891.55,1891.55,1,422760.52
CUST79242095357,613.19,613.19,1,322954.98
CUST79243737374,266.45,266.45,1,100491.34
CUST79245066094,2882.52,2882.52,1,222157.34
CUST79247722758,313.11,313.11,1,177131.4
CUST79268302154,185.79,185.79,1,85664.12
CUST79275090398,3373.97,3373.97,1,143791.1
CUST79279563744,816.97,816.97,1,294295.8
CUST79280583168,2843.01,2843.01,1,20692.49
CUST79282542698,2637.33,2637.33,1,291494.64
CUST79286567195,102.34,102.34,1,145855.78
CUST79288114229,1008.4,1008.4,1,30989.57
CUST79289790430,295.64,295.64,1,362892.39
CUST79299594109,1149.14,1149.14,1,19075.04
CUST79300581412,817.72,817.72,1,474010.88
CUST79302452458,6693.27,6693.27,1,55217.16
CUST79308060328,114.33,114.33,1,247010.56
CUST79328869494,431.58,431.58,1,300205.82
CUST79329577648,1038.47,1038.47,1,194126.77
CUST79335537209,815.27,815.27,1,217830.46
CUST79338443303,168.35,168.35,1,159447.66
CUST79343492208,408.75,408.75,1,58532.77
CUST79343629491,536.94,536.94,1,107545.82
CUST79344841118,897.07,897.07,1,326493.0
CUST79345074968,5778.97,5778.97,1,441400.6
CUST79346149173,30.14,30.14,1,237290.05
CUST79348252552,132.49,132.49,1,153408.63
CUST79356366911,215.91,215.91,1,256608.3
CUST79361694310,131.73,131.73,1,32780.25
CUST79376193854,3523.09,3523.09,1,73149.66
CUST79384591528,756.09,756.09,1,422796.25
CUST79389692611,1976.41,1976.41,1,414744.43
CUST79391430404,1746.57,1746.57,1,135604.71
CUST79407357365,336.72,336.72,1,299106.57
CUST79408262876,884.81,884.81,1,228916.38
CUST79408313532,628.55,628.55,1,112123.18
CUST79411221590,158.83,158.83,1,175792.6
CUST79413984044,13071.28,13071.28,1,147965.24
CUST79417434904,134.54,134.54,1,389375.04
CUST79418414084,2209.44,2209.44,1,294928.35
CUST79425691598,292.3,292.3,1,469248.56
CUST79429059190,137.04,137.04,1,320792.33
CUST79430973843,6717.05,6717.05,1,137450.07
CUST79431200078,187.34,187.34,1,391745.73
CUST79433132288,952.81,952.81,1,453507.11
CUST79434879213,304.69,304.69,1,57804.9
CUST79436023883,642.35,642.35,1,415423.59
CUST79440760239,25286.08,25286.08,1,202090.6
CUST79441875722,2432.92,2432.92,1,428035.11
CUST79443191250,1288.96,1288.96,1,21653.53
CUST79458942433,414.8,414.8,1,423816.01
CUST79464774206,1092.54,1092.54,1,251619.12
CUST79466802160,1443.61,1443.61,1,449117.8
CUST79471511693,168.87,168.87,1,47501.93
CUST79471731729,1090.18,1090.18,1,86005.7
CUST79472659636,1957.92,1957.92,1,126845.37
CUST79476284950,156.49,156.49,1,345231.73
CUST79477435996,510.57,510.57,1,390976.56
CUST79480503826,3500.71,3500.71,1,199922.59
CUST79496959418,109.4,109.4,1,288503.15
CUST79501512036,7727.74,7727.74,1,166583.12
CUST79506712067,602.61,602.61,1,476915.99
CUST79510882188,7454.39,7454.39,1,38422.11
CUST79531323065,398.16,398.16,1,152460.1
CUST79539235195,190.0,190.0,1,367196.8
CUST79540033446,1333.7,1333.7,1,299902.07
CUST79541144881,947.07,947.07,1,408824.2
CUST79553483209,1943.64,1943.64,1,286469.42
CUST79555108683,206.94,206.94,1,62297.18
CUST79555463737,1729.83,1729.83,1,144037.94
CUST79565681097,315.19,315.19,1,444780.22
CUST79566713324,280.32,280.32,1,417499.32
CUST79567641353,5063.37,5063.37,1,374549.07
CUST79569524811,252.06,252.06,1,243662.61
CUST79585575804,6450.08,6450.08,1,294593.7
CUST79588273798,1236.29,1236.29,1,281219.88
CUST79589868012,3992.27,3992.27,1,298643.93
CUST79593518776,943.34,943.34,1,362948.19
CUST79593750397,622.85,622.85,1,230465.38
CUST79594912811,10630.91,10630.91,1,225014.14
CUST79595339675,1542.51,1542.51,1,366013.91
CUST79601627727,511.75,511.75,1,429306.28
CUST79607800981,125.48,125.48,1,196944.23
CUST79611686749,643.18,643.18,1,485099.88
CUST79616779660,1038.93,1038.93,1,369794.57
CUST79619357866,258.39,258.39,1,4406.13
CUST79619850771,64.21,64.21,1,116596.65
CUST79625878332,511.97,511.97,1,347027.2
CUST79626827876,409.14,409.14,1,419341.78
CUST79639982017,555.95,555.95,1,159580.82
CUST79650329417,270.14,270.14,1,281555.45
CUST79650851481,266.28,266.28,1,257234.48
CUST79659228053,2838.77,2838.77,1,433804.82
CUST79681248468,758.55,758.55,1,452658.19
CUST79689304113,216.93,216.93,1,64321.23
CUST79696830881,214.73,214.73,1,253021.38
CUST79697884469,536.83,536.83,1,125106.24
CUST79700181378,1104.26,1104.26,1,170612.0
CUST79703081762,269.53,269.53,1,344833.68
CUST79706906441,321.47,321.47,1,394396.55
CUST79712479726,137.07,137.07,1,16497.02
CUST79726582724,3705.86,3705.86,1,79541.51
CUST79728684351,349.75,349.75,1,430945.72
CUST79728788874,336.59,336.59,1,187284.45
CUST79729487120,206.06,206.06,1,201709.18
CUST79735534028,594.67,594.67,1,70705.16
CUST79736744235,1000.0,1000.0,1,100832.89
CUST79740984742,2720.34,2720.34,1,40662.21
CUST79745254799,2013.3,2013.3,1,28851.29
CUST79747231600,2709.69,2709.69,1,473814.87
CUST79747402575,65.11,65.11,1,175920.01
CUST79750037778,658.19,658.19,1,341594.64
CUST79753725935,843.92,843.92,1,62198.04
CUST79756870044,113.55,113.55,1,286773.22
CUST79767476997,755.7,755.7,1,63496.96
CUST79769755954,713.77,713.77,1,336095.19
CUST79770945896,904.24,904.24,1,26019.82
CUST79772838031,3900.36,3900.36,1,450396.22
CUST79781338318,217.4,217.4,1,233385.12
CUST79785869163,287.0,287.0,1,205456.04
CUST79786994009,1855.73,1855.73,1,173230.54
CUST79796814008,214.46,214.46,1,55254.37
CUST79818156891,117.26,117.26,1,33069.62
CUST79818310560,286.3,286.3,1,381998.74
CUST79832362515,9086.62,9086.62,1,142942.91
CUST79840526234,371.9,371.9,1,436470.26
CUST79840767974,3861.95,3861.95,1,355901.51
CUST79842095938,233.97,233.97,1,275816.92
CUST79845894537,3370.94,3370.94,1,252346.38
CUST79846172942,780.25,780.25,1,54711.85
CUST79847318169,279.3,279.3,1,433059.27
CUST79852669462,246.37,246.37,1,83767.4
CUST79853976466,3109.85,3109.85,1,498593.75
CUST79857948646,11870.03,11870.03,1,90119.77
CUST79859806050,5626.44,5626.44,1,216985.6
CUST79867427179,527.64,527.64,1,259791.24
CUST79870509204,3075.74,3075.74,1,402166.47
CUST79871241745,1948.12,1948.12,1,130547.82
CUST79889599255,194.65,194.65,1,7859.36
CUST79892545353,7411.8,7411.8,1,90842.63
CUST79911689396,457.41,457.41,1,125664.27
CUST79914288124,789.02,789.02,1,409251.34
CUST79922909793,523.96,523.96,1,328582.48
CUST79927092999,83.89,83.89,1,200494.49
CUST79927970513,1124.92,1124.92,1,78035.85
CUST79928035340,598.98,598.98,1,68133.34
CUST79939904318,135.32,135.32,1,467732.39
CUST79942007587,962.91,962.91,1,184459.6
CUST79942098402,4028.13,4028.13,1,144755.98
CUST79942227955,3087.89,3087.89,1,217522.92
CUST79945008441,764.56,764.56,1,59751.92
CUST79945341307,3723.09,3723.09,1,284524.26
CUST79946231555,187.87,187.87,1,179282.09
CUST79949479298,3531.02,3531.02,1,92250.73
CUST79952111780,865.58,865.58,1,360514.02
CUST79962260122,655.31,655.31,1,420677.67
CUST79963184660,867.61,867.61,1,365301.62
CUST79965983642,448.05,448.05,1,471331.89
CUST79969217362,424.05,424.05,1,323920.54
CUST79969456824,357.76,357.76,1,217364.25
CUST79977357062,630.84,630.84,1,161353.16
CUST79979218102,12130.3,12130.3,1,10926.56
CUST79979478108,832.71,832.71,1,375784.31
CUST79980295137,19845.02,19845.02,1,449952.38
CUST79980766286,751.92,751.92,1,355710.82
CUST79981086620,515.35,515.35,1,362016.99
CUST79997880375,223.72,223.72,1,419644.4
CUST80000992063,6987.48,6987.48,1,184154.61
CUST80009523847,2221.95,2221.95,1,220626.34
CUST80013467147,3008.45,3008.45,1,158778.93
CUST80014715402,238.1,238.1,1,385936.75
CUST80018067086,3313.59,3313.59,1,185689.11
CUST80024645143,67.97,67.97,1,478699.24
CUST80025487438,344.18,344.18,1,392046.16
CUST80043201898,2068.51,2068.51,1,441246.48
CUST80048627040,177.42,177.42,1,222709.06
CUST80052549573,737.95,737.95,1,11402.79
CUST80054412810,2782.2,2782.2,1,56060.4
CUST80054727188,1028.26,1028.26,1,137514.37
CUST80057722343,2282.98,2282.98,1,289612.19
CUST80060654335,1027.29,1027.29,1,333761.08
CUST80082056037,2410.96,2410.96,1,50723.3
CUST80085861035,626.41,626.41,1,393750.73
CUST80087023563,4665.37,4665.37,1,493782.09
CUST80091104018,89.05,89.05,1,344897.21
CUST80092469355,192.31,192.31,1,469006.04
CUST80094030682,304.46,304.46,1,379637.22
CUST80094365670,686.09,686.09,1,416523.87
CUST80098339952,1688.57,1688.57,1,65157.09
CUST80101486194,1615.02,1615.02,1,345191.3
CUST80114463574,163.24,163.24,1,293668.67
CUST80119927046,320.91,320.91,1,321374.48
CUST80121464699,2839.44,2839.44,1,46939.2
CUST80123387683,5482.75,5482.75,1,85502.09
CUST80131622009,767.62,767.62,1,90258.8
CUST80133416592,379.98,379.98,1,429464.58
CUST80134733760,5171.4,5171.4,1,356242.36
CUST80144790972,332.67,332.67,1,114323.35
CUST80146001108,325.33,325.33,1,304346.28
CUST80147698617,199.52,199.52,1,89741.81
CUST80155542241,761.8,761.8,1,31831.82
CUST80161463680,1202.14,1202.14,1,205476.66
CUST80165805213,3811.79,3811.79,1,199538.77
CUST80172466928,554.13,554.13,1,488415.75
CUST80173222865,416.1,416.1,1,346863.27
CUST80175223752,2172.56,2172.56,1,380404.75
CUST80179125441,335.11,335.11,1,184862.04
CUST80180527263,869.34,869.34,1,108867.72
CUST80187272748,3273.64,3273.64,1,459719.66
CUST80188812921,6128.04,6128.04,1,481759.54
CUST80189842096,9806.47,9806.47,1,212433.81
CUST80192220331,317.37,317.37,1,432961.55
CUST80194158552,228.51,228.51,1,183710.44
CUST80203993504,3234.73,3234.73,1,203396.91
CUST80205184751,366.11,366.11,1,317137.69
CUST80205747004,103.7,103.7,1,294055.55
CUST80207862330,521.11,521.11,1,185925.11
CUST80208296564,634.48,634.48,1,304794.68
CUST80216799282,1883.27,1883.27,1,13904.74
CUST80217309521,1315.49,1315.49,1,61917.63
CUST80218400454,82.37,82.37,1,389591.92
CUST80225974478,2456.29,2456.29,1,187643.1
CUST80228533659,3255.42,3255.42,1,79105.67
CUST80231053648,4671.55,4671.55,1,293522.59
CUST80231460504,104.45,104.45,1,379748.16
CUST80231542745,1503.42,1503.42,1,437081.1
CUST80241173005,567.8,567.8,1,295417.5
CUST80241752995,919.84,919.84,1,337576.03
CUST80245084957,315.82,315.82,1,460542.1
CUST80253953380,107536.58,107536.58,1,315483.29
CUST80257212984,232.82,232.82,1,286163.36
CUST80264269814,1990.39,1990.39,1,486089.74
CUST80267065815,492.71,492.71,1,133146.96
CUST80270058061,39.45,39.45,1,483263.21
CUST80272098931,5619.57,5619.57,1,261966.26
CUST80272747285,488.13,488.13,1,59977.38
CUST80275021470,301.93,301.93,1,16919.17
CUST80282903348,686.34,686.34,1,167709.63
CUST80283382219,1471.78,1471.78,1,424297.98
CUST80290038202,1752.17,1752.17,1,350640.87
CUST80291872220,185.43,185.43,1,294363.37
CUST80295324948,475.58,475.58,1,176133.11
CUST80297616715,2781.15,2781.15,1,149315.79
CUST80297691776,539.64,539.64,1,48420.0
CUST80298776464,858.91,858.91,1,93679.16
CUST80306975741,15120.05,15120.05,1,408534.66
CUST80319059547,98.3,98.3,1,196336.04
CUST80321009253,1147.82,1147.82,1,235763.86
CUST80325388096,2532.97,2532.97,1,147197.09
CUST80341113521,92.51,92.51,1,305731.47
CUST80341538674,421.27,421.27,1,287231.37
CUST80341920542,894.66,894.66,1,276164.07
CUST80348008334,1487.9,1487.9,1,221198.85
CUST80350597296,207.68,207.68,1,484710.87
CUST80352232321,10860.55,10860.55,1,81414.83
CUST80356412168,164.07,164.07,1,25460.9
CUST80357725665,1393.71,1393.71,1,46823.87
CUST80359606362,2040.63,2040.63,1,140382.7
CUST80361749387,188.91,188.91,1,293122.33
CUST80372610762,1846.19,1846.19,1,270921.63
CUST80382415414,863.65,863.65,1,123698.16
CUST80395552740,204.55,204.55,1,421672.15
CUST80395966299,475.12,475.12,1,77782.86
CUST80404223072,387.34,387.34,1,111951.11
CUST80408059977,1677.44,1677.44,1,280924.82
CUST80417864392,845.46,845.46,1,494443.62
CUST80426314535,250.29,250.29,1,32551.76
CUST80429820514,671.35,671.35,1,77506.22
CUST80430123458,224.05,224.05,1,471083.53
CUST80438435539,507.89,507.89,1,93288.15
CUST80446153927,161.8,161.8,1,102873.14
CUST80446987062,7476.35,7476.35,1,124441.98
CUST80450164973,2237.33,2237.33,1,281755.77
CUST80454752446,1152.74,1152.74,1,382606.74
CUST80458006218,94.49,94.49,1,205616.4
CUST80473593998,1325.08,1325.08,1,149840.52
CUST80480426323,768.91,768.91,1,339602.86
CUST80483872962,378.44,378.44,1,17674.95
CUST80485285668,169.56,169.56,1,472182.33
CUST80489371100,5493.47,5493.47,1,8263.22
CUST80491260536,1359.23,1359.23,1,160549.77
CUST80503588245,744.26,744.26,1,117071.98
CUST80504394523,495.42,495.42,1,177534.86
CUST80505177596,330.79,330.79,1,445942.0
CUST80513236976,963.25,963.25,1,25963.47
CUST80518467032,339.85,339.85,1,499479.46
CUST80531746569,3565.69,3565.69,1,8366.02
CUST80531777839,295.69,295.69,1,110945.06
CUST80534383880,327.18,327.18,1,169169.87
CUST80535188084,763.92,763.92,1,267881.49
CUST80535499637,620.58,620.58,1,434388.42
CUST80537089981,1856.42,1856.42,1,306902.13
CUST80543556134,2858.4,2858.4,1,5186.04
CUST80550011177,1466.66,1466.66,1,4042.66
CUST80550491186,7987.69,7987.69,1,84562.75
CUST80550831572,6293.4,6293.4,1,78341.42
CUST80553740260,1151.71,1151.71,1,249172.5
CUST80565349116,3850.67,3850.67,1,160240.69
CUST80569125524,446.39,446.39,1,316925.58
CUST80571242973,403.92,403.92,1,184772.14
CUST80573014291,4818.4,4818.4,1,256524.55
CUST80573969973,64.83,64.83,1,421448.66
CUST80574022280,66.16,66.16,1,367656.52
CUST80576117502,1154.67,1154.67,1,155412.55
CUST80577090165,2311.64,2311.64,1,94835.85
CUST80577558121,843.15,843.15,1,482322.89
CUST80578273100,134.41,134.41,1,244295.67
CUST80580547934,370.78,370.78,1,217301.29
CUST80593506071,20962.84,20962.84,1,180682.99
CUST80599465692,1865.51,1865.51,1,29862.96
CUST80603829927,1406.08,1406.08,1,31593.44
CUST80603863388,323.04,323.04,1,339646.91
CUST80611272158,2609.72,2609.72,1,69191.1
CUST80615677880,4417.56,4417.56,1,400745.99
CUST80623724679,1643.48,1643.48,1,32968.24
CUST80644833311,55.41,55.41,1,40400.46
CUST80647122985,1661.54,1661.54,1,32410.75
CUST80651330207,386.07,386.07,1,148893.87
CUST80651432817,2020.42,2020.42,1,384315.52
CUST80663348175,872.65,872.65,1,351180.33
CUST80676309767,1017.79,1017.79,1,146571.83
CUST80685800406,194.93,194.93,1,476690.6
CUST80690676773,1533.44,1533.44,1,47306.93
CUST80699180317,430.59,430.59,1,205717.33
CUST80701353181,11209.42,11209.42,1,212372.16
CUST80701363973,52.76,52.76,1,77633.81
CUST80707904919,2268.36,2268.36,1,400429.91
CUST80717723646,345.79,345.79,1,292051.36
CUST80719627921,297.12,297.12,1,47791.03
CUST80720522694,15510.98,15510.98,1,240585.49
CUST80721921908,1927.99,1927.99,1,162810.64
CUST80722579449,1118.85,1118.85,1,346062.02
CUST80733939132,2621.74,2621.74,1,103656.53
CUST80754143918,7523.14,7523.14,1,280937.02
CUST80763175467,1192.78,1192.78,1,94553.09
CUST80765115693,385.41,385.41,1,87756.74
CUST80765327607,21342.58,21342.58,1,385876.43
CUST80768663941,423.71,423.71,1,434824.34
CUST80774064469,1398.91,1398.91,1,279702.67
CUST80776462246,1718.93,1718.93,1,434321.24
CUST80782295491,131.63,131.63,1,476594.05
CUST80786985657,833.03,833.03,1,74671.5
CUST80788327590,120.22,120.22,1,1441.12
CUST80803606466,5652.34,5652.34,1,176631.03
CUST80809548492,338.28,338.28,1,339226.36
CUST80809760987,1143.09,1143.09,1,191886.6
CUST80810604050,6354.6,6354.6,1,330574.43
CUST80813676449,4076.96,4076.96,1,85358.19
CUST80824091104,457.89,457.89,1,473861.13
CUST80824113369,441.5,441.5,1,377412.52
CUST80824163723,239.18,239.18,1,147177.7
CUST80825644525,277.37,277.37,1,446699.03
CUST80826513368,3412.09,3412.09,1,121051.22
CUST80833050893,516.08,516.08,1,404631.94
CUST80833516427,795.3,795.3,1,443890.36
CUST80833978824,704.8,704.8,1,39901.7
CUST80839542298,261.97,261.97,1,264989.84
CUST80842003240,3171.74,3171.74,1,335217.11
CUST80842966055,712.41,712.41,1,155682.53
CUST80845505374,901.63,901.63,1,201014.33
CUST80849770763,118.43,118.43,1,114228.73
CUST80852242983,1630.46,1630.46,1,116039.79
CUST80853904565,189.86,189.86,1,71812.14
CUST80854821328,986.92,986.92,1,210600.22
CUST80875008852,2106.4,2106.4,1,378849.55
CUST80877048906,427.23,427.23,1,158868.41
CUST80878355863,15916.87,15916.87,1,467847.4
CUST80878601585,2392.11,2392.11,1,367496.92
CUST80882242487,1315.39,1315.39,1,183874.11
CUST80887148896,344.02,344.02,1,258664.76
CUST80888647536,374.11,374.11,1,252225.53
CUST80893563078,23329.61,23329.61,1,459353.06
CUST80894792422,181.78,181.78,1,42086.94
CUST80896326641,278.41,278.41,1,91786.38
CUST80902930000,704.64,704.64,1,341693.88
CUST80903976538,507.95,507.95,1,423827.79
CUST80905692243,1712.37,1712.37,1,124315.3
CUST80919771441,2045.49,2045.49,1,464041.34
CUST80935321389,2899.3,2899.3,1,185024.78
CUST80939950566,6761.21,6761.21,1,158925.68
CUST80940020088,253.96,253.96,1,449774.28
CUST80960194700,2495.53,2495.53,1,37772.04
CUST80978955408,629.08,629.08,1,294866.19
CUST80979832067,263.77,263.77,1,130470.68
CUST80982456560,2129.6,2129.6,1,488807.58
CUST81003455284,2150.25,2150.25,1,279917.7
CUST81004073471,849.2,849.2,1,197188.34
CUST81005127401,488.35,488.35,1,52847.7
CUST81005379899,90.8,90.8,1,334758.68
CUST81006214137,302.21,302.21,1,401688.85
CUST81010658225,1094.84,1094.84,1,403649.58
CUST81015806488,42595.15,42595.15,1,336227.09
CUST81020628330,375.96,375.96,1,230569.71
CUST81021979444,472.55,472.55,1,275223.56
CUST81026412728,211.62,211.62,1,104645.93
CUST81026513925,2102.42,2102.42,1,140996.53
CUST81026715243,224.73,224.73,1,209318.91
CUST81029006672,2456.52,2456.52,1,23770.17
CUST81029477988,9343.05,9343.05,1,358930.59
CUST81031068887,14743.42,14743.42,1,185675.36
CUST81031308070,9408.46,9408.46,1,169217.07
CUST81041202335,445.07,445.07,1,143723.38
CUST81044894328,779.93,779.93,1,108602.36
CUST81046405222,634.93,634.93,1,147028.93
CUST81048817145,279.5,279.5,1,99046.03
CUST81057786865,214.18,214.18,1,333557.47
CUST81062850631,607.68,607.68,1,99142.82
CUST81063329487,165.4,165.4,1,112319.02
CUST81068907463,299.67,299.67,1,4701.34
CUST81077875606,1198.78,1198.78,1,235392.5
CUST81081777271,399.28,399.28,1,463121.1
CUST81093046665,1292.54,1292.54,1,24947.75
CUST81095845345,2124.09,2124.09,1,493701.66
CUST81100141892,625.22,625.22,1,139066.44
CUST81104990876,679.44,679.44,1,216611.63
CUST81106555428,95.65,95.65,1,418057.64
CUST81107534246,7972.06,7972.06,1,46437.83
CUST81107541289,240.86,240.86,1,12561.12
CUST81115773570,9992.16,9992.16,1,392615.52
CUST81119247973,591.11,591.11,1,429889.05
CUST81128507839,189.75,189.75,1,487132.04
CUST81128593293,570.66,570.66,1,158041.08
CUST81134294002,1246.18,1246.18,1,297033.74
CUST81137675099,110.73,110.73,1,399899.77
CUST81144702062,122.85,122.85,1,53622.93
CUST81150033074,1002.74,1002.74,1,390068.09
CUST81155532181,3069.33,3069.33,1,16324.77
CUST81160484776,1192.78,1192.78,1,445863.29
CUST81165152119,410.32,410.32,1,499443.93
CUST81166683792,1609.54,1609.54,1,179836.01
CUST81169016585,296.81,296.81,1,77036.05
CUST81172283338,358.22,358.22,1,51818.37
CUST81176900898,30.65,30.65,1,484258.77
CUST81187588132,2674.45,2674.45,1,307598.03
CUST81193489690,249.96,249.96,1,95189.66
CUST81198706384,248.34,248.34,1,488552.32
CUST81198909863,494.45,494.45,1,226620.47
CUST81199680716,571.59,571.59,1,100439.98
CUST81205250119,1572.79,1572.79,1,64062.66
CUST81207403244,448.61,448.61,1,414734.34
CUST81212677096,879.67,879.67,1,217620.45
CUST81217254803,1500.84,1500.84,1,253162.7
CUST81217355805,1202.53,1202.53,1,97780.98
CUST81219467522,338.94,338.94,1,386690.48
CUST81228119623,1192.12,1192.12,1,290697.56
CUST81231394713,1108.77,1108.77,1,40353.88
CUST81237802501,315.99,315.99,1,289825.2
CUST81243225393,2455.51,2455.51,1,337391.26
CUST81247593585,3945.77,3945.77,1,446539.76
CUST81248409230,2970.17,2970.17,1,302436.88
CUST81250900639,1527.97,1527.97,1,373988.49
CUST81253448068,5518.37,5518.37,1,104294.27
CUST81258425584,930.68,930.68,1,164237.25
CUST81259827324,2710.79,2710.79,1,128883.76
CUST81263061665,4739.12,4739.12,1,213554.37
CUST81263653544,546.59,546.59,1,464987.04
CUST81265272328,1526.9,1526.9,1,357361.74
CUST81265283124,2772.31,2772.31,1,357085.62
CUST81268293256,158.19,158.19,1,429527.94
CUST81278497672,1517.13,1517.13,1,110402.33
CUST81284214256,565.74,565.74,1,457491.08
CUST81294468375,26332.22,26332.22,1,322755.32
CUST81299112947,201.58,201.58,1,442732.3
CUST81307035417,475.42,475.42,1,72513.99
CUST81311617605,107.47,107.47,1,298769.54
CUST81316093237,110.39,110.39,1,301181.17
CUST81318822116,260.58,260.58,1,226989.66
CUST81330120211,168.43,168.43,1,446792.67
CUST81342847479,4981.39,4981.39,1,492013.09
CUST81343014703,269.56,269.56,1,186179.85
CUST81344663423,185.67,185.67,1,459696.32
CUST81355000046,126.34,126.34,1,482847.89
CUST81359512964,123.75,123.75,1,10744.35
CUST81360945552,4949.36,4949.36,1,67280.59
CUST81379620405,105.48,105.48,1,12151.69
CUST81403017012,57.86,57.86,1,473857.49
CUST81432317228,1945.03,1945.03,1,109319.08
CUST81450205118,1064.13,1064.13,1,248642.12
CUST81450463915,1165.43,1165.43,1,257823.2
CUST81459586198,218.74,218.74,1,144143.82
CUST81470455066,1642.31,1642.31,1,233307.32
CUST81478949214,231.76,231.76,1,59486.52
CUST81484579098,2258.38,2258.38,1,98884.86
CUST81489521304,4032.25,4032.25,1,14473.85
CUST81492203292,4337.21,4337.21,1,11263.82
CUST81507698315,869.45,869.45,1,126319.85
CUST81514477711,1038.59,1038.59,1,424132.74
CUST81520551528,757.68,757.68,1,443445.11
CUST81524163374,445.87,445.87,1,474885.76
CUST81528283622,956.56,956.56,1,352083.19
CUST81530238805,256.18,256.18,1,280831.85
CUST81531348573,440.94,440.94,1,441897.28
CUST81532257847,288.86,288.86,1,91943.38
CUST81533980264,341.68,341.68,1,155291.56
CUST81534416224,8896.94,8896.94,1,396211.01
CUST81536414229,327.22,327.22,1,207044.07
CUST81541244821,1836.68,1836.68,1,275890.96
CUST81544036068,194.35,194.35,1,289256.52
CUST81553668089,1751.8,1751.8,1,205324.53
CUST81553677807,114.66,114.66,1,115943.76
CUST81555067495,691.33,691.33,1,160320.56
CUST81558848678,711.45,711.45,1,292546.47
CUST81566062337,428.63,428.63,1,38508.59
CUST81566071504,2135.36,2135.36,1,81333.84
CUST81567266960,868.99,868.99,1,77806.9
CUST81569996117,1126.75,1126.75,1,287623.0
CUST81570331453,285.74,285.74,1,70819.57
CUST81571986813,698.71,698.71,1,476772.6
CUST81579084098,458.25,458.25,1,188270.06
CUST81581289167,755.49,755.49,1,154816.28
CUST81581497827,630.5,630.5,1,72641.68
CUST81584718667,265.71,265.71,1,246906.38
CUST81594784059,15268.81,15268.81,1,383791.72
CUST81595819616,433.28,433.28,1,483167.59
CUST81597934919,213.6,213.6,1,424949.87
CUST81598336666,4510.5,4510.5,1,129573.82
CUST81604058438,410.23,410.23,1,35693.41
CUST81609382854,9258.13,9258.13,1,440888.73
CUST81613737467,217.96,217.96,1,331657.73
CUST81624812969,84.51,84.51,1,416308.59
CUST81625463956,2858.06,2858.06,1,162833.43
CUST81627778387,150.73,150.73,1,260459.94
CUST81632564985,157.25,157.25,1,376207.46
CUST81639395497,71.39,71.39,1,201882.27
CUST81646145586,1022.48,1022.48,1,186805.76
CUST81649752539,1360.7,1360.7,1,150472.05
CUST81651834747,134.07,134.07,1,41085.42
CUST81657678429,3225.11,3225.11,1,73029.08
CUST81667575802,982.97,982.97,1,31342.09
CUST81668073587,353.56,353.56,1,198559.96
CUST81670833850,841.24,841.24,1,263543.89
CUST81676179306,82.54,82.54,1,281493.94
CUST81683832673,89.07,89.07,1,280080.22
CUST81688407256,635.29,635.29,1,51419.0
CUST81688908260,798.34,798.34,1,268097.87
CUST81691161125,4287.66,4287.66,1,447771.67
CUST81696861590,6975.29,6975.29,1,47071.64
CUST81697930660,248.25,248.25,1,442144.8
CUST81704883433,2141.25,2141.25,1,282767.91
CUST81715715568,1212.18,1212.18,1,358733.64
CUST81720923764,715.55,715.55,1,299377.81
CUST81728248114,1870.49,1870.49,1,181450.19
CUST81731118388,1730.52,1730.52,1,437075.71
CUST81733678304,5664.68,5664.68,1,393808.33
CUST81740016233,370.27,370.27,1,387495.95
CUST81745388969,697.34,697.34,1,87776.71
CUST81748247110,371.29,371.29,1,149143.75
CUST81752861058,3747.11,3747.11,1,208588.86
CUST81754877473,638.04,638.04,1,271403.45
CUST81756058486,218.01,218.01,1,128653.68
CUST81762684438,5792.01,5792.01,1,138124.99
CUST81771469090,467.8,467.8,1,345278.3
CUST81776197448,903.81,903.81,1,409809.53
CUST81780697399,1493.65,1493.65,1,385960.97
CUST81792692415,175.21,175.21,1,442950.77
CUST81795308886,2146.6,2146.6,1,283021.01
CUST81797364167,186.31,186.31,1,227748.08
CUST81803246982,1732.77,1732.77,1,54176.9
CUST81808888957,3052.56,3052.56,1,159341.31
CUST81810026983,757.04,757.04,1,233410.24
CUST81811140451,2154.79,2154.79,1,198050.35
CUST81818665613,1394.06,1394.06,1,179553.24
CUST81823167442,319.55,319.55,1,354702.99
CUST81823522392,328.34,328.34,1,463648.79
CUST81828329387,873.6,873.6,1,441928.46
CUST81835435664,997.83,997.83,1,492126.49
CUST81836763705,787.05,787.05,1,208923.7
CUST81838218161,490.41,490.41,1,24891.45
CUST81840673155,1631.03,1631.03,1,444287.69
CUST81864126664,524.26,524.26,1,311584.09
CUST81864194419,652.71,652.71,1,359133.49
CUST81864571865,486.87,486.87,1,460025.28
CUST81864664581,903.0,903.0,1,263822.22
CUST81885844061,1385.4,1385.4,1,357532.06
CUST81890740738,655.33,655.33,1,269740.98
CUST81892071163,6661.87,6661.87,1,446422.04
CUST81899699072,3871.43,3871.43,1,201264.97
CUST81900120881,235.43,235.43,1,143404.32
CUST81910894602,1423.4,1423.4,1,266071.52
CUST81913447327,545.02,545.02,1,450408.84
CUST81915821295,10398.49,10398.49,1,443415.05
CUST81918297597,1114.26,1114.26,1,443347.92
CUST81924412847,25808.5,25808.5,1,150934.28
CUST81928821562,1377.18,1377.18,1,320739.63
CUST81929480552,2632.64,2632.64,1,386889.55
CUST81930665152,654.35,654.35,1,339105.09
CUST81933585156,1091.12,1091.12,1,304651.45
CUST81934293797,122.02,122.02,1,167750.43
CUST81934533836,2077.36,2077.36,1,193520.28
CUST81944258860,1726.32,1726.32,1,246299.72
CUST81951173075,491.41,491.41,1,316661.63
CUST81955778198,929.72,929.72,1,271648.14
CUST81965334406,423.33,423.33,1,80648.08
CUST81968275320,1735.61,1735.61,1,108738.99
CUST81972966126,741.41,741.41,1,215478.6
CUST81975205287,1385.24,1385.24,1,98287.13
CUST81993715532,1306.86,1306.86,1,199476.28
CUST81997017077,1555.57,1555.57,1,35837.91
CUST82003637121,11502.17,11502.17,1,394542.52
CUST82004375630,350.46,350.46,1,53747.63
CUST82009263754,614.99,614.99,1,200812.61
CUST82015766911,2569.46,2569.46,1,214511.27
CUST82038101176,450.91,450.91,1,35603.93
CUST82046040443,1007.55,1007.55,1,205638.17
CUST82055463298,20290.16,20290.16,1,429067.17
CUST82066254754,401.72,401.72,1,25805.25
CUST82070219163,1499.81,1499.81,1,222056.2
CUST82073100245,973.46,973.46,1,211229.06
CUST82075947371,181.96,181.96,1,489874.4
CUST82077203327,1878.32,1878.32,1,137984.73
CUST82080641807,442.74,442.74,1,127816.09
CUST82083303948,380.86,380.86,1,140120.93
CUST82085015741,376.49,376.49,1,22641.19
CUST82086223684,499.29,499.29,1,437151.53
CUST82102511984,9894.46,9894.46,1,378861.43
CUST82102559810,2691.02,2691.02,1,376527.51
CUST82103239831,52692.59,52692.59,1,353289.33
CUST82104499586,710.62,710.62,1,475293.9
CUST82115677595,2283.94,2283.94,1,22982.82
CUST82133232754,215.31,215.31,1,394728.47
CUST82135782852,918.87,918.87,1,218820.04
CUST82136878313,856.31,856.31,1,10466.55
CUST82141768119,12302.42,12302.42,1,269104.05
CUST82158331019,179.56,179.56,1,242043.71
CUST82159765675,1528.11,1528.11,1,287282.72
CUST82163806944,1270.59,1270.59,1,255411.37
CUST82173815061,538.54,538.54,1,456210.64
CUST82174809674,986.27,986.27,1,212816.66
CUST82175490447,288.97,288.97,1,340600.32
CUST82193562534,779.68,779.68,1,256798.41
CUST82204726455,105.42,105.42,1,492951.08
CUST82206153609,683.02,683.02,1,384396.89
CUST82213044818,210.86,210.86,1,319738.97
CUST82214374810,1871.56,1871.56,1,400213.85
CUST82229189552,1096.22,1096.22,1,364060.3
CUST82230104709,159.83,159.83,1,332345.96
CUST82237268566,374.36,374.36,1,301779.92
CUST82246154736,687.91,687.91,1,445344.32
CUST82249772851,916.16,916.16,1,437654.35
CUST82249880255,636.21,636.21,1,167441.61
CUST82253474124,1012.86,1012.86,1,351026.91
CUST82255185620,1475.59,1475.59,1,211563.3
CUST82255204892,945.01,945.01,1,489194.09
CUST82256657201,7655.09,7655.09,1,308273.65
CUST82257497564,218.59,218.59,1,369517.73
CUST82262418887,835.92,835.92,1,297942.84
CUST82263543596,444.3,444.3,1,211083.58
CUST82274831920,5426.02,5426.02,1,148060.5
CUST82276777705,2853.93,2853.93,1,392599.83
CUST82277210235,3713.46,3713.46,1,436356.17
CUST82286398378,602.86,602.86,1,437906.22
CUST82286728707,415.98,415.98,1,141274.64
CUST82289996886,2386.13,2386.13,1,318061.74
CUST82290814718,2760.48,2760.48,1,117342.44
CUST82304028087,17014.71,17014.71,1,1487.44
CUST82304547747,789.44,789.44,1,2700.67
CUST82307992025,713.35,713.35,1,430071.87
CUST82312258553,119.07,119.07,1,429113.81
CUST82312925824,1530.57,1530.57,1,291251.11
CUST82316687557,176.1,176.1,1,425350.54
CUST82318015254,1073.51,1073.51,1,96959.26
CUST82318475415,656.58,656.58,1,324896.49
CUST82321326622,5198.12,5198.12,1,284091.31
CUST82321762292,734.12,734.12,1,448645.07
CUST82322529889,306.39,306.39,1,234704.12
CUST82331161290,555.69,555.69,1,46679.76
CUST82334560612,1322.61,1322.61,1,224908.59
CUST82341328522,191.98,191.98,1,351521.16
CUST82344739531,2504.92,2504.92,1,70108.02
CUST82345837928,773.78,773.78,1,109619.33
CUST82347878234,411.46,411.46,1,447179.4
CUST82355711130,293.83,293.83,1,203339.35
CUST82356914824,337.07,337.07,1,235675.48
CUST82360363717,6969.71,6969.71,1,399078.56
CUST82360824096,475.54,475.54,1,339713.38
CUST82364090992,632.13,632.13,1,113108.88
CUST82364753056,1288.57,1288.57,1,482788.07
CUST82365520409,808.63,808.63,1,19432.33
CUST82369132305,971.91,971.91,1,250600.05
CUST82372902083,340.77,340.77,1,275244.13
CUST82377965822,156.32,156.32,1,70597.23
CUST82379681174,383.72,383.72,1,3866.43
CUST82380016035,44.43,44.43,1,283164.19
CUST82381266901,834.55,834.55,1,408558.37
CUST82381395031,1344.59,1344.59,1,378549.52
CUST82385512873,1083.25,1083.25,1,488529.96
CUST82386232656,413.7,413.7,1,325104.96
CUST82394187433,557.13,557.13,1,399560.08
CUST82401346599,719.13,719.13,1,31642.72
CUST82401598589,4787.05,4787.05,1,47981.1
CUST82404579661,5381.55,5381.55,1,425182.28
CUST82412646900,441.96,441.96,1,241583.21
CUST82417538760,2100.34,2100.34,1,249317.62
CUST82422258102,684.79,684.79,1,451284.19
CUST82430409800,236.65,236.65,1,187179.92
CUST82435385863,196.91,196.91,1,112427.96
CUST82437660729,71.09,71.09,1,377114.87
CUST82446141777,16639.53,16639.53,1,109121.38
CUST82449440977,86.97,86.97,1,185075.04
CUST82450295123,889.86,889.86,1,316200.9
CUST82453065352,421.85,421.85,1,103802.12
CUST82455491497,237.94,237.94,1,356021.1
CUST82457950238,2356.34,2356.34,1,36262.05
CUST82460707421,994.39,994.39,1,99054.14
CUST82463959676,501.14,501.14,1,155895.91
CUST82467789908,11622.95,11622.95,1,64963.18
CUST82470163014,871.42,871.42,1,20913.48
CUST82476661767,993.8,993.8,1,159717.65
CUST82480228800,5472.55,5472.55,1,296631.19
CUST82481387083,374.13,374.13,1,271963.55
CUST82483349921,9953.32,9953.32,1,152838.36
CUST82485366456,671.92,671.92,1,137661.32
CUST82485846048,498.16,498.16,1,426172.83
CUST82487457364,5690.33,5690.33,1,162828.1
CUST82497196218,1279.45,1279.45,1,320356.78
CUST82504184202,829.92,829.92,1,46934.4
CUST82508241540,263.92,263.92,1,457366.64
CUST82514775772,128.12,128.12,1,369036.19
CUST82517101840,778.24,778.24,1,329151.15
CUST82518087524,2832.65,2832.65,1,440619.55
CUST82519921748,453.55,453.55,1,233400.89
CUST82523071409,1627.15,1627.15,1,143309.45
CUST82523280131,717.17,717.17,1,81176.01
CUST82523380867,4083.07,4083.07,1,291159.14
CUST82547116493,304.26,304.26,1,469399.57
CUST82549947314,7385.3,7385.3,1,148075.31
CUST82554430244,3225.74,3225.74,1,38782.76
CUST82561142331,1936.77,1936.77,1,79079.69
CUST82567281812,1636.97,1636.97,1,96760.43
CUST82569674665,1438.9,1438.9,1,117017.7
CUST82573357872,328.06,328.06,1,282173.48
CUST82576839150,885.31,885.31,1,9731.28
CUST82584460893,509.81,509.81,1,146740.77
CUST82594104019,282.15,282.15,1,279241.26
CUST82598380593,356.85,356.85,1,59355.19
CUST82599629416,6094.99,6094.99,1,45262.03
CUST82599921823,3346.93,3346.93,1,303654.23
CUST82605070791,861.99,861.99,1,173787.72
CUST82610760953,931.85,931.85,1,339187.84
CUST82617828903,97.24,97.24,1,401022.34
CUST82627227307,40.36,40.36,1,98475.37
CUST82628321555,1246.9,1246.9,1,158441.78
CUST82629704245,1938.69,1938.69,1,296052.48
CUST82632873775,337.9,337.9,1,150390.85
CUST82637084337,64.83,64.83,1,228605.7
CUST82639405221,3988.49,3988.49,1,418552.17
CUST82650066731,42.78,42.78,1,328357.97
CUST82650320386,241.61,241.61,1,224453.83
CUST82653753463,174.06,174.06,1,88323.07
CUST82673618568,252.42,252.42,1,100701.45
CUST82674672055,316.4,316.4,1,218261.83
CUST82675465672,173.31,173.31,1,8800.97
CUST82675485329,1029.61,1029.61,1,147614.26
CUST82676151543,129.87,129.87,1,103321.24
CUST82677243817,476.7,476.7,1,145657.3
CUST82688531872,1217.96,1217.96,1,464037.21
CUST82690949010,237.8,237.8,1,380627.26
CUST82692714093,238.17,238.17,1,343165.95
CUST82692923783,93.79,93.79,1,157808.63
CUST82693748665,162.97,162.97,1,311613.21
CUST82696355232,108.77,108.77,1,285150.56
CUST82701416784,1769.18,1769.18,1,154674.78
CUST82702306096,4728.56,4728.56,1,154283.45
CUST82704104462,96.6,96.6,1,257591.35
CUST82708298405,2693.15,2693.15,1,125656.68
CUST82709922607,2476.57,2476.57,1,335728.23
CUST82714809572,2716.51,2716.51,1,193267.65
CUST82728442566,85.11,85.11,1,306089.97
CUST82730048651,222.97,222.97,1,233720.72
CUST82734429429,36.41,36.41,1,217212.52
CUST82736596938,311.42,311.42,1,29421.92
CUST82743260857,2411.78,2411.78,1,121327.11
CUST82763430775,1706.12,1706.12,1,282524.73
CUST82764117168,1231.24,1231.24,1,356845.18
CUST82765309782,69.81,69.81,1,13437.93
CUST82765583698,1161.23,1161.23,1,491407.58
CUST82771913487,853.68,853.68,1,182500.84
CUST82782206865,3603.21,3603.21,1,459064.92
CUST82785810327,698.03,698.03,1,299178.97
CUST82786812570,268.49,268.49,1,261330.04
CUST82790708019,716.46,716.46,1,148818.42
CUST82791417106,423.35,423.35,1,339697.63
CUST82797132821,2795.48,2795.48,1,112617.31
CUST82807502180,1623.27,1623.27,1,75694.11
CUST82810412530,1275.47,1275.47,1,278659.19
CUST82825547280,805.73,805.73,1,287002.37
CUST82829876028,87.86,87.86,1,349970.18
CUST82843273571,152.43,152.43,1,260944.25
CUST82845115925,769.33,769.33,1,247071.2
CUST82847384561,452.52,452.52,1,184720.17
CUST82848767172,10909.41,10909.41,1,259035.64
CUST82863653176,626.03,626.03,1,486078.46
CUST82864174189,6343.51,6343.51,1,160151.49
CUST82865882216,985.36,985.36,1,194670.86
CUST82870934891,13921.38,13921.38,1,44602.2
CUST82871496769,1351.24,1351.24,1,98014.42
CUST82871906886,425.34,425.34,1,424702.72
CUST82872758011,2578.16,2578.16,1,268692.56
CUST82873875125,360.14,360.14,1,87865.45
CUST82885326069,420.86,420.86,1,49104.91
CUST82894978866,53.93,53.93,1,7868.0
CUST82895404883,527.93,527.93,1,39909.44
CUST82897037264,1766.25,1766.25,1,383429.25
CUST82897324473,326.56,326.56,1,187024.09
CUST82897605605,782.5,782.5,1,487458.8
CUST82897690574,924.17,924.17,1,16927.73
CUST82902354562,39.93,39.93,1,173857.5
CUST82907854487,427.06,427.06,1,425032.91
CUST82913034049,169.93,169.93,1,65461.8
CUST82915860331,2774.28,2774.28,1,285432.6
CUST82916974265,4041.1,4041.1,1,178856.54
CUST82917953312,1121.65,1121.65,1,481867.59
CUST82921127783,257.77,257.77,1,465989.78
CUST82922409322,1880.97,1880.97,1,269060.86
CUST82943496033,864.64,864.64,1,126207.85
CUST82949800686,15303.93,15303.93,1,237571.92
CUST82961789479,372.62,372.62,1,40108.2
CUST82964278266,1276.72,1276.72,1,456911.77
CUST82965270477,4602.46,4602.46,1,164292.3
CUST82968739966,71.76,71.76,1,353643.44
CUST82969151144,145.09,145.09,1,296664.03
CUST82976983681,306.9,306.9,1,23713.83
CUST82977983943,6777.97,6777.97,1,93960.85
CUST82978243595,2080.6,2080.6,1,456709.67
CUST82980177033,807.67,807.67,1,324175.42
CUST82981065344,2437.08,2437.08,1,124841.83
CUST82985112070,169.82,169.82,1,262572.29
CUST82987918573,1427.14,1427.14,1,250600.14
CUST82989579425,392.35,392.35,1,21846.1
CUST82990309117,1800.87,1800.87,1,311915.26
CUST83003861627,8701.97,8701.97,1,372524.48
CUST83011183834,138.18,138.18,1,3376.46
CUST83016702996,290.58,290.58,1,360241.03
CUST83021795632,1753.45,1753.45,1,499774.52
CUST83024885213,294.51,294.51,1,133270.07
CUST83026165755,411.37,411.37,1,496940.57
CUST83032491453,630.64,630.64,1,66178.71
CUST83033180631,393.09,393.09,1,245316.94
CUST83037010731,120.24,120.24,1,190037.48
CUST83041245764,116.21,116.21,1,380083.17
CUST83041448616,9542.33,9542.33,1,44515.95
CUST83042752455,3793.83,3793.83,1,24129.37
CUST83061743854,346.63,346.63,1,279954.83
CUST83064832159,800.9,800.9,1,420221.65
CUST83072317351,1991.68,1991.68,1,453744.51
CUST83073023982,137.84,137.84,1,138712.16
CUST83076197368,10454.2,10454.2,1,451192.04
CUST83077872386,516.5,516.5,1,21553.59
CUST83083248296,572.21,572.21,1,373628.29
CUST83083908937,7399.36,7399.36,1,267113.72
CUST83083998017,298.16,298.16,1,382013.87
CUST83085548111,455.28,455.28,1,81395.26
CUST83089678088,124.44,124.44,1,255778.49
CUST83099373470,1479.72,1479.72,1,214114.01
CUST83103410543,475.47,475.47,1,471909.92
CUST83103903629,278.45,278.45,1,406580.68
CUST83106526077,231.05,231.05,1,53481.36
CUST83107188211,231.86,231.86,1,198550.42
CUST83113087888,1983.07,1983.07,1,237949.59
CUST83113441325,465.01,465.01,1,136756.78
CUST83120581888,145.57,145.57,1,273177.83
CUST83122322646,499.26,499.26,1,436193.92
CUST83129227949,399.57,399.57,1,247489.55
CUST83144995894,724.76,724.76,1,82314.2
CUST83151243254,290.38,290.38,1,245087.78
CUST83159410778,200.74,200.74,1,292395.95
CUST83162698071,649.85,649.85,1,90964.61
CUST83164385835,3394.82,3394.82,1,486812.88
CUST83165818384,3836.09,3836.09,1,209555.71
CUST83166329429,147.19,147.19,1,460045.86
CUST83166663733,172.03,172.03,1,39687.12
CUST83167926450,143.75,143.75,1,448081.0
CUST83169570677,1442.01,1442.01,1,439548.48
CUST83173374025,1107.68,1107.68,1,347188.43
CUST83176690908,1196.14,1196.14,1,404710.49
CUST83180153341,2127.61,2127.61,1,184095.46
CUST83188682132,145.54,145.54,1,379512.81
CUST83191746877,115.51,115.51,1,334749.02
CUST83197790001,529.78,529.78,1,56187.22
CUST83207811664,300.01,300.01,1,46745.37
CUST83214123732,311.49,311.49,1,471358.87
CUST83219475384,823.86,823.86,1,192648.7
CUST83231446450,630.64,630.64,1,260440.66
CUST83238825830,169.32,169.32,1,224444.81
CUST83241556547,699.52,699.52,1,204395.31
CUST83241572640,1630.65,1630.65,1,335863.96
CUST83241743346,502.69,502.69,1,264116.68
CUST83243454336,842.8,842.8,1,352868.64
CUST83244006811,1572.32,1572.32,1,72735.63
CUST83247620475,143.3,143.3,1,365015.64
CUST83247813377,1002.12,1002.12,1,231066.04
CUST83250464442,135.41,135.41,1,282266.72
CUST83252023337,177.33,177.33,1,82990.34
CUST83252226898,1388.63,1388.63,1,135321.24
CUST83254988885,2496.14,2496.14,1,68426.29
CUST83255273358,2669.47,2669.47,1,172914.52
CUST83256149444,416.9,416.9,1,181103.31
CUST83257421316,119.97,119.97,1,118401.27
CUST83262248367,343.68,343.68,1,119751.71
CUST83276169772,7979.2,7979.2,1,181893.49
CUST83287681487,213.12,213.12,1,425296.51
CUST83288073157,1073.6,1073.6,1,473332.95
CUST83292134629,70.24,70.24,1,430850.68
CUST83297905862,1597.26,1597.26,1,83444.86
CUST83299249750,8711.66,8711.66,1,376983.08
CUST83301146330,180.43,180.43,1,428436.93
CUST83313222934,2260.81,2260.81,1,239514.4
CUST83313859270,7183.53,7183.53,1,338962.08
CUST83315519899,2249.9,2249.9,1,362273.53
CUST83319535564,549.14,549.14,1,125527.93
CUST83325426959,109.51,109.51,1,436763.12
CUST83330415329,154.65,154.65,1,47744.51
CUST83332123891,1792.89,1792.89,1,116196.59
CUST83337126886,438.7,438.7,1,102388.52
CUST83337162279,117.18,117.18,1,224794.82
CUST83340709639,186.05,186.05,1,264464.83
CUST83342038556,622.1,622.1,1,200295.45
CUST83347386242,479.7,479.7,1,350839.11
CUST83351839790,100.17,100.17,1,367755.19
CUST83351988847,1679.08,1679.08,1,80665.6
CUST83352293385,36.71,36.71,1,112557.36
CUST83354301912,763.94,763.94,1,433484.65
CUST83355541800,170.3,170.3,1,57020.37
CUST83359896415,100.78,100.78,1,250198.59
CUST83366447300,501.58,501.58,1,33717.58
CUST83369978449,3295.45,3295.45,1,217402.64
CUST83370159980,611.24,611.24,1,186264.15
CUST83370206092,2651.31,2651.31,1,179886.71
CUST83373179590,520.16,520.16,1,456552.68
CUST83379527679,10463.06,10463.06,1,491372.35
CUST83380375279,4583.42,4583.42,1,306183.99
CUST83385909304,98.24,98.24,1,162092.31
CUST83387460248,2336.48,2336.48,1,217169.79
CUST83390993850,678.15,678.15,1,186781.84
CUST83392870373,1083.11,1083.11,1,179247.55
CUST83393869508,245.56,245.56,1,485718.75
CUST83399434118,1588.3,1588.3,1,342146.97
CUST83404138477,639.83,639.83,1,461137.09
CUST83407397347,1169.55,1169.55,1,337229.43
CUST83418211008,1498.28,1498.28,1,2555.2
CUST83423855273,512.26,512.26,1,199588.54
CUST83430800272,837.83,837.83,1,343794.41
CUST83438511886,306.04,306.04,1,271502.09
CUST83443653191,74.73,74.73,1,370249.56
CUST83444897165,641.49,641.49,1,37516.05
CUST83445473433,434.36,434.36,1,276328.52
CUST83450554885,2314.05,2314.05,1,328637.82
CUST83463438047,305.41,305.41,1,136212.61
CUST83474963973,3659.98,3659.98,1,365586.84
CUST83475157360,1168.21,1168.21,1,349334.05
CUST83475189461,459.85,459.85,1,162613.73
CUST83493229291,10339.81,10339.81,1,184047.78
CUST83507866698,627.68,627.68,1,34920.56
CUST83514198708,1659.37,1659.37,1,253535.18
CUST83517720232,1318.38,1318.38,1,425590.81
CUST83520480437,14863.6,14863.6,1,404077.52
CUST83522535942,147.82,147.82,1,29069.8
CUST83530870039,482.15,482.15,1,347372.63
CUST83537898736,285.16,285.16,1,222916.65
CUST83539259848,120.21,120.21,1,92611.9
CUST83541101292,469.13,469.13,1,155527.81
CUST83549191025,642.74,642.74,1,474218.71
CUST83549240703,16090.66,16090.66,1,197066.56
CUST83563284284,274.42,274.42,1,27562.85
CUST83565318069,1377.9,1377.9,1,297088.46
CUST83574952878,347.69,347.69,1,162880.3
CUST83580170824,7762.51,7762.51,1,160550.86
CUST83580694593,639.77,639.77,1,279185.22
CUST83611065771,811.52,811.52,1,248833.32
CUST83614323047,2200.52,2200.52,1,194363.08
CUST83624725171,135.39,135.39,1,356400.71
CUST83629344052,798.41,798.41,1,403419.03
CUST83637159929,3326.26,3326.26,1,24228.25
CUST83638624586,687.52,687.52,1,494805.23
CUST83657693803,1744.23,1744.23,1,62355.79
CUST83660378495,1500.67,1500.67,1,26769.24
CUST83664110817,1905.56,1905.56,1,252096.33
CUST83668070918,407.13,407.13,1,180947.09
CUST83670365458,340.42,340.42,1,362221.46
CUST83671356068,413.58,413.58,1,222115.69
CUST83676462417,940.75,940.75,1,279099.11
CUST83678975573,2413.02,2413.02,1,402455.49
CUST83681061943,755.9,755.9,1,145198.49
CUST83683849577,5224.58,5224.58,1,310869.16
CUST83685159161,81.18,81.18,1,2835.28
CUST83687115096,354.96,354.96,1,387669.86
CUST83698349935,1186.77,1186.77,1,461799.77
CUST83701112257,3651.9,3651.9,1,67345.36
CUST83713276797,98.32,98.32,1,417514.28
CUST83714467460,2138.03,2138.03,1,125357.5
CUST83715809112,41.63,41.63,1,292051.59
CUST83722840544,896.42,896.42,1,265982.89
CUST83722909717,1986.72,1986.72,1,389507.42
CUST83729417719,284.18,284.18,1,60286.37
CUST83732287328,118.64,118.64,1,382461.36
CUST83736448314,2221.26,2221.26,1,315578.68
CUST83740769602,2723.67,2723.67,1,474456.74
CUST83747377440,486.11,486.11,1,366584.41
CUST83759309624,3189.5,3189.5,1,53137.45
CUST83765683534,94.19,94.19,1,496318.98
CUST83773153848,1434.93,1434.93,1,115801.18
CUST83774091343,1607.12,1607.12,1,18029.14
CUST83775583565,1129.45,1129.45,1,423095.37
CUST83775781691,2468.29,2468.29,1,273675.63
CUST83776171457,987.59,987.59,1,197721.81
CUST83781146097,756.4,756.4,1,467419.12
CUST83784516075,15996.3,15996.3,1,366233.74
CUST83785141734,400.05,400.05,1,437250.71
CUST83801260695,4839.14,4839.14,1,463226.8
CUST83810884283,537.69,537.69,1,280422.26
CUST83811030968,2278.63,2278.63,1,46385.35
CUST83815739816,362.9,362.9,1,233867.51
CUST83826206241,70.03,70.03,1,72947.38
CUST83826896749,35.06,35.06,1,348574.17
CUST83828507161,4265.75,4265.75,1,457260.44
CUST83835395593,772.97,772.97,1,115232.35
CUST83836072315,956.66,956.66,1,169199.98
CUST83844429816,1457.08,1457.08,1,466006.79
CUST83850921863,1663.07,1663.07,1,209928.58
CUST83864407924,22202.22,22202.22,1,54615.05
CUST83864552036,1014.45,1014.45,1,109790.78
CUST83867299035,1032.37,1032.37,1,332182.39
CUST83869373944,179.14,179.14,1,459542.02
CUST83872104170,408.91,408.91,1,34936.38
CUST83872248373,383.57,383.57,1,256020.81
CUST83873983370,10396.84,10396.84,1,429611.92
CUST83874438889,265.34,265.34,1,440865.33
CUST83877304821,256.6,256.6,1,265696.12
CUST83887549739,2144.21,2144.21,1,385393.45
CUST83891651473,374.96,374.96,1,446836.7
CUST83901779932,260.29,260.29,1,18599.03
CUST83911100364,5442.25,5442.25,1,306335.08
CUST83912269408,2874.31,2874.31,1,53459.33
CUST83913219472,3858.81,3858.81,1,50673.39
CUST83914706639,183.99,183.99,1,491113.76
CUST83918870124,1525.23,1525.23,1,118871.91
CUST83922169527,523.14,523.14,1,53105.16
CUST83931630754,39518.38,39518.38,1,102814.04
CUST83934584122,198.13,198.13,1,334621.78
CUST83934763365,895.83,895.83,1,28996.55
CUST83936135896,469.05,469.05,1,384999.15
CUST83938808031,228.85,228.85,1,328910.52
CUST83941459830,2011.81,2011.81,1,141210.25
CUST83948328178,101.13,101.13,1,497485.48
CUST83950639452,2119.44,2119.44,1,63800.01
CUST83957862655,4936.26,4936.26,1,64890.75
CUST83964898768,1531.03,1531.03,1,163711.88
CUST83971890226,82001.65,82001.65,1,245794.38
CUST83971960059,234.51,234.51,1,353228.73
CUST83979815680,5128.55,5128.55,1,202893.88
CUST83989642706,2156.67,2156.67,1,394342.74
CUST83991326324,60603.43,60603.43,1,185889.56
CUST83991400514,327.41,327.41,1,405632.54
CUST84006658797,187.46,187.46,1,51323.88
CUST84009860034,6017.84,6017.84,1,24105.89
CUST84010539272,2395.61,2395.61,1,121313.23
CUST84012870742,127.23,127.23,1,177929.74
CUST84013057565,1346.71,1346.71,1,332319.04
CUST84015790794,493.32,493.32,1,151956.3
CUST84019399795,529.83,529.83,1,436901.82
CUST84034034612,17.26,17.26,1,394229.22
CUST84035544725,1964.08,1964.08,1,24924.82
CUST84039609589,57.19,57.19,1,271469.75
CUST84044302550,193.31,193.31,1,7519.09
CUST84044545904,661.29,661.29,1,398029.0
CUST84049102126,201.74,201.74,1,131276.56
CUST84054433798,373.21,373.21,1,479708.59
CUST84056367372,85.42,85.42,1,256172.44
CUST84062099799,3910.81,3910.81,1,258968.66
CUST84063826986,2136.56,2136.56,1,364716.69
CUST84067404586,6578.61,6578.61,1,83070.9
CUST84070722968,8348.05,8348.05,1,9190.43
CUST84076487107,394.31,394.31,1,123402.01
CUST84078360455,2162.89,2162.89,1,46713.7
CUST84083124092,640.22,640.22,1,426251.83
CUST84096806943,366.61,366.61,1,437499.64
CUST84097546707,1178.81,1178.81,1,154007.8
CUST84135524447,852.47,852.47,1,405208.0
CUST84135723018,2080.32,2080.32,1,14493.95
CUST84138960362,2964.58,2964.58,1,445081.95
CUST84152080321,466.12,466.12,1,262106.55
CUST84154037587,1207.58,1207.58,1,89980.43
CUST84154455550,237.91,237.91,1,367734.27
CUST84168452607,1899.9,1899.9,1,397497.84
CUST84171510269,731.0,731.0,1,216312.62
CUST84176511255,96.63,96.63,1,347385.26
CUST84178623869,629.46,629.46,1,369501.74
CUST84180598623,1341.41,1341.41,1,333283.4
CUST84183855582,470.47,470.47,1,421017.69
CUST84183858447,330.5,330.5,1,290596.64
CUST84194650341,15788.41,15788.41,1,351080.47
CUST84212394559,857.66,857.66,1,341762.65
CUST84216423694,106.18,106.18,1,152670.12
CUST84229569163,381.78,381.78,1,65823.72
CUST84235443683,364.9,364.9,1,342772.79
CUST84236534810,510.67,510.67,1,30850.75
CUST84243656550,445.09,445.09,1,484228.48
CUST84247233346,308.35,308.35,1,440911.85
CUST84258397198,2895.0,2895.0,1,407581.21
CUST84261168021,223.53,223.53,1,129216.57
CUST84267171171,482.69,482.69,1,390201.36
CUST84270592602,169.13,169.13,1,324531.97
CUST84275084369,142.57,142.57,1,397513.31
CUST84278077475,1337.7,1337.7,1,427656.92
CUST84293067544,199.66,199.66,1,129897.73
CUST84302986195,56.4,56.4,1,99014.6
CUST84303800366,3339.68,3339.68,1,35572.8
CUST84312031488,966.2,966.2,1,277581.96
CUST84312200581,44.72,44.72,1,174800.04
CUST84316488033,65.98,65.98,1,220650.89
CUST84326520944,70.56,70.56,1,482798.6
CUST84327128921,538.57,538.57,1,479089.43
CUST84327771832,639.6,639.6,1,451931.93
CUST84330740693,1064.85,1064.85,1,289450.64
CUST84332206826,571.35,571.35,1,304687.33
CUST84334472984,384.97,384.97,1,380591.15
CUST84338370339,803.49,803.49,1,376891.63
CUST84341901502,729.64,729.64,1,448419.89
CUST84349725455,441.1,441.1,1,391857.69
CUST84353560510,280.84,280.84,1,317731.43
CUST84355254020,2816.94,2816.94,1,462952.9
CUST84360614965,999.53,999.53,1,173142.08
CUST84364437868,698.2,698.2,1,337107.08
CUST84369909908,91.98,91.98,1,116693.34
CUST84371492068,857.17,857.17,1,391694.2
CUST84375108883,422.2,422.2,1,484842.4
CUST84376272593,590.64,590.64,1,322371.67
CUST84381444984,266.09,266.09,1,134234.25
CUST84385720134,921.47,921.47,1,16124.81
CUST84386662312,2074.35,2074.35,1,214709.89
CUST84391985968,1147.93,1147.93,1,57340.12
CUST84395134409,724.28,724.28,1,442182.58
CUST84395761874,586.52,586.52,1,125905.9
CUST84398122769,29664.98,29664.98,1,32585.65
CUST84398907681,4194.17,4194.17,1,112599.49
CUST84400355671,663.94,663.94,1,104200.76
CUST84407225726,2592.01,2592.01,1,159935.02
CUST84413755092,612.53,612.53,1,179637.84
CUST84418065626,1721.06,1721.06,1,72858.85
CUST84420225199,505.1,505.1,1,257989.3
CUST84423739340,865.88,865.88,1,353114.3
CUST84425266073,9222.37,9222.37,1,64943.38
CUST84425933546,1361.02,1361.02,1,84211.12
CUST84429037496,4573.57,4573.57,1,211347.47
CUST84431035969,553.34,553.34,1,91225.78
CUST84436033784,987.34,987.34,1,275455.03
CUST84439611182,2173.27,2173.27,1,210373.53
CUST84453909291,51.23,51.23,1,117563.54
CUST84455942492,1901.8,1901.8,1,85349.41
CUST84459558884,1498.66,1498.66,1,235241.09
CUST84471675123,360.31,360.31,1,260576.77
CUST84476957431,1647.37,1647.37,1,336254.27
CUST84480198707,2320.03,2320.03,1,359688.38
CUST84483434074,2152.16,2152.16,1,216296.32
CUST84484814497,2715.61,2715.61,1,44348.56
CUST84486114979,338.8,338.8,1,491968.76
CUST84490018418,652.85,652.85,1,293949.07
CUST84501863046,11669.52,11669.52,1,12480.2
CUST84503203761,93.42,93.42,1,188999.48
CUST84505742361,7390.99,7390.99,1,491412.37
CUST84513416611,46.33,46.33,1,462584.22
CUST84517951291,1656.23,1656.23,1,168809.82
CUST84521503543,892.15,892.15,1,159102.89
CUST84532782479,574.5,574.5,1,428025.12
CUST84534021183,848.4,848.4,1,66429.13
CUST84541606556,798.35,798.35,1,102846.02
CUST84542167137,124.86,124.86,1,249603.38
CUST84551099058,209.43,209.43,1,210302.13
CUST84563483411,65.63,65.63,1,316237.96
CUST84565122939,557.74,557.74,1,153364.07
CUST84568306248,739.24,739.24,1,226773.57
CUST84569642035,531.72,531.72,1,259274.13
CUST84577221033,276.38,276.38,1,6996.81
CUST84585626277,522.63,522.63,1,318995.58
CUST84587848225,124.53,124.53,1,421352.0
CUST84593193458,921.78,921.78,1,236336.54
CUST84595015600,882.32,882.32,1,342923.66
CUST84595237744,1807.08,1807.08,1,384977.7
CUST84596148407,274.66,274.66,1,292624.0
CUST84607537970,158.35,158.35,1,290362.37
CUST84609136225,117.63,117.63,1,141204.34
CUST84609609262,1689.66,1689.66,1,236065.05
CUST84613793672,306.14,306.14,1,481061.62
CUST84618476138,141.62,141.62,1,295811.11
CUST84620705996,1239.42,1239.42,1,125120.2
CUST84626621049,99.87,99.87,1,284679.46
CUST84630633128,178.54,178.54,1,212045.83
CUST84635281823,1051.14,1051.14,1,33262.46
CUST84644989359,5855.05,5855.05,1,46730.37
CUST84652741283,326.36,326.36,1,321014.49
CUST84653426064,3348.86,3348.86,1,400650.58
CUST84655205093,489.26,489.26,1,223406.6
CUST84660926999,1990.75,1990.75,1,97414.83
CUST84662610874,460.37,460.37,1,388718.93
CUST84665672051,1022.94,1022.94,1,450215.48
CUST84671817476,709.1,709.1,1,211074.0
CUST84672204096,859.5,859.5,1,456359.66
CUST84676056754,1348.71,1348.71,1,180988.93
CUST84687777467,449.22,449.22,1,239132.27
CUST84692810065,756.49,756.49,1,8110.67
CUST84708869475,83.66,83.66,1,159895.19
CUST84709638796,243.23,243.23,1,160562.53
CUST84739606284,1456.47,1456.47,1,358665.11
CUST84741572700,1247.32,1247.32,1,39976.04
CUST84750913317,462.68,462.68,1,272789.2
CUST84759698507,145.94,145.94,1,136212.24
CUST84765817466,212.71,212.71,1,144397.93
CUST84772062121,2653.23,2653.23,1,64233.69
CUST84773162232,940.55,940.55,1,52257.42
CUST84806116998,307.54,307.54,1,217977.13
CUST84818193639,159.65,159.65,1,62814.81
CUST84831033477,569.6,569.6,1,112771.27
CUST84832774176,843.54,843.54,1,432285.3
CUST84835356119,1026.45,1026.45,1,361085.59
CUST84841766291,818.01,818.01,1,424359.73
CUST84842491804,2194.62,2194.62,1,56397.41
CUST84853426825,416.21,416.21,1,449261.98
CUST84857222757,383.53,383.53,1,459650.77
CUST84859079098,2614.96,2614.96,1,13882.35
CUST84866742771,635.33,635.33,1,119429.5
CUST84872402914,1728.99,1728.99,1,449654.7
CUST84886269758,1428.16,1428.16,1,234349.63
CUST84891102844,311.71,311.71,1,479666.32
CUST84907031676,2687.34,2687.34,1,249447.2
CUST84907282119,722.65,722.65,1,163103.99
CUST84910113821,333.57,333.57,1,394675.33
CUST84910549826,208.1,208.1,1,395522.01
CUST84914994423,310.23,310.23,1,455441.65
CUST84916297923,93.67,93.67,1,430662.73
CUST84918024728,643.1,643.1,1,293254.44
CUST84922330088,184.32,184.32,1,402633.23
CUST84923739403,200.22,200.22,1,467513.02
CUST84928152077,5704.89,5704.89,1,394363.34
CUST84930282185,1559.06,1559.06,1,21267.18
CUST84935177985,189.03,189.03,1,319659.87
CUST84946233019,372.85,372.85,1,253340.43
CUST84948565817,2095.0,2095.0,1,130896.74
CUST84956633254,621.04,621.04,1,494726.59
CUST84959455783,171.04,171.04,1,454215.63
CUST84968608508,76.92,76.92,1,326361.98
CUST84980540249,728.19,728.19,1,307595.62
CUST84980598775,627.36,627.36,1,291037.75
CUST84982371539,398.14,398.14,1,86617.5
CUST84984622487,256.86,256.86,1,130796.13
CUST84987658854,287.89,287.89,1,172346.02
CUST84990788713,736.9,736.9,1,138905.05
CUST84993825073,925.76,925.76,1,471037.28
CUST84995568144,1300.84,1300.84,1,55314.42
CUST85002615526,4282.5,4282.5,1,395682.81
CUST85026534895,780.73,780.73,1,19006.73
CUST85042413412,19015.49,19015.49,1,276604.25
CUST85043709499,219.35,219.35,1,228453.13
CUST85044632840,826.91,826.91,1,142284.31
CUST85047590410,1510.87,1510.87,1,310923.22
CUST85054810547,8904.98,8904.98,1,417894.15
CUST85057707584,5928.09,5928.09,1,337061.46
CUST85057721926,150.29,150.29,1,65253.57
CUST85059768822,6235.66,6235.66,1,117332.74
CUST85068255932,1004.74,1004.74,1,133243.55
CUST85073989665,1180.9,1180.9,1,420212.71
CUST85079972710,4559.25,4559.25,1,479030.34
CUST85086515781,139.06,139.06,1,426865.71
CUST85093372896,539.33,539.33,1,157430.84
CUST85095036743,1059.38,1059.38,1,196710.08
CUST85096927826,902.23,902.23,1,286336.82
CUST85103164122,847.75,847.75,1,367197.92
CUST85108367453,1299.96,1299.96,1,328875.62
CUST85112870361,1013.92,1013.92,1,12060.57
CUST85112985214,158.92,158.92,1,108195.87
CUST85113510036,337.5,337.5,1,281304.84
CUST85113917276,91.78,91.78,1,206882.82
CUST85116799684,3842.93,3842.93,1,445348.95
CUST85119355851,411.86,411.86,1,335508.08
CUST85125072106,355.59,355.59,1,420460.8
CUST85125877767,378.94,378.94,1,194662.95
CUST85132093319,150.92,150.92,1,253502.82
CUST85142178456,233.0,233.0,1,218651.14
CUST85148929445,3506.77,3506.77,1,460705.58
CUST85167259987,697.07,697.07,1,153866.8
CUST85167870389,106.12,106.12,1,209962.94
CUST85171327535,105.71,105.71,1,346368.01
CUST85179948576,1927.84,1927.84,1,492770.62
CUST85181801252,208.73,208.73,1,336240.71
CUST85189128511,87.69,87.69,1,61219.43
CUST85191982522,338.36,338.36,1,323943.9
CUST85197738006,1032.43,1032.43,1,152054.04
CUST85202015722,1155.5,1155.5,1,39789.84
CUST85204950778,3359.35,3359.35,1,430925.13
CUST85220466010,1383.45,1383.45,1,317892.37
CUST85222979627,3072.69,3072.69,1,429997.41
CUST85224649798,188.5,188.5,1,199566.84
CUST85224781722,310.58,310.58,1,231382.12
CUST85230246638,433.93,433.93,1,122696.29
CUST85230732639,557.31,557.31,1,499214.64
CUST85230870119,257.52,257.52,1,450382.5
CUST85234109156,249.2,249.2,1,470394.04
CUST85234560605,665.82,665.82,1,191865.89
CUST85239095520,592.37,592.37,1,347310.8
CUST85240130452,62.79,62.79,1,339220.69
CUST85243947713,598.33,598.33,1,449207.64
CUST85248555266,595.83,595.83,1,330406.17
CUST85252612661,734.0,734.0,1,349451.83
CUST85254086250,3212.44,3212.44,1,136799.8
CUST85254421064,765.87,765.87,1,294527.8
CUST85255188796,378.18,378.18,1,218083.15
CUST85262010394,5715.05,5715.05,1,176870.06
CUST85266639579,3054.7,3054.7,1,109709.2
CUST85274790317,160.44,160.44,1,332388.61
CUST85282829530,432.33,432.33,1,438269.93
CUST85291183985,2030.44,2030.44,1,186410.83
CUST85292571489,335.85,335.85,1,382219.83
CUST85297351901,10923.13,10923.13,1,450572.29
CUST85314945992,1012.98,1012.98,1,248364.63
CUST85318972382,343.95,343.95,1,41787.53
CUST85326242684,66.08,66.08,1,157900.82
CUST85327502692,440.11,440.11,1,140554.01
CUST85333811646,335.36,335.36,1,435422.14
CUST85334393222,335.21,335.21,1,303666.54
CUST85335167347,193.11,193.11,1,19629.52
CUST85337260880,225.43,225.43,1,60752.36
CUST85337881203,1411.47,1411.47,1,14224.15
CUST85340055930,2422.6,2422.6,1,278518.1
CUST85346865811,4383.6,4383.6,1,159107.54
CUST85350855399,3524.7,3524.7,1,255108.6
CUST85351899209,449.32,449.32,1,326694.83
CUST85353740783,474.07,474.07,1,311523.66
CUST85360302963,577.13,577.13,1,331464.78
CUST85362768301,256.13,256.13,1,257486.68
CUST85363413010,656.79,656.79,1,357975.57
CUST85366110988,190.76,190.76,1,299019.51
CUST85368204268,164.82,164.82,1,15189.35
CUST85381238309,373.1,373.1,1,43372.36
CUST85384176475,4106.72,4106.72,1,257028.76
CUST85405414082,165.48,165.48,1,221187.57
CUST85409069753,734.39,734.39,1,150301.8
CUST85415299228,10013.27,10013.27,1,447634.72
CUST85416437271,622.09,622.09,1,365524.26
CUST85416462966,2593.85,2593.85,1,487219.02
CUST85423039593,4702.62,4702.62,1,448317.27
CUST85436730591,2412.78,2412.78,1,369855.02
CUST85447156577,795.78,795.78,1,268576.92
CUST85453342185,1464.79,1464.79,1,397795.44
CUST85456155442,1184.2,1184.2,1,257749.27
CUST85456501193,4202.13,4202.13,1,41068.09
CUST85457433099,862.61,862.61,1,348343.4
CUST85477943612,4495.25,4495.25,1,358871.8
CUST85481029627,2304.05,2304.05,1,382100.49
CUST85481037717,1017.17,1017.17,1,232087.53
CUST85485397043,5307.39,5307.39,1,393144.52
CUST85485923776,16655.1,16655.1,1,157010.64
CUST85489166876,1125.92,1125.92,1,285460.88
CUST85491163133,2613.69,2613.69,1,98400.85
CUST85491711614,829.16,829.16,1,141003.66
CUST85495040255,208.92,208.92,1,282694.85
CUST85495875990,89.86,89.86,1,118063.49
CUST85497146300,229.07,229.07,1,257341.52
CUST85503039565,1882.19,1882.19,1,32551.27
CUST85506939842,65.49,65.49,1,192791.27
CUST85512599251,4570.8,4570.8,1,28413.85
CUST85515447261,703.38,703.38,1,243578.34
CUST85524528777,148.46,148.46,1,363601.1
CUST85527680742,461.36,461.36,1,257583.32
CUST85530575105,125.98,125.98,1,33407.77
CUST85532621662,152.56,152.56,1,84012.31
CUST85535799599,1382.6,1382.6,1,173025.52
CUST85540691176,1067.35,1067.35,1,241293.38
CUST85540913260,345.93,345.93,1,263255.62
CUST85544150018,2135.93,2135.93,1,439363.12
CUST85549217787,151.95,151.95,1,308005.14
CUST85554149879,478.65,478.65,1,235676.1
CUST85559238373,240.36,240.36,1,399170.11
CUST85561628559,690.06,690.06,1,404305.54
CUST85569728632,297.13,297.13,1,303181.02
CUST85573842408,93.25,93.25,1,398815.19
CUST85583779786,946.23,946.23,1,132181.43
CUST85584223758,4335.34,4335.34,1,124148.1
CUST85585273935,749.68,749.68,1,134958.79
CUST85589245183,262.13,262.13,1,298297.94
CUST85589782419,713.86,713.86,1,21211.69
CUST85595282730,373.57,373.57,1,364047.77
CUST85601927366,1959.55,1959.55,1,136221.16
CUST85606347933,606.34,606.34,1,241031.89
CUST85606885469,1382.39,1382.39,1,424671.88
CUST85609260987,1769.31,1769.31,1,42152.2
CUST85634011793,374.18,374.18,1,28739.66
CUST85634227703,12422.88,12422.88,1,420735.73
CUST85650947778,897.09,897.09,1,358473.48
CUST85657993129,5280.23,5280.23,1,273604.9
CUST85660906550,500.56,500.56,1,188808.82
CUST85664994475,1336.39,1336.39,1,38900.25
CUST85667881358,947.2,947.2,1,361781.17
CUST85679364354,6365.58,6365.58,1,222.93
CUST85681010904,409.66,409.66,1,243290.83
CUST85682336236,874.85,874.85,1,2505.93
CUST85683076557,1999.49,1999.49,1,113236.83
CUST85685592728,208.44,208.44,1,36546.62
CUST85685713064,374.53,374.53,1,194875.24
CUST85689059928,9945.7,9945.7,1,330807.76
CUST85689531694,351.46,351.46,1,380496.17
CUST85696319044,739.62,739.62,1,325792.24
CUST85700071670,2588.59,2588.59,1,347144.86
CUST85703366643,493.92,493.92,1,195511.08
CUST85710860129,77.12,77.12,1,121342.2
CUST85724077253,731.35,731.35,1,360103.22
CUST85730574919,980.19,980.19,1,215895.16
CUST85731815558,3118.39,3118.39,1,406257.79
CUST85735238676,545.38,545.38,1,89407.92
CUST85735522704,3267.45,3267.45,1,240982.84
CUST85738034718,116.3,116.3,1,337715.77
CUST85741068641,377.5,377.5,1,18406.4
CUST85742657246,244.35,244.35,1,73353.51
CUST85745357950,266.99,266.99,1,485922.16
CUST85747167966,9343.54,9343.54,1,473325.84
CUST85747181339,2135.91,2135.91,1,84378.88
CUST85748011900,1464.03,1464.03,1,172447.53
CUST85749127978,418.68,418.68,1,424586.51
CUST85750056923,745.51,745.51,1,21087.54
CUST85771534177,2156.81,2156.81,1,278929.58
CUST85775184925,33.23,33.23,1,435755.0
CUST85775458861,7751.31,7751.31,1,480288.57
CUST85785863731,714.41,714.41,1,340874.63
CUST85788797777,208.42,208.42,1,13004.09
CUST85792148077,361.95,361.95,1,130522.18
CUST85793063847,1740.34,1740.34,1,116455.99
CUST85798095461,1093.05,1093.05,1,110532.74
CUST85809329823,92.84,92.84,1,112602.54
CUST85819077204,985.68,985.68,1,151436.59
CUST85827349634,148.0,148.0,1,309033.18
CUST85831064705,2591.95,2591.95,1,394996.33
CUST85837373503,2855.02,2855.02,1,28833.46
CUST85847634914,129.69,129.69,1,460476.22
CUST85867883943,3600.0,3600.0,1,39505.49
CUST85880281606,190.42,190.42,1,22197.08
CUST85883754949,1717.77,1717.77,1,336986.98
CUST85889277255,441.09,441.09,1,391564.76
CUST85889288317,1640.69,1640.69,1,239077.37
CUST85897271742,291.89,291.89,1,367980.14
CUST85897510906,502.98,502.98,1,96861.82
CUST85898285109,562.93,562.93,1,400442.11
CUST85899118833,39.85,39.85,1,334426.55
CUST85899252490,1195.23,1195.23,1,219663.95
CUST85902284862,940.58,940.58,1,66657.5
CUST85903890079,1362.42,1362.42,1,429570.26
CUST85903950653,7866.58,7866.58,1,312440.04
CUST85906811410,1461.51,1461.51,1,352339.16
CUST85911415261,84.43,84.43,1,353223.48
CUST85923470089,1255.12,1255.12,1,102871.09
CUST85925473109,2895.76,2895.76,1,339413.99
CUST85929994868,364.86,364.86,1,489535.87
CUST85948552120,99.49,99.49,1,493479.59
CUST85951708515,266.21,266.21,1,251171.08
CUST85959629119,441.44,441.44,1,451351.06
CUST85960257465,1601.51,1601.51,1,325513.4
CUST85966025313,226.27,226.27,1,278621.38
CUST85968650017,1170.12,1170.12,1,48629.78
CUST85971743102,632.8,632.8,1,440735.76
CUST85977758206,295.67,295.67,1,448761.05
CUST85978481830,911.12,911.12,1,493638.25
CUST85985092261,136.24,136.24,1,317582.81
CUST85991578484,63.78,63.78,1,485730.99
CUST85992642285,57.58,57.58,1,86576.56
CUST86000059343,1643.08,1643.08,1,99928.76
CUST86000518162,4592.83,4592.83,1,341095.06
CUST86001120653,143.94,143.94,1,323161.02
CUST86005219066,422.72,422.72,1,47778.94
CUST86011350246,670.61,670.61,1,339900.18
CUST86011860891,284.05,284.05,1,153708.48
CUST86022780167,295.79,295.79,1,70950.02
CUST86034837895,4384.0,4384.0,1,466594.61
CUST86035855401,1501.1,1501.1,1,166980.19
CUST86038948605,795.31,795.31,1,379379.75
CUST86048547075,1268.39,1268.39,1,348847.82
CUST86049828134,1037.24,1037.24,1,286291.15
CUST86054246732,391.38,391.38,1,459034.1
CUST86055360270,320.87,320.87,1,151831.53
CUST86055639820,277.78,277.78,1,46615.17
CUST86057007401,1969.14,1969.14,1,345223.25
CUST86057471912,440.0,440.0,1,363886.29
CUST86058141156,22.78,22.78,1,82017.03
CUST86060191494,407.46,407.46,1,209800.57
CUST86062012347,130.98,130.98,1,165291.49
CUST86063120420,382.83,382.83,1,61849.18
CUST86068343864,821.1,821.1,1,118358.61
CUST86070052681,1080.0,1080.0,1,299217.58
CUST86074648171,237.77,237.77,1,38561.68
CUST86074664786,3880.85,3880.85,1,212506.08
CUST86083917029,301.75,301.75,1,312089.88
CUST86092767561,568.7,568.7,1,68167.97
CUST86093630108,134.59,134.59,1,9679.85
CUST86094820379,165.09,165.09,1,483915.81
CUST86096869993,5540.16,5540.16,1,417518.3
CUST86099549119,592.27,592.27,1,319776.87
CUST86103801275,928.68,928.68,1,344078.19
CUST86108453157,1643.48,1643.48,1,246822.38
CUST86112435411,115.05,115.05,1,394584.21
CUST86115357846,12564.15,12564.15,1,305351.53
CUST86116349564,445.7,445.7,1,265935.98
CUST86129787828,510.83,510.83,1,273997.69
CUST86143075470,770.07,770.07,1,189935.01
CUST86143323106,9747.38,9747.38,1,462827.27
CUST86149508926,426.08,426.08,1,48586.71
CUST86151704568,520.76,520.76,1,476260.66
CUST86152828406,620.82,620.82,1,337916.28
CUST86159692756,428.0,428.0,1,420307.67
CUST86164227611,2020.68,2020.68,1,178685.04
CUST86168263570,256.59,256.59,1,435773.68
CUST86172871536,2523.87,2523.87,1,292249.64
CUST86176104814,5764.89,5764.89,1,154411.17
CUST86182681418,1096.49,1096.49,1,90273.25
CUST86186805300,205.39,205.39,1,132593.05
CUST86187640237,1450.15,1450.15,1,262928.47
CUST86193071607,1210.16,1210.16,1,262267.83
CUST86197305603,772.12,772.12,1,286376.97
CUST86199059824,2439.42,2439.42,1,492480.13
CUST86199292207,989.93,989.93,1,72694.81
CUST86201182290,919.04,919.04,1,462501.11
CUST86206894044,853.73,853.73,1,79190.35
CUST86211874688,702.72,702.72,1,476336.6
CUST86211999799,499.71,499.71,1,230457.46
CUST86216174255,7213.72,7213.72,1,492389.65
CUST86217836154,149.78,149.78,1,416249.87
CUST86223500194,740.25,740.25,1,159452.11
CUST86235735301,3950.04,3950.04,1,448767.78
CUST86240426052,673.29,673.29,1,67354.82
CUST86242317581,2187.24,2187.24,1,241471.13
CUST86247109646,72.02,72.02,1,213884.47
CUST86250360391,470.01,470.01,1,401516.88
CUST86250529187,6397.42,6397.42,1,422681.43
CUST86256764465,1021.92,1021.92,1,101967.61
CUST86261736148,177.85,177.85,1,481440.27
CUST86288472779,217.36,217.36,1,289300.67
CUST86293302147,1062.84,1062.84,1,127087.85
CUST86305993181,847.89,847.89,1,38643.64
CUST86314219197,8021.52,8021.52,1,74075.43
CUST86318594953,2533.93,2533.93,1,443953.8
CUST86320499097,55.89,55.89,1,224221.36
CUST86321675392,2837.09,2837.09,1,464226.7
CUST86327119644,883.91,883.91,1,415545.58
CUST86327885043,177.63,177.63,1,141389.13
CUST86330994147,2521.46,2521.46,1,108992.58
CUST86331249505,2297.27,2297.27,1,127089.2
CUST86359185686,1911.78,1911.78,1,206423.94
CUST86359548623,315.08,315.08,1,355954.56
CUST86360974641,1948.54,1948.54,1,315463.91
CUST86361582649,610.54,610.54,1,194140.58
CUST86367968824,1092.8,1092.8,1,485631.14
CUST86371303934,2725.66,2725.66,1,162866.12
CUST86371966308,2861.69,2861.69,1,456974.29
CUST86376456082,275.28,275.28,1,31832.89
CUST86378163343,705.34,705.34,1,8179.17
CUST86378608912,212.58,212.58,1,29747.84
CUST86380732147,446.24,446.24,1,48835.8
CUST86382893313,770.21,770.21,1,309380.79
CUST86384071821,3385.46,3385.46,1,222552.21
CUST86391807359,1705.46,1705.46,1,203285.75
CUST86393957183,424.63,424.63,1,82021.48
CUST86395010053,1337.37,1337.37,1,297757.39
CUST86398821925,2989.61,2989.61,1,302320.1
CUST86407196271,472.41,472.41,1,285927.17
CUST86408245686,788.51,788.51,1,497981.78
CUST86415820065,369.03,369.03,1,293801.12
CUST86421321569,409.41,409.41,1,315308.52
CUST86424308483,576.41,576.41,1,278163.02
CUST86427068179,88.12,88.12,1,473028.25
CUST86428495421,6203.89,6203.89,1,135622.48
CUST86439871585,2549.45,2549.45,1,334542.8
CUST86443171255,517.0,517.0,1,85696.77
CUST86446686242,1609.01,1609.01,1,214651.24
CUST86447308303,410.8,410.8,1,127107.32
CUST86452595439,103.52,103.52,1,301661.27
CUST86457798051,104.38,104.38,1,232160.2
CUST86459722816,1430.02,1430.02,1,95617.05
CUST86461446321,337.17,337.17,1,229832.67
CUST86465929571,1077.58,1077.58,1,388538.29
CUST86471625839,975.79,975.79,1,328174.75
CUST86473301932,350.34,350.34,1,2539.82
CUST86473605089,6455.07,6455.07,1,326557.56
CUST86475303864,905.35,905.35,1,90338.41
CUST86479619526,3133.63,3133.63,1,259741.34
CUST86480041705,31260.49,31260.49,1,81715.18
CUST86482777895,23.29,23.29,1,400876.88
CUST86490360303,1953.07,1953.07,1,177182.03
CUST86506684370,947.44,947.44,1,181989.14
CUST86507780992,3003.74,3003.74,1,24380.77
CUST86508932235,137.92,137.92,1,471698.45
CUST86512064925,275.94,275.94,1,108673.67
CUST86513910322,353.43,353.43,1,480827.69
CUST86517610680,171.16,171.16,1,274917.49
CUST86525055116,284.82,284.82,1,120206.4
CUST86525860093,4401.84,4401.84,1,439746.81
CUST86531369125,580.36,580.36,1,9408.83
CUST86532454579,449.78,449.78,1,366649.57
CUST86539539857,38.18,38.18,1,311367.33
CUST86555579926,139.05,139.05,1,139787.34
CUST86561400253,762.33,762.33,1,101482.17
CUST86561695477,484.65,484.65,1,397911.41
CUST86564215182,1692.03,1692.03,1,3624.1
CUST86576821748,1859.51,1859.51,1,396522.29
CUST86580622963,279.46,279.46,1,354506.1
CUST86581605871,1283.06,1283.06,1,368535.2
CUST86582667064,89.04,89.04,1,257073.39
CUST86582860609,1804.05,1804.05,1,441319.49
CUST86596756587,53.98,53.98,1,474731.19
CUST86598894088,879.62,879.62,1,379502.87
CUST86605872413,794.9,794.9,1,368130.57
CUST86611126684,195.31,195.31,1,391193.37
CUST86614135262,1593.15,1593.15,1,119168.79
CUST86617237229,225.41,225.41,1,69168.02
CUST86620818601,462.89,462.89,1,102145.52
CUST86622521884,2546.53,2546.53,1,21764.83
CUST86630149208,670.58,670.58,1,397326.95
CUST86633275084,22763.0,22763.0,1,41135.57
CUST86636443339,275.44,275.44,1,139548.74
CUST86638764087,156.34,156.34,1,236036.31
CUST86640598636,593.42,593.42,1,316398.69
CUST86644212703,15374.24,15374.24,1,171777.15
CUST86644417806,320.98,320.98,1,230287.15
CUST86648778319,211.11,211.11,1,370886.84
CUST86657712910,615.83,615.83,1,389934.0
CUST86658393791,209.23,209.23,1,478123.96
CUST86658964730,386.9,386.9,1,150418.62
CUST86670934631,106.28,106.28,1,210503.95
CUST86676181771,499.82,499.82,1,487066.53
CUST86679725132,1965.3,1965.3,1,365498.05
CUST86681202834,2972.8,2972.8,1,57749.25
CUST86691857528,614.86,614.86,1,241196.48
CUST86692019296,266.24,266.24,1,141970.66
CUST86702962508,6020.55,6020.55,1,441942.16
CUST86704133400,269.29,269.29,1,207219.58
CUST86705029527,119.13,119.13,1,399123.37
CUST86705759714,243.08,243.08,1,374335.78
CUST86706607665,273.39,273.39,1,478909.03
CUST86706802248,321.5,321.5,1,404587.71
CUST86713731393,113.27,113.27,1,340774.55
CUST86717330977,23379.41,23379.41,1,328747.62
CUST86718074393,2768.36,2768.36,1,127394.19
CUST86731491080,273.87,273.87,1,375906.34
CUST86732089727,354.65,354.65,1,265062.6
CUST86733403413,4612.08,4612.08,1,257413.1
CUST86754128794,183.63,183.63,1,226861.13
CUST86755492121,2478.08,2478.08,1,348734.56
CUST86768516547,1357.91,1357.91,1,368795.09
CUST86778737101,213.84,213.84,1,419863.73
CUST86800096936,219.69,219.69,1,139482.8
CUST86804813896,1991.36,1991.36,1,123043.45
CUST86805130858,360.34,360.34,1,77645.95
CUST86808621582,286.86,286.86,1,430472.39
CUST86817531142,3272.23,3272.23,1,184938.86
CUST86821643572,247.89,247.89,1,291063.51
CUST86825612142,79.81,79.81,1,75521.65
CUST86827518104,1028.26,1028.26,1,133720.58
CUST86827846075,708.39,708.39,1,174115.21
CUST86827914131,1439.93,1439.93,1,475104.58
CUST86834235604,96.52,96.52,1,92743.32
CUST86839967997,1137.77,1137.77,1,72657.31
CUST86841348041,327.48,327.48,1,351694.25
CUST86842313446,2002.75,2002.75,1,390138.06
CUST86842535658,191.25,191.25,1,413204.14
CUST86852497556,1574.6,1574.6,1,87808.87
CUST86861366769,881.0,881.0,1,164864.96
CUST86862723096,256.38,256.38,1,447209.4
CUST86874658117,875.83,875.83,1,145697.24
CUST86876944337,955.74,955.74,1,15611.71
CUST86878622093,3373.8,3373.8,1,74034.92
CUST86879831386,4276.23,4276.23,1,104659.39
CUST86893640804,22641.14,22641.14,1,321389.67
CUST86903034018,1208.85,1208.85,1,255902.9
CUST86903075883,747.71,747.71,1,86489.78
CUST86905739833,843.8,843.8,1,38625.54
CUST86909006866,2564.22,2564.22,1,494729.2
CUST86910913790,1237.2,1237.2,1,257212.19
CUST86916402954,197.13,197.13,1,30431.26
CUST86920862619,1053.68,1053.68,1,18103.39
CUST86927429967,113.72,113.72,1,218062.66
CUST86930161373,2260.83,2260.83,1,255321.18
CUST86938363456,518.34,518.34,1,237224.36
CUST86942483583,1776.6,1776.6,1,497177.04
CUST86950517293,300.05,300.05,1,298388.17
CUST86953092747,183.76,183.76,1,298383.83
CUST86953634395,1172.68,1172.68,1,140948.79
CUST86954525893,235.45,235.45,1,242308.22
CUST86956842481,1314.23,1314.23,1,295094.32
CUST86959199629,138.86,138.86,1,64888.2
CUST86959791939,230.18,230.18,1,215883.78
CUST86961578832,3981.8,3981.8,1,197555.88
CUST86964191358,4241.35,4241.35,1,488467.13
CUST86969261804,945.58,945.58,1,85002.48
CUST86974951707,3714.05,3714.05,1,443765.39
CUST86975561908,213.93,213.93,1,214066.32
CUST86979350885,700.15,700.15,1,204939.4
CUST86988663233,1032.35,1032.35,1,367599.69
CUST86989730261,2715.2,2715.2,1,250322.88
CUST86995568287,1078.67,1078.67,1,132576.33
CUST87003641349,210.57,210.57,1,6189.58
CUST87009066339,732.15,732.15,1,142453.03
CUST87012092325,6643.96,6643.96,1,45493.65
CUST87014654710,315.08,315.08,1,478566.72
CUST87025058376,872.91,872.91,1,17474.43
CUST87027371036,6749.34,6749.34,1,319903.38
CUST87028300656,1293.1,1293.1,1,36238.52
CUST87028517226,77.87,77.87,1,38520.73
CUST87028649240,961.91,961.91,1,272685.3
CUST87029588487,4609.77,4609.77,1,426245.33
CUST87033466253,6250.97,6250.97,1,256766.56
CUST87037899660,1586.28,1586.28,1,252442.12
CUST87043350984,142.82,142.82,1,69641.6
CUST87058268664,723.04,723.04,1,434832.85
CUST87059521536,6836.87,6836.87,1,48734.47
CUST87063357884,201.5,201.5,1,340557.85
CUST87065646522,1284.87,1284.87,1,410432.53
CUST87069206186,317.97,317.97,1,270059.21
CUST87072543708,305.0,305.0,1,72240.28
CUST87079343029,724.35,724.35,1,429754.73
CUST87085880553,848.79,848.79,1,107679.04
CUST87104135054,239.54,239.54,1,9278.73
CUST87107511338,44.56,44.56,1,459338.68
CUST87123161647,147.34,147.34,1,74151.57
CUST87128748384,2820.52,2820.52,1,115786.83
CUST87135430663,3132.25,3132.25,1,247727.08
CUST87140015724,416.27,416.27,1,357395.91
CUST87140273650,165.61,165.61,1,468218.84
CUST87156965362,725.53,725.53,1,154291.02
CUST87164441970,220.94,220.94,1,81796.99
CUST87165432059,1882.61,1882.61,1,415648.48
CUST87166718208,51.66,51.66,1,457979.08
CUST87166787810,93.28,93.28,1,21367.49
CUST87170028323,937.65,937.65,1,444639.7
CUST87172578729,388.29,388.29,1,453012.53
CUST87172829407,209.42,209.42,1,409553.74
CUST87176522510,1145.65,1145.65,1,391926.77
CUST87185254795,64.72,64.72,1,176135.95
CUST87186583238,269.36,269.36,1,132453.87
CUST87186887185,5338.89,5338.89,1,407962.1
CUST87197630242,566.94,566.94,1,131632.33
CUST87201201000,694.03,694.03,1,285987.23
CUST87206470825,327.42,327.42,1,56494.39
CUST87207498065,73.58,73.58,1,387452.66
CUST87208089697,5681.18,5681.18,1,348030.82
CUST87208310572,159.99,159.99,1,260333.92
CUST87210947643,1238.35,1238.35,1,13030.18
CUST87225544612,634.25,634.25,1,139617.82
CUST87229576564,336.07,336.07,1,172295.47
CUST87232460328,563.76,563.76,1,135772.96
CUST87234059411,837.27,837.27,1,419037.32
CUST87241293733,430.95,430.95,1,84911.99
CUST87244282002,1141.06,1141.06,1,120001.37
CUST87250593535,5044.94,5044.94,1,388509.73
CUST87255588633,912.18,912.18,1,408789.68
CUST87258612078,7743.15,7743.15,1,459209.91
CUST87264011699,475.96,475.96,1,118023.01
CUST87272257499,241.06,241.06,1,169534.94
CUST87273755200,218.95,218.95,1,232212.84
CUST87278003749,2389.2,2389.2,1,248820.15
CUST87278886917,250.2,250.2,1,485317.46
CUST87280850334,48.77,48.77,1,48156.68
CUST87281693499,263.35,263.35,1,246216.06
CUST87289250649,266.9,266.9,1,347694.73
CUST87289749122,1078.19,1078.19,1,235295.45
CUST87293711625,1474.44,1474.44,1,81655.6
CUST87314389460,250.26,250.26,1,126615.88
CUST87322396697,2019.06,2019.06,1,397285.09
CUST87328719928,433.51,433.51,1,389597.22
CUST87330916942,793.35,793.35,1,382989.28
CUST87331014319,501.04,501.04,1,61993.3
CUST87331261217,421.74,421.74,1,415342.23
CUST87332070409,1044.71,1044.71,1,398084.3
CUST87332665405,5374.01,5374.01,1,267310.05
CUST87344233385,466.92,466.92,1,407746.03
CUST87349106430,103.6,103.6,1,472748.63
CUST87353606990,3593.25,3593.25,1,361644.85
CUST87355295902,111.51,111.51,1,170365.72
CUST87355682668,361.74,361.74,1,202220.36
CUST87357133064,395.48,395.48,1,226540.37
CUST87357562928,2191.39,2191.39,1,438392.63
CUST87360353797,176.67,176.67,1,316867.64
CUST87360661509,1381.77,1381.77,1,39952.21
CUST87367371045,231.32,231.32,1,319886.59
CUST87371931259,213.24,213.24,1,69103.31
CUST87375896339,211.9,211.9,1,160028.13
CUST87377698013,506.27,506.27,1,302445.56
CUST87378891565,577.95,577.95,1,348345.87
CUST87382687608,425.61,425.61,1,288715.15
CUST87388632118,1774.9,1774.9,1,345821.11
CUST87388717773,1032.83,1032.83,1,388762.07
CUST87410373886,2691.68,2691.68,1,271168.71
CUST87416063285,89.67,89.67,1,340992.28
CUST87423548396,2203.11,2203.11,1,386857.44
CUST87440151486,17346.53,17346.53,1,444509.87
CUST87445959889,895.95,895.95,1,298431.15
CUST87450399153,723.71,723.71,1,474397.58
CUST87450680821,210.88,210.88,1,75921.63
CUST87451044829,476.41,476.41,1,362157.48
CUST87452776601,390.6,390.6,1,395922.51
CUST87453917530,343.4,343.4,1,317464.52
CUST87454738359,2450.33,2450.33,1,408473.14
CUST87456328275,285.09,285.09,1,150722.32
CUST87461766022,776.44,776.44,1,205382.48
CUST87462976594,242.23,242.23,1,389650.42
CUST87464489892,4193.32,4193.32,1,389279.14
CUST87466533901,77.79,77.79,1,291527.55
CUST87468634791,925.84,925.84,1,211336.63
CUST87470279919,522.79,522.79,1,382955.36
CUST87474948682,352.35,352.35,1,263495.69
CUST87475128784,604.19,604.19,1,302198.4
CUST87477140076,724.62,724.62,1,202375.85
CUST87477509407,2776.92,2776.92,1,22823.98
CUST87480301984,155.24,155.24,1,68282.36
CUST87481656623,509.42,509.42,1,144923.93
CUST87486041794,575.65,575.65,1,445645.1
CUST87488320708,257.75,257.75,1,113232.65
CUST87490191885,307.19,307.19,1,481205.71
CUST87499268804,7540.54,7540.54,1,305492.4
CUST87507800350,371.1,371.1,1,482957.43
CUST87509175819,505.82,505.82,1,321525.69
CUST87509802440,437.47,437.47,1,80060.77
CUST87511612095,5959.75,5959.75,1,251537.47
CUST87511848043,10704.18,10704.18,1,210042.87
CUST87531013207,589.4,589.4,1,233054.7
CUST87537349034,3313.7,3313.7,1,191037.47
CUST87540348800,132.57,132.57,1,18613.34
CUST87541280430,651.02,651.02,1,329088.41
CUST87557846946,602.7,602.7,1,28391.59
CUST87568068168,1696.59,1696.59,1,173457.29
CUST87577276905,486.82,486.82,1,9508.53
CUST87577315425,170.36,170.36,1,374577.77
CUST87583107797,598.69,598.69,1,347002.57
CUST87584185536,2245.77,2245.77,1,26009.03
CUST87587781601,525.93,525.93,1,169511.26
CUST87589795901,7200.02,7200.02,1,45186.69
CUST87592488173,298.4,298.4,1,192892.48
CUST87592612361,4265.52,4265.52,1,259171.57
CUST87595186827,797.75,797.75,1,329681.39
CUST87602194393,839.77,839.77,1,220086.64
CUST87603208489,560.89,560.89,1,275637.61
CUST87608253289,16.53,16.53,1,88706.5
CUST87609284130,4236.12,4236.12,1,167630.03
CUST87623368033,1205.46,1205.46,1,323348.89
CUST87632472468,1112.41,1112.41,1,230969.85
CUST87636547849,739.08,739.08,1,296635.41
CUST87637487337,1039.73,1039.73,1,233947.94
CUST87643554861,164.09,164.09,1,94259.52
CUST87644525460,3311.63,3311.63,1,95273.63
CUST87650098530,561.85,561.85,1,198323.3
CUST87673370371,1940.61,1940.61,1,394385.87
CUST87674602328,280.24,280.24,1,436009.69
CUST87675113556,710.89,710.89,1,383827.4
CUST87677145509,370.35,370.35,1,288809.11
CUST87685239171,231.46,231.46,1,262192.72
CUST87687543566,344.35,344.35,1,478424.78
CUST87690630223,261.79,261.79,1,117544.19
CUST87693072659,1442.54,1442.54,1,457100.58
CUST87706902106,333.3,333.3,1,263904.57
CUST87708533069,2708.71,2708.71,1,427080.68
CUST87721654079,1788.6,1788.6,1,209500.88
CUST87725048209,156.2,156.2,1,186908.46
CUST87730104343,534.46,534.46,1,78119.82
CUST87736857214,172.98,172.98,1,309324.46
CUST87740031578,1451.4,1451.4,1,401705.37
CUST87741846910,3700.01,3700.01,1,467384.82
CUST87742949768,3788.6,3788.6,1,80599.19
CUST87744069856,567.25,567.25,1,211230.44
CUST87753973612,751.85,751.85,1,116684.55
CUST87757890176,748.87,748.87,1,215226.98
CUST87760105070,467.96,467.96,1,104845.05
CUST87766526471,901.64,901.64,1,479868.38
CUST87769849554,484.99,484.99,1,412682.38
CUST87772398819,19333.74,19333.74,1,20332.43
CUST87784575441,131.32,131.32,1,106309.96
CUST87806898571,434.42,434.42,1,236400.36
CUST87813364896,1192.83,1192.83,1,4025.99
CUST87825686868,768.15,768.15,1,13886.75
CUST87833756766,108.22,108.22,1,211754.35
CUST87847973976,1954.26,1954.26,1,192876.18
CUST87855734936,2454.01,2454.01,1,117043.5
CUST87857067014,1094.75,1094.75,1,333156.34
CUST87858969817,9418.97,9418.97,1,433038.08
CUST87862613284,115.48,115.48,1,444023.24
CUST87863457722,867.13,867.13,1,243227.32
CUST87871593430,229.24,229.24,1,161691.14
CUST87872629248,888.93,888.93,1,174665.17
CUST87874912107,2181.2,2181.2,1,140135.1
CUST87878774908,1234.83,1234.83,1,204780.61
CUST87879897142,380.69,380.69,1,451131.37
CUST87881439187,178.23,178.23,1,442944.06
CUST87884219159,9556.15,9556.15,1,292925.95
CUST87884503758,181.0,181.0,1,114973.37
CUST87890795228,490.18,490.18,1,72455.68
CUST87892273663,1151.94,1151.94,1,405707.27
CUST87896011249,393.89,393.89,1,463167.39
CUST87897579313,904.6,904.6,1,440006.96
CUST87900376741,205.32,205.32,1,408112.83
CUST87906734402,958.18,958.18,1,475789.83
CUST87911628646,16475.8,16475.8,1,238161.78
CUST87912797037,1476.55,1476.55,1,31742.06
CUST87921959799,177.23,177.23,1,396658.49
CUST87925171193,123.64,123.64,1,387444.29
CUST87929443909,410.26,410.26,1,334771.96
CUST87945634030,2221.4,2221.4,1,222941.17
CUST87949181643,502.65,502.65,1,203420.2
CUST87949366865,943.6,943.6,1,440861.73
CUST87949414018,700.2,700.2,1,65229.5
CUST87963992353,1024.72,1024.72,1,174922.31
CUST87964470494,317.83,317.83,1,360592.6
CUST87969159920,380.41,380.41,1,452697.96
CUST87969986425,373.88,373.88,1,450390.05
CUST87973357085,525.16,525.16,1,273776.64
CUST87974166501,2309.24,2309.24,1,310994.12
CUST87981089054,1574.53,1574.53,1,59587.96
CUST87982557368,1152.16,1152.16,1,382079.19
CUST87984941649,715.1,715.1,1,347738.93
CUST87985293495,334.65,334.65,1,122375.16
CUST87993946086,252.2,252.2,1,294983.6
CUST88001787941,887.08,887.08,1,360651.48
CUST88002581282,1801.15,1801.15,1,128388.06
CUST88008834871,425.44,425.44,1,422369.31
CUST88014870750,277.59,277.59,1,143678.4
CUST88021451823,292.87,292.87,1,25503.27
CUST88028175293,1889.74,1889.74,1,429687.07
CUST88030055408,232.42,232.42,1,421747.42
CUST88030454533,40767.79,40767.79,1,120421.2
CUST88032319820,251.5,251.5,1,433601.3
CUST88038668204,97.82,97.82,1,157408.71
CUST88039590564,1586.43,1586.43,1,211608.2
CUST88044651978,1047.64,1047.64,1,152830.33
CUST88051254340,100.86,100.86,1,391367.73
CUST88058556424,1540.74,1540.74,1,457496.11
CUST88073756313,900.26,900.26,1,199925.18
CUST88079696629,1098.2,1098.2,1,363019.47
CUST88084114049,184.57,184.57,1,303130.49
CUST88084722697,309.6,309.6,1,459957.81
CUST88086562653,708.8,708.8,1,162328.48
CUST88092144144,10286.32,10286.32,1,346998.83
CUST88094558864,120.32,120.32,1,141594.01
CUST88099258977,181.71,181.71,1,216644.92
CUST88108693406,1536.82,1536.82,1,160137.08
CUST88110880732,37518.51,37518.51,1,194716.55
CUST88111638006,2742.53,2742.53,1,395244.02
CUST88115092853,1802.54,1802.54,1,86503.44
CUST88117873714,450.06,450.06,1,194897.38
CUST88122391258,743.56,743.56,1,169360.24
CUST88124492321,2557.12,2557.12,1,349323.89
CUST88127930556,125.98,125.98,1,346653.89
CUST88129779691,23.85,23.85,1,215740.56
CUST88135922332,1674.7,1674.7,1,99934.97
CUST88139815628,583.32,583.32,1,236897.57
CUST88141152290,959.89,959.89,1,44279.41
CUST88141718892,122.77,122.77,1,245824.2
CUST88142231672,21242.09,21242.09,1,25630.89
CUST88143303979,558.3,558.3,1,299207.17
CUST88150662552,3212.85,3212.85,1,63058.39
CUST88154823545,3512.12,3512.12,1,219165.55
CUST88158454062,3409.44,3409.44,1,139402.09
CUST88160107868,1605.84,1605.84,1,255958.43
CUST88163782094,800.61,800.61,1,202120.88
CUST88164942667,1199.69,1199.69,1,443700.07
CUST88165375294,789.57,789.57,1,53224.1
CUST88168098149,500.11,500.11,1,287387.07
CUST88173808837,1154.14,1154.14,1,62941.37
CUST88179427673,609.23,609.23,1,149351.73
CUST88184447739,758.34,758.34,1,137171.12
CUST88184834958,1595.04,1595.04,1,186107.59
CUST88187438300,273.58,273.58,1,258122.22
CUST88194115307,2801.94,2801.94,1,28129.16
CUST88196308845,1193.57,1193.57,1,258499.93
CUST88198500776,9170.21,9170.21,1,439031.13
CUST88200652410,1559.91,1559.91,1,203034.84
CUST88206333955,489.35,489.35,1,21592.51
CUST88216473111,278.87,278.87,1,477027.76
CUST88221889496,1359.25,1359.25,1,10828.61
CUST88230462450,3851.31,3851.31,1,429466.47
CUST88247491381,1825.96,1825.96,1,477990.76
CUST88251776902,49.45,49.45,1,133947.52
CUST88256739210,4396.31,4396.31,1,149920.49
CUST88261019898,940.58,940.58,1,321186.76
CUST88264270262,489.56,489.56,1,400280.76
CUST88266322374,795.62,795.62,1,262379.97
CUST88269882679,1193.44,1193.44,1,153076.89
CUST88280941392,489.56,489.56,1,160658.2
CUST88293394946,1580.42,1580.42,1,162139.65
CUST88301259116,723.07,723.07,1,180276.26
CUST88303060776,3877.33,3877.33,1,292636.67
CUST88303558725,530.96,530.96,1,202764.19
CUST88308321372,189.38,189.38,1,466813.89
CUST88309602381,192.14,192.14,1,290788.55
CUST88312506371,1020.6,1020.6,1,46866.18
CUST88312808389,3194.05,3194.05,1,69027.26
CUST88317212254,1305.91,1305.91,1,248383.25
CUST88332965295,113.43,113.43,1,76924.13
CUST88337079728,1963.96,1963.96,1,200920.65
CUST88342257013,408.21,408.21,1,300292.61
CUST88347751699,580.23,580.23,1,109002.7
CUST88354823466,310.53,310.53,1,310468.81
CUST88359830831,195.34,195.34,1,497311.31
CUST88367302265,106.88,106.88,1,395124.14
CUST88372153386,513.53,513.53,1,127376.93
CUST88376296262,166.95,166.95,1,454769.92
CUST88379340945,3447.34,3447.34,1,478369.27
CUST88387436069,8259.86,8259.86,1,425848.15
CUST88395297014,942.95,942.95,1,461707.33
CUST88402578745,1372.88,1372.88,1,371808.41
CUST88403070982,163.18,163.18,1,278731.19
CUST88404176898,969.47,969.47,1,265000.16
CUST88405297808,1272.04,1272.04,1,358113.32
CUST88420522686,676.69,676.69,1,5669.2
CUST88424546408,404.58,404.58,1,328982.07
CUST88435386015,185.66,185.66,1,374942.45
CUST88436285405,242.34,242.34,1,488157.51
CUST88440050366,59.22,59.22,1,387871.4
CUST88452630347,14792.69,14792.69,1,204676.49
CUST88456539608,169.55,169.55,1,428720.05
CUST88463966303,1373.04,1373.04,1,17700.21
CUST88464400944,55.54,55.54,1,457647.86
CUST88471070583,577.46,577.46,1,65095.68
CUST88473837066,2161.88,2161.88,1,436847.77
CUST88476277919,456.85,456.85,1,156513.91
CUST88477009238,180.84,180.84,1,205387.4
CUST88477391433,3115.63,3115.63,1,211158.18
CUST88479358722,262.91,262.91,1,100127.83
CUST88479647431,307.63,307.63,1,435612.69
CUST88479815331,756.06,756.06,1,177132.31
CUST88485163077,625.54,625.54,1,87777.23
CUST88498895494,1258.37,1258.37,1,386604.25
CUST88499539407,455.88,455.88,1,66327.52
CUST88512720310,6682.37,6682.37,1,326849.3
CUST88529265021,68.65,68.65,1,96690.66
CUST88531174527,1271.79,1271.79,1,445124.81
CUST88532194803,746.59,746.59,1,117614.13
CUST88533863016,858.67,858.67,1,32222.35
CUST88534640360,392.72,392.72,1,103691.71
CUST88536604537,9646.55,9646.55,1,300614.79
CUST88543813861,6930.67,6930.67,1,136438.74
CUST88545680936,2243.2,2243.2,1,429328.63
CUST88553818123,2913.62,2913.62,1,381297.19
CUST88554610601,445.3,445.3,1,85268.21
CUST88555501821,428.65,428.65,1,440998.34
CUST88576530849,353.76,353.76,1,359226.73
CUST88577706774,27258.13,27258.13,1,249243.89
CUST88578197340,4953.63,4953.63,1,392060.88
CUST88578454364,1433.07,1433.07,1,326253.82
CUST88589849920,13951.58,13951.58,1,287042.72
CUST88591299417,479.79,479.79,1,394180.69
CUST88593676848,1000.6,1000.6,1,230231.8
CUST88595599684,376.41,376.41,1,212118.37
CUST88596099552,396.9,396.9,1,178601.86
CUST88604209623,22872.5,22872.5,1,197530.43
CUST88605157385,988.31,988.31,1,332056.65
CUST88608983264,498.47,498.47,1,307980.92
CUST88609189575,3421.72,3421.72,1,133053.74
CUST88609333636,2641.61,2641.61,1,198435.98
CUST88611467160,125.83,125.83,1,175542.6
CUST88620101746,2079.15,2079.15,1,350270.15
CUST88622652087,22552.87,22552.87,1,120844.33
CUST88623769881,2374.67,2374.67,1,128399.89
CUST88626031646,3513.32,3513.32,1,87330.71
CUST88626531117,187.2,187.2,1,247949.9
CUST88630721038,913.97,913.97,1,98794.62
CUST88631742148,476.29,476.29,1,254709.76
CUST88633932438,4680.44,4680.44,1,338331.91
CUST88637122825,172.2,172.2,1,491650.67
CUST88644977753,1840.79,1840.79,1,22994.13
CUST88649003229,424.11,424.11,1,260778.81
CUST88664520608,8151.56,8151.56,1,463462.25
CUST88665430603,107.33,107.33,1,307577.23
CUST88672305428,279.99,279.99,1,21119.24
CUST88677611320,1004.66,1004.66,1,427828.86
CUST88686232978,740.31,740.31,1,327670.53
CUST88695274212,54.2,54.2,1,216560.15
CUST88696365866,1436.84,1436.84,1,332961.05
CUST88706720957,239.02,239.02,1,39485.49
CUST88707216187,1731.29,1731.29,1,107801.85
CUST88710463179,183.79,183.79,1,316146.16
CUST88714499843,6352.44,6352.44,1,214275.84
CUST88716002435,344.32,344.32,1,310409.42
CUST88718432141,1694.55,1694.55,1,356787.31
CUST88718479650,445.0,445.0,1,283484.42
CUST88719341132,181.22,181.22,1,430786.23
CUST88722735083,1067.27,1067.27,1,33453.63
CUST88724544874,578.42,578.42,1,374128.38
CUST88726250941,363.48,363.48,1,267028.22
CUST88728801675,65.64,65.64,1,143088.44
CUST88742277415,499.46,499.46,1,99875.3
CUST88755545374,80.07,80.07,1,408168.15
CUST88758393497,5158.08,5158.08,1,228983.06
CUST88768093465,268.11,268.11,1,108415.67
CUST88769714855,4078.35,4078.35,1,46710.69
CUST88772226714,1732.85,1732.85,1,275403.48
CUST88772650315,2975.56,2975.56,1,164656.71
CUST88772828232,2078.22,2078.22,1,146456.31
CUST88775215247,661.13,661.13,1,29214.17
CUST88781143741,4264.1,4264.1,1,123830.68
CUST88782728914,134.32,134.32,1,67908.35
CUST88789446237,534.13,534.13,1,268256.94
CUST88796727206,1218.17,1218.17,1,73488.82
CUST88798267942,9225.23,9225.23,1,229624.01
CUST88798546871,557.89,557.89,1,361761.76
CUST88800421018,614.89,614.89,1,492941.29
CUST88801682604,9247.99,9247.99,1,154303.77
CUST88811195835,8223.26,8223.26,1,234823.91
CUST88830848479,3931.28,3931.28,1,499103.56
CUST88836348025,2134.66,2134.66,1,143685.21
CUST88841211155,290.26,290.26,1,315635.35
CUST88843367489,4886.27,4886.27,1,314726.8
CUST88845562701,2756.99,2756.99,1,404086.06
CUST88846184208,2108.55,2108.55,1,252892.24
CUST88846733075,116.36,116.36,1,24446.47
CUST88861672432,2224.0,2224.0,1,501038.39
CUST88861760239,622.68,622.68,1,83382.25
CUST88862969771,2361.04,2361.04,1,382539.39
CUST88864020256,1568.76,1568.76,1,125880.79
CUST88867966376,947.53,947.53,1,53201.87
CUST88872584612,1096.6,1096.6,1,272332.97
CUST88872630284,3099.81,3099.81,1,345527.53
CUST88872838237,4388.43,4388.43,1,76427.62
CUST88874596913,303.22,303.22,1,2169.03
CUST88887048699,5065.91,5065.91,1,138440.0
CUST88888111787,85.04,85.04,1,249014.15
CUST88902616443,2269.48,2269.48,1,396440.04
CUST88908188804,108.1,108.1,1,294251.79
CUST88908482030,893.2,893.2,1,475464.16
CUST88915985064,1476.44,1476.44,1,8471.17
CUST88923510797,123.18,123.18,1,243134.08
CUST88926041122,1139.38,1139.38,1,146538.34
CUST88927403516,571.86,571.86,1,292196.6
CUST88936260316,1313.02,1313.02,1,290082.78
CUST88936358721,8177.7,8177.7,1,37792.99
CUST88945333122,236.67,236.67,1,490822.7
CUST88945800698,751.7,751.7,1,319452.14
CUST88959969742,1033.2,1033.2,1,145578.54
CUST88975140246,571.5,571.5,1,419342.29
CUST88975447172,631.56,631.56,1,267134.58
CUST88976569682,1127.55,1127.55,1,72951.58
CUST88976931526,785.52,785.52,1,471626.59
CUST88976983481,379.74,379.74,1,154812.22
CUST88986081397,820.41,820.41,1,7371.34
CUST88992028134,6073.06,6073.06,1,419870.02
CUST88992224115,367.67,367.67,1,75441.31
CUST88993611668,501.36,501.36,1,118607.73
CUST88998305032,118.48,118.48,1,105523.92
CUST89012143149,187.05,187.05,1,2066.08
CUST89023506408,268.93,268.93,1,288852.57
CUST89026669352,1413.59,1413.59,1,162340.49
CUST89032048570,306.99,306.99,1,377066.9
CUST89032483284,702.89,702.89,1,460998.16
CUST89032975084,641.54,641.54,1,254619.01
CUST89034565542,210.81,210.81,1,274349.52
CUST89039043167,1749.05,1749.05,1,131332.82
CUST89040248750,27.75,27.75,1,22591.97
CUST89040741936,375.54,375.54,1,408931.02
CUST89044919992,437.48,437.48,1,341821.97
CUST89050809978,288.29,288.29,1,334873.07
CUST89053384296,363.78,363.78,1,271572.25
CUST89054159875,1096.0,1096.0,1,393392.27
CUST89078169879,252.45,252.45,1,38706.69
CUST89078783883,292.33,292.33,1,308770.02
CUST89079073190,1614.68,1614.68,1,327034.32
CUST89082535925,133.18,133.18,1,428513.65
CUST89083696617,340.37,340.37,1,30206.31
CUST89084503295,3706.11,3706.11,1,178164.84
CUST89085807488,542.17,542.17,1,432033.06
CUST89093992882,782.18,782.18,1,4170.7
CUST89101897944,3009.08,3009.08,1,87023.73
CUST89107120402,27186.47,27186.47,1,364085.23
CUST89117557853,4776.98,4776.98,1,431144.81
CUST89118547379,546.02,546.02,1,308777.45
CUST89141155511,480.28,480.28,1,441215.1
CUST89159281796,686.08,686.08,1,15798.11
CUST89159705174,564.15,564.15,1,6067.55
CUST89160064079,213.19,213.19,1,498938.52
CUST89164062698,1161.45,1161.45,1,363090.99
CUST89165450461,67.94,67.94,1,327542.43
CUST89168085473,432.61,432.61,1,60854.45
CUST89174726417,765.76,765.76,1,318758.75
CUST89183958913,268.08,268.08,1,498617.96
CUST89189522435,2149.72,2149.72,1,366975.53
CUST89191083771,201.19,201.19,1,486766.54
CUST89203415140,320.91,320.91,1,310106.65
CUST89219902508,88.65,88.65,1,36270.24
CUST89220763525,319.92,319.92,1,378159.69
CUST89234660291,544.67,544.67,1,275455.5
CUST89239332176,1779.06,1779.06,1,244490.35
CUST89246683523,485.5,485.5,1,4946.35
CUST89251231095,319.71,319.71,1,244492.13
CUST89253522632,1669.13,1669.13,1,384164.1
CUST89253684058,311.59,311.59,1,83593.46
CUST89267065262,112.98,112.98,1,250272.21
CUST89273591737,240.7,240.7,1,269026.0
CUST89274068612,151.15,151.15,1,98934.64
CUST89274293281,1799.09,1799.09,1,115829.91
CUST89277989991,314.09,314.09,1,197001.93
CUST89278472191,147.96,147.96,1,379228.71
CUST89281214777,241.09,241.09,1,430957.71
CUST89282348140,438.08,438.08,1,487614.48
CUST89282809382,177.17,177.17,1,291156.73
CUST89286773595,1461.02,1461.02,1,141647.62
CUST89289704904,2458.08,2458.08,1,292047.74
CUST89291023175,667.78,667.78,1,206704.57
CUST89295947512,692.95,692.95,1,147150.09
CUST89296651595,3256.97,3256.97,1,101645.86
CUST89297520880,199.12,199.12,1,242131.7
CUST89306028012,414.19,414.19,1,426462.87
CUST89307775056,33640.24,33640.24,1,329749.72
CUST89317744970,3013.37,3013.37,1,344170.13
CUST89324485777,398.98,398.98,1,391107.66
CUST89324749119,1693.54,1693.54,1,255512.07
CUST89331060267,1892.29,1892.29,1,411695.44
CUST89336634320,226.31,226.31,1,184529.46
CUST89343594881,5887.25,5887.25,1,91453.78
CUST89348139525,910.43,910.43,1,365059.99
CUST89349841597,930.51,930.51,1,156434.7
CUST89355185277,63.04,63.04,1,272345.49
CUST89363310596,197.64,197.64,1,292408.03
CUST89365486241,864.19,864.19,1,16763.14
CUST89369050494,1445.48,1445.48,1,483895.3
CUST89369760805,1934.05,1934.05,1,153181.4
CUST89372099670,121.58,121.58,1,197579.0
CUST89376048353,665.53,665.53,1,22631.03
CUST89376325087,10004.62,10004.62,1,482785.99
CUST89384345883,3832.23,3832.23,1,243995.91
CUST89391092901,2093.54,2093.54,1,275553.63
CUST89392920935,1530.24,1530.24,1,170317.65
CUST89396535174,288.64,288.64,1,227650.64
CUST89402535351,8797.67,8797.67,1,117674.21
CUST89403444654,10104.65,10104.65,1,473767.52
CUST89406070327,232.95,232.95,1,96140.58
CUST89410744263,274.65,274.65,1,321513.27
CUST89411208210,2136.86,2136.86,1,345353.66
CUST89412866465,868.3,868.3,1,38069.33
CUST89416846930,194.79,194.79,1,482706.09
CUST89420075710,2530.68,2530.68,1,55686.2
CUST89425541465,2489.65,2489.65,1,330478.82
CUST89427145227,624.92,624.92,1,161936.47
CUST89430738357,1571.62,1571.62,1,424608.38
CUST89431824707,569.75,569.75,1,181476.99
CUST89434093541,2403.1,2403.1,1,194812.73
CUST89436519399,11796.82,11796.82,1,88234.75
CUST89441377402,241.02,241.02,1,308693.48
CUST89442556781,923.81,923.81,1,265667.33
CUST89449127628,1492.39,1492.39,1,480651.53
CUST89450025161,1388.59,1388.59,1,99523.81
CUST89450244861,1564.89,1564.89,1,471236.9
CUST89451793192,1201.3,1201.3,1,404995.21
CUST89452933024,944.51,944.51,1,364882.69
CUST89455748741,209.76,209.76,1,30473.19
CUST89455826908,586.74,586.74,1,473664.41
CUST89459862245,927.97,927.97,1,237873.27
CUST89460500408,999.16,999.16,1,286117.33
CUST89461781512,405.5,405.5,1,200769.08
CUST89462193026,666.3,666.3,1,364335.43
CUST89463794232,265.8,265.8,1,343827.38
CUST89467904776,6965.59,6965.59,1,271199.18
CUST89468733411,3306.81,3306.81,1,30906.8
CUST89473035356,2141.04,2141.04,1,9036.2
CUST89474630210,713.2,713.2,1,339362.2
CUST89479323728,7748.24,7748.24,1,62556.88
CUST89483930095,299.34,299.34,1,281673.87
CUST89485696855,189.25,189.25,1,23268.48
CUST89497273354,257.58,257.58,1,221747.4
CUST89498799371,1813.96,1813.96,1,68150.09
CUST89504060096,599.05,599.05,1,34289.27
CUST89516640749,756.1,756.1,1,429852.34
CUST89518650655,597.56,597.56,1,53296.12
CUST89524576716,234.18,234.18,1,353452.5
CUST89530106031,2791.9,2791.9,1,185756.59
CUST89531187534,722.3,722.3,1,363011.44
CUST89539049199,10999.1,10999.1,1,211149.74
CUST89542626400,485.88,485.88,1,306124.01
CUST89544611638,1517.99,1517.99,1,382662.5
CUST89554894219,1443.71,1443.71,1,227948.87
CUST89558079016,28.71,28.71,1,417595.32
CUST89558195583,85.83,85.83,1,246872.98
CUST89562697604,103.03,103.03,1,444639.82
CUST89565715540,1291.9,1291.9,1,233414.07
CUST89568636729,10088.93,10088.93,1,59952.96
CUST89576270968,1364.09,1364.09,1,404092.0
CUST89579018400,1091.69,1091.69,1,178427.23
CUST89587975074,7832.27,7832.27,1,480447.18
CUST89588400274,115.47,115.47,1,31792.02
CUST89596774688,2351.84,2351.84,1,367192.93
CUST89597051108,76.91,76.91,1,156361.58
CUST89599555474,540.31,540.31,1,322853.07
CUST89603307358,2781.6,2781.6,1,139945.02
CUST89609372121,339.11,339.11,1,140241.32
CUST89610217951,268.59,268.59,1,215492.92
CUST89612448283,214.24,214.24,1,404274.02
CUST89621135142,1113.68,1113.68,1,129131.96
CUST89623624450,995.12,995.12,1,173171.22
CUST89636391132,301.13,301.13,1,83937.36
CUST89637276883,194.85,194.85,1,72802.49
CUST89643784571,453.25,453.25,1,316915.74
CUST89646501158,291.4,291.4,1,356140.47
CUST89650248661,559.53,559.53,1,4999.13
CUST89654129511,33682.24,33682.24,1,247958.56
CUST89655814861,764.25,764.25,1,411489.85
CUST89659629631,1297.01,1297.01,1,350061.81
CUST89667986181,1747.08,1747.08,1,192204.55
CUST89670952649,863.54,863.54,1,22748.62
CUST89676473655,351.09,351.09,1,1346.38
CUST89679643288,8544.97,8544.97,1,265897.11
CUST89686535712,3696.03,3696.03,1,424482.12
CUST89689377307,624.91,624.91,1,477530.37
CUST89693312352,235.62,235.62,1,350858.4
CUST89694673547,256.62,256.62,1,451977.75
CUST89695614835,1277.11,1277.11,1,287655.0
CUST89705257253,502.95,502.95,1,302164.5
CUST89706636347,257.87,257.87,1,37811.28
CUST89709188608,193.01,193.01,1,474780.26
CUST89714856210,3329.57,3329.57,1,426088.12
CUST89718352998,1944.79,1944.79,1,154590.89
CUST89721140606,681.94,681.94,1,437556.6
CUST89724365941,431.65,431.65,1,401963.31
CUST89730344134,410.51,410.51,1,47100.19
CUST89734747435,844.29,844.29,1,396389.21
CUST89740448027,54.68,54.68,1,203597.84
CUST89749402418,196.24,196.24,1,75373.35
CUST89749989236,1406.95,1406.95,1,46769.07
CUST89755059841,3227.27,3227.27,1,64298.51
CUST89755082781,81.93,81.93,1,384933.81
CUST89755429241,52.92,52.92,1,124029.7
CUST89760546545,900.6,900.6,1,77040.78
CUST89773487375,1402.52,1402.52,1,86115.95
CUST89773854678,252.65,252.65,1,335759.92
CUST89774365907,1314.7,1314.7,1,86102.37
CUST89789094966,569.42,569.42,1,41310.53
CUST89791232196,692.26,692.26,1,74264.43
CUST89792772498,77.78,77.78,1,408838.44
CUST89796115196,10861.17,10861.17,1,306643.52
CUST89796437406,480.84,480.84,1,446110.8
CUST89797588039,3300.76,3300.76,1,40971.87
CUST89801683541,849.86,849.86,1,301184.68
CUST89802837968,240.56,240.56,1,338993.09
CUST89808892928,312.05,312.05,1,303365.03
CUST89809363331,582.07,582.07,1,402578.57
CUST89820896909,60.32,60.32,1,254118.29
CUST89823732519,7084.4,7084.4,1,165759.88
CUST89826522268,1434.76,1434.76,1,293376.17
CUST89828777721,544.67,544.67,1,98335.48
CUST89829473138,205.88,205.88,1,70062.96
CUST89832618154,388.47,388.47,1,444850.19
CUST89836731907,972.53,972.53,1,61191.86
CUST89836983891,4351.57,4351.57,1,280182.92
CUST89837723729,3413.99,3413.99,1,283915.26
CUST89840742502,666.01,666.01,1,210009.25
CUST89841024986,170.77,170.77,1,329118.31
CUST89841154731,3720.64,3720.64,1,378129.73
CUST89841175510,515.57,515.57,1,408516.53
CUST89847105171,151.07,151.07,1,153978.75
CUST89847691504,144.14,144.14,1,174377.13
CUST89848408715,2077.2,2077.2,1,4849.69
CUST89858863604,622.34,622.34,1,71876.71
CUST89860108994,8302.05,8302.05,1,59266.73
CUST89863184534,249.68,249.68,1,222737.93
CUST89865484616,572.47,572.47,1,366057.71
CUST89869170023,897.48,897.48,1,103367.57
CUST89880627050,248.76,248.76,1,387044.7
CUST89881906612,204.76,204.76,1,426495.48
CUST89885596182,546.21,546.21,1,79440.54
CUST89890659544,1547.71,1547.71,1,204750.29
CUST89892861732,1973.09,1973.09,1,289539.31
CUST89897752253,2210.06,2210.06,1,110770.46
CUST89898144825,64.67,64.67,1,44940.69
CUST89902116839,343.53,343.53,1,110654.84
CUST89906275235,1996.69,1996.69,1,82638.53
CUST89908751183,280.7,280.7,1,489700.37
CUST89913851523,577.78,577.78,1,477620.31
CUST89917583047,400.92,400.92,1,29887.67
CUST89922020851,10410.15,10410.15,1,130891.92
CUST89926679980,1645.41,1645.41,1,144082.36
CUST89927597719,1893.72,1893.72,1,425051.18
CUST89929855375,616.59,616.59,1,55872.27
CUST89935658120,2023.05,2023.05,1,88425.43
CUST89938856142,2638.54,2638.54,1,398627.91
CUST89938954740,381.13,381.13,1,301185.57
CUST89945181581,51.98,51.98,1,92812.85
CUST89945312454,2313.1,2313.1,1,109658.79
CUST89946521296,11074.08,11074.08,1,81778.39
CUST89951549403,2550.93,2550.93,1,132818.31
CUST89954347897,1189.2,1189.2,1,209782.06
CUST89955411273,1207.56,1207.56,1,495459.86
CUST89955917352,1024.48,1024.48,1,157149.82
CUST89971926914,399.03,399.03,1,27278.53
CUST89990631167,361.7,361.7,1,167625.97
CUST89992503419,93.4,93.4,1,207515.41
CUST90005212037,9891.65,9891.65,1,454140.9
CUST90005417288,837.84,837.84,1,114087.53
CUST90005878657,264.51,264.51,1,468938.75
CUST90007148889,698.24,698.24,1,194751.33
CUST90008466508,2361.8,2361.8,1,69312.09
CUST90009405215,1258.3,1258.3,1,349708.36
CUST90019151207,99.68,99.68,1,67115.99
CUST90024045583,1266.44,1266.44,1,156676.03
CUST90028793491,336.22,336.22,1,57149.21
CUST90038363312,877.57,877.57,1,202576.09
CUST90041251192,544.62,544.62,1,86053.1
CUST90042355984,1285.7,1285.7,1,395988.23
CUST90051884278,166.33,166.33,1,432362.3
CUST90056771353,1040.49,1040.49,1,248022.11
CUST90058137365,2288.18,2288.18,1,346970.2
CUST90060706050,1288.58,1288.58,1,110204.86
CUST90064625201,1220.22,1220.22,1,59317.13
CUST90064676370,844.21,844.21,1,71319.3
CUST90066739440,570.22,570.22,1,278044.13
CUST90072960800,558.46,558.46,1,180763.09
CUST90075190057,219.09,219.09,1,298730.93
CUST90077735060,3035.38,3035.38,1,344570.73
CUST90079765049,451.16,451.16,1,14115.1
CUST90087202822,214.74,214.74,1,204127.07
CUST90087702748,1964.96,1964.96,1,449926.86
CUST90087957751,3740.94,3740.94,1,154397.38
CUST90090127007,3325.91,3325.91,1,195107.06
CUST90091141362,163.8,163.8,1,102793.58
CUST90097671542,1342.94,1342.94,1,308667.55
CUST90105927633,20536.45,20536.45,1,347819.64
CUST90106244142,739.38,739.38,1,60514.03
CUST90107051649,322.32,322.32,1,492030.44
CUST90110610049,152.8,152.8,1,81778.0
CUST90116063263,107.26,107.26,1,269047.67
CUST90116272176,1766.7,1766.7,1,395491.49
CUST90127863124,196.65,196.65,1,483492.16
CUST90149052871,520.48,520.48,1,392379.89
CUST90158390644,1941.61,1941.61,1,104217.95
CUST90168713865,1434.39,1434.39,1,255210.89
CUST90172926244,3221.31,3221.31,1,44627.21
CUST90176668415,2410.21,2410.21,1,280874.37
CUST90179837564,11557.17,11557.17,1,332908.29
CUST90179980037,153.98,153.98,1,486850.44
CUST90183825779,389.88,389.88,1,442907.4
CUST90191348654,465.12,465.12,1,78349.34
CUST90193973613,123.24,123.24,1,96371.7
CUST90195066002,1594.45,1594.45,1,368518.09
CUST90207286341,742.42,742.42,1,280653.19
CUST90207812878,783.09,783.09,1,209063.66
CUST90216162155,498.72,498.72,1,323128.16
CUST90226142211,792.16,792.16,1,497966.54
CUST90228358184,446.93,446.93,1,307157.5
CUST90228678526,4506.09,4506.09,1,214034.84
CUST90232333864,2869.97,2869.97,1,176800.0
CUST90236406544,3930.42,3930.42,1,223092.43
CUST90247461963,5634.66,5634.66,1,255633.85
CUST90250727300,409.01,409.01,1,491525.32
CUST90252727069,262.2,262.2,1,382408.75
CUST90253551261,957.2,957.2,1,325171.18
CUST90270761361,1582.68,1582.68,1,474987.68
CUST90274767689,3318.69,3318.69,1,190049.73
CUST90280240877,155.97,155.97,1,147799.37
CUST90294877588,174.92,174.92,1,16087.3
CUST90296456648,455.83,455.83,1,368073.55
CUST90303426798,220.37,220.37,1,440563.71
CUST90304855011,151.48,151.48,1,97828.72
CUST90306616249,421.8,421.8,1,106210.17
CUST90312743893,336.66,336.66,1,112834.89
CUST90313138806,319.65,319.65,1,321758.01
CUST90314539215,425.44,425.44,1,390911.0
CUST90316163720,86.35,86.35,1,269582.24
CUST90320747841,221.85,221.85,1,159333.46
CUST90321615410,1744.32,1744.32,1,161503.96
CUST90326624965,247.42,247.42,1,4995.16
CUST90327365863,406.33,406.33,1,496546.11
CUST90330845491,428.39,428.39,1,485831.43
CUST90332828733,3157.76,3157.76,1,333004.83
CUST90333907124,103.39,103.39,1,163226.24
CUST90343594850,1323.65,1323.65,1,326661.64
CUST90346031797,3205.16,3205.16,1,289415.25
CUST90352411497,17331.6,17331.6,1,356477.9
CUST90352472805,753.0,753.0,1,370964.25
CUST90352484065,1552.73,1552.73,1,330423.21
CUST90353425614,72.49,72.49,1,266565.09
CUST90359293782,96.96,96.96,1,116962.88
CUST90360696081,380.51,380.51,1,57622.84
CUST90363296935,742.49,742.49,1,422241.36
CUST90367036425,615.78,615.78,1,335748.77
CUST90368624134,1305.24,1305.24,1,173535.59
CUST90371264194,1204.22,1204.22,1,112431.0
CUST90376084339,400.83,400.83,1,249992.02
CUST90391406062,2545.62,2545.62,1,302863.07
CUST90393734197,927.16,927.16,1,30640.47
CUST90395447821,13003.67,13003.67,1,331875.84
CUST90400564740,8228.24,8228.24,1,106556.9
CUST90410621761,727.96,727.96,1,487144.02
CUST90412238052,1143.16,1143.16,1,186839.58
CUST90413566084,3346.25,3346.25,1,417511.29
CUST90420116101,355.95,355.95,1,429145.9
CUST90421473800,208.69,208.69,1,461429.0
CUST90425093781,898.86,898.86,1,320234.96
CUST90430863110,1036.26,1036.26,1,286193.65
CUST90435770293,362.33,362.33,1,82208.43
CUST90439055466,743.47,743.47,1,41888.89
CUST90445406110,997.96,997.96,1,398192.15
CUST90447205192,988.28,988.28,1,440767.53
CUST90461645687,3000.96,3000.96,1,94329.35
CUST90470091114,4891.46,4891.46,1,269476.35
CUST90474938099,1325.84,1325.84,1,133779.82
CUST90475003870,433.0,433.0,1,150818.43
CUST90476174705,1208.48,1208.48,1,386103.54
CUST90482596860,602.31,602.31,1,98293.67
CUST90493016711,114.24,114.24,1,489790.87
CUST90511887815,565.86,565.86,1,39134.05
CUST90515612598,205.03,205.03,1,366458.78
CUST90517730046,130.52,130.52,1,333314.37
CUST90533574440,253.03,253.03,1,230949.05
CUST90552684818,509.74,509.74,1,111882.24
CUST90557127036,8355.07,8355.07,1,50049.13
CUST90558778407,5912.92,5912.92,1,470910.57
CUST90563329182,7598.77,7598.77,1,359605.17
CUST90566851819,37.31,37.31,1,39156.89
CUST90567432266,690.55,690.55,1,297168.27
CUST90569470494,940.13,940.13,1,45164.83
CUST90570802419,411.34,411.34,1,160680.78
CUST90574926884,23346.89,23346.89,1,262592.96
CUST90581520921,520.59,520.59,1,376240.63
CUST90588634345,670.5,670.5,1,441614.72
CUST90598248956,1806.25,1806.25,1,190061.92
CUST90601615206,1539.91,1539.91,1,379237.93
CUST90605090737,1993.32,1993.32,1,428587.78
CUST90606902132,844.74,844.74,1,487728.19
CUST90608068308,1013.08,1013.08,1,314431.46
CUST90613380922,246.5,246.5,1,296541.41
CUST90623936965,584.62,584.62,1,138443.93
CUST90625748186,322.62,322.62,1,183220.88
CUST90630857162,6861.93,6861.93,1,460508.22
CUST90646414783,731.05,731.05,1,225991.42
CUST90653245473,4707.15,4707.15,1,242693.18
CUST90663832502,4352.69,4352.69,1,60453.86
CUST90665924889,234.66,234.66,1,336883.14
CUST90669603282,253.94,253.94,1,294686.45
CUST90672931831,621.34,621.34,1,367361.49
CUST90677508713,795.23,795.23,1,338126.89
CUST90677933283,1168.18,1168.18,1,30432.48
CUST90678042060,4976.34,4976.34,1,265287.86
CUST90694961925,1787.27,1787.27,1,180597.36
CUST90700086048,1017.55,1017.55,1,454109.99
CUST90701254053,201.32,201.32,1,450982.79
CUST90701353184,1165.96,1165.96,1,469161.78
CUST90706424319,1282.91,1282.91,1,473956.86
CUST90708170838,47.09,47.09,1,312494.85
CUST90710821670,969.75,969.75,1,130055.38
CUST90711249390,216.98,216.98,1,126211.94
CUST90716992255,996.08,996.08,1,169710.32
CUST90717157681,653.38,653.38,1,180166.56
CUST90721091598,483.06,483.06,1,373417.35
CUST90725395537,10511.89,10511.89,1,123134.05
CUST90734222152,1054.81,1054.81,1,161593.14
CUST90746651487,23058.72,23058.72,1,144911.37
CUST90754028270,737.82,737.82,1,215888.54
CUST90757009939,1313.15,1313.15,1,4120.79
CUST90758611209,266.46,266.46,1,379648.12
CUST90759419676,635.6,635.6,1,473162.42
CUST90759997967,1317.04,1317.04,1,406387.33
CUST90766560175,3261.79,3261.79,1,210413.64
CUST90775985482,228.99,228.99,1,248983.29
CUST90778434761,349.2,349.2,1,106071.67
CUST90781033351,137.49,137.49,1,52477.94
CUST90783420838,1433.99,1433.99,1,476417.64
CUST90798061188,431.85,431.85,1,494580.93
CUST90803418429,291.47,291.47,1,321593.35
CUST90809546825,2946.96,2946.96,1,17125.88
CUST90812701909,583.28,583.28,1,163018.24
CUST90816467497,9093.3,9093.3,1,488231.9
CUST90818590752,1112.33,1112.33,1,35563.36
CUST90820301669,243.05,243.05,1,370931.61
CUST90829936952,694.33,694.33,1,239581.85
CUST90834844682,136.66,136.66,1,185459.47
CUST90840633678,8211.96,8211.96,1,245626.14
CUST90843802468,344.44,344.44,1,133852.76
CUST90844879035,1329.13,1329.13,1,126041.52
CUST90847339505,287.42,287.42,1,440906.33
CUST90850618695,1334.75,1334.75,1,93957.85
CUST90854438374,1672.68,1672.68,1,302088.07
CUST90855012437,55.43,55.43,1,141386.55
CUST90867196440,56.88,56.88,1,3206.75
CUST90868553132,920.46,920.46,1,17558.17
CUST90871168111,368.88,368.88,1,336630.48
CUST90872150311,394.13,394.13,1,316995.5
CUST90873551904,3076.25,3076.25,1,393450.79
CUST90875672429,360.57,360.57,1,359866.57
CUST90881140358,1387.94,1387.94,1,153722.94
CUST90891021250,1545.46,1545.46,1,119783.9
CUST90893443768,343.68,343.68,1,30451.0
CUST90899117590,1698.01,1698.01,1,54645.53
CUST90904917173,1978.56,1978.56,1,31932.95
CUST90912774236,279.77,279.77,1,193752.52
CUST90916552917,292.33,292.33,1,59795.99
CUST90936050881,1493.23,1493.23,1,454404.63
CUST90937736416,79.39,79.39,1,125737.92
CUST90940851922,1074.55,1074.55,1,386123.12
CUST90954625923,1073.3,1073.3,1,336658.35
CUST90958315613,186.02,186.02,1,326171.22
CUST90959190766,172.34,172.34,1,213553.3
CUST90969599601,192.99,192.99,1,476491.88
CUST90973075256,1705.57,1705.57,1,116162.84
CUST90974737354,956.28,956.28,1,287319.8
CUST90983190396,647.82,647.82,1,160480.46
CUST90988112099,433.14,433.14,1,132746.37
CUST90992863369,369.07,369.07,1,65224.0
CUST90995011402,259.94,259.94,1,328100.51
CUST91010711578,719.96,719.96,1,496745.42
CUST91011326849,3340.98,3340.98,1,286754.28
CUST91026733580,745.38,745.38,1,291572.36
CUST91027280793,583.89,583.89,1,248803.7
CUST91028561226,226.39,226.39,1,416824.32
CUST91031235783,360.71,360.71,1,226240.95
CUST91031998160,307.74,307.74,1,208129.17
CUST91033413350,6481.6,6481.6,1,178277.19
CUST91034192182,14596.55,14596.55,1,172210.59
CUST91041448787,5193.44,5193.44,1,204356.22
CUST91042719939,1071.17,1071.17,1,174603.56
CUST91043828246,521.25,521.25,1,360840.26
CUST91044110468,1687.68,1687.68,1,19516.4
CUST91046336424,871.9,871.9,1,182985.21
CUST91058447314,416.0,416.0,1,291420.74
CUST91059042848,546.94,546.94,1,434810.22
CUST91079093875,572.87,572.87,1,374460.03
CUST91081995648,102.77,102.77,1,9687.41
CUST91083846389,449.31,449.31,1,483690.42
CUST91083855449,754.56,754.56,1,86762.35
CUST91087409231,2424.07,2424.07,1,21729.02
CUST91093833773,1166.21,1166.21,1,249411.52
CUST91097779327,1575.3,1575.3,1,288863.26
CUST91098927816,699.12,699.12,1,477408.45
CUST91102737068,117.32,117.32,1,472944.17
CUST91107944448,1111.08,1111.08,1,449117.53
CUST91108958943,339.31,339.31,1,453051.09
CUST91109364221,210.01,210.01,1,396008.25
CUST91111978013,433.09,433.09,1,198599.62
CUST91115902372,427.33,427.33,1,279168.69
CUST91120170596,586.79,586.79,1,408699.76
CUST91123083980,6251.04,6251.04,1,150567.66
CUST91124128885,391.04,391.04,1,61097.53
CUST91134704235,682.48,682.48,1,468414.63
CUST91135468320,685.25,685.25,1,261315.11
CUST91156637810,684.27,684.27,1,259348.92
CUST91158464665,1896.9,1896.9,1,106733.74
CUST91163479088,2133.14,2133.14,1,360858.74
CUST91164846088,1223.01,1223.01,1,302886.3
CUST91165396804,1884.29,1884.29,1,127116.47
CUST91165428435,271.49,271.49,1,215387.21
CUST91167115879,183.17,183.17,1,214613.67
CUST91172788423,2522.18,2522.18,1,418063.45
CUST91175134973,331.79,331.79,1,238091.63
CUST91185805376,169.17,169.17,1,153416.55
CUST91186764168,255.98,255.98,1,492633.41
CUST91188932874,1131.14,1131.14,1,264672.86
CUST91189306603,2833.06,2833.06,1,285873.28
CUST91193150037,4242.15,4242.15,1,16288.46
CUST91193650878,1691.96,1691.96,1,422367.01
CUST91193854982,438.98,438.98,1,365476.77
CUST91195002985,197.13,197.13,1,419467.93
CUST91199065112,135.88,135.88,1,365530.54
CUST91203628841,5428.73,5428.73,1,315350.16
CUST91210635166,532.06,532.06,1,289395.83
CUST91219627408,16575.36,16575.36,1,406653.08
CUST91219638827,10221.94,10221.94,1,478828.26
CUST91225170423,2833.7,2833.7,1,316134.85
CUST91225934814,108.15,108.15,1,327457.46
CUST91230313746,5288.55,5288.55,1,497253.71
CUST91238253638,1757.45,1757.45,1,387368.53
CUST91238858941,283.15,283.15,1,318559.39
CUST91241669603,3354.64,3354.64,1,359913.53
CUST91246265870,139.89,139.89,1,322035.62
CUST91254189297,1589.51,1589.51,1,17257.89
CUST91255097796,7464.02,7464.02,1,133113.08
CUST91262632089,280.58,280.58,1,471766.02
CUST91265191442,1770.4,1770.4,1,103145.36
CUST91269433130,20707.45,20707.45,1,79667.28
CUST91276508458,612.66,612.66,1,233230.92
CUST91277819197,2730.43,2730.43,1,414632.51
CUST91279977544,320.33,320.33,1,461499.27
CUST91280890195,3556.89,3556.89,1,397514.73
CUST91280919561,131.4,131.4,1,474872.38
CUST91285142082,508.69,508.69,1,451673.05
CUST91286279877,383.92,383.92,1,442779.31
CUST91289917146,1275.95,1275.95,1,371658.38
CUST91292940413,2074.72,2074.72,1,51596.6
CUST91314159820,330.47,330.47,1,128590.73
CUST91315306944,1519.86,1519.86,1,371094.68
CUST91321632238,517.12,517.12,1,145302.12
CUST91323653739,45.02,45.02,1,494234.54
CUST91336770399,816.56,816.56,1,62609.52
CUST91338272392,1243.92,1243.92,1,477733.04
CUST91350733472,7104.29,7104.29,1,373887.78
CUST91352725415,3491.54,3491.54,1,78239.3
CUST91353582536,453.28,453.28,1,85149.31
CUST91354695060,2123.98,2123.98,1,77814.0
CUST91357472890,1853.37,1853.37,1,489523.7
CUST91364862676,537.66,537.66,1,241724.47
CUST91369156205,2776.98,2776.98,1,198591.69
CUST91371597642,525.67,525.67,1,57153.75
CUST91372988599,8703.23,8703.23,1,59619.35
CUST91373651947,665.76,665.76,1,256840.25
CUST91383494594,394.14,394.14,1,73329.51
CUST91385555624,1863.85,1863.85,1,28544.82
CUST91386764055,1559.95,1559.95,1,304836.71
CUST91390605383,309.91,309.91,1,192006.55
CUST91392112899,695.78,695.78,1,226619.73
CUST91397798206,168.72,168.72,1,231079.61
CUST91403543911,367.38,367.38,1,54022.02
CUST91414839643,513.88,513.88,1,83447.19
CUST91422089019,211.36,211.36,1,271167.43
CUST91434096728,395.29,395.29,1,377349.16
CUST91442183886,689.64,689.64,1,132311.35
CUST91457390705,462.82,462.82,1,389632.1
CUST91461689349,1143.03,1143.03,1,142878.74
CUST91464956076,2230.3,2230.3,1,88956.98
CUST91465915860,1959.42,1959.42,1,410079.03
CUST91466984354,833.33,833.33,1,68851.66
CUST91472570597,198.14,198.14,1,33753.84
CUST91477298229,473.96,473.96,1,228793.16
CUST91480177009,250.05,250.05,1,408139.18
CUST91481004618,792.9,792.9,1,149265.07
CUST91482548496,718.5,718.5,1,264794.31
CUST91482982035,679.0,679.0,1,328515.05
CUST91485246634,4354.82,4354.82,1,267136.95
CUST91485444168,1116.35,1116.35,1,68138.52
CUST91490032861,2062.44,2062.44,1,409091.95
CUST91493545671,2154.92,2154.92,1,174855.8
CUST91494162462,1144.74,1144.74,1,484541.53
CUST91499319601,988.14,988.14,1,347751.88
CUST91503156194,181.18,181.18,1,281295.89
CUST91504353199,465.12,465.12,1,353765.19
CUST91518403234,78.57,78.57,1,351383.02
CUST91518682706,4821.67,4821.67,1,72869.62
CUST91521408767,3076.38,3076.38,1,177122.55
CUST91538117515,1302.94,1302.94,1,417021.35
CUST91543465542,43.64,43.64,1,349582.22
CUST91549889831,93.9,93.9,1,483578.22
CUST91551582566,8037.74,8037.74,1,331005.36
CUST91551984462,914.54,914.54,1,151153.8
CUST91555786457,237.98,237.98,1,31091.03
CUST91557460580,281.5,281.5,1,36263.01
CUST91563375502,2199.23,2199.23,1,153048.75
CUST91567455649,177.26,177.26,1,430684.93
CUST91572382090,1004.16,1004.16,1,287370.79
CUST91573078518,658.41,658.41,1,55021.95
CUST91575380060,2219.02,2219.02,1,483862.97
CUST91578321168,576.31,576.31,1,303773.51
CUST91588413088,1281.32,1281.32,1,482110.18
CUST91589032635,6094.86,6094.86,1,45572.37
CUST91607857307,255.7,255.7,1,320785.98
CUST91610944320,802.18,802.18,1,178708.37
CUST91622905266,960.37,960.37,1,250681.51
CUST91624102797,4848.98,4848.98,1,270961.0
CUST91625311187,2500.98,2500.98,1,251153.88
CUST91627505625,631.26,631.26,1,324891.59
CUST91627956706,284.55,284.55,1,91177.0
CUST91636621195,706.69,706.69,1,443367.43
CUST91636964118,2773.26,2773.26,1,84909.02
CUST91648107065,1857.91,1857.91,1,256718.3
CUST91655295278,1049.81,1049.81,1,498633.32
CUST91659027160,465.42,465.42,1,306483.59
CUST91659765273,80.47,80.47,1,55097.37
CUST91666654605,1053.11,1053.11,1,439407.57
CUST91670158238,745.49,745.49,1,125213.16
CUST91678942768,1475.92,1475.92,1,342550.33
CUST91688794648,917.34,917.34,1,268388.84
CUST91723560995,1289.16,1289.16,1,108315.02
CUST91723603373,843.53,843.53,1,25863.03
CUST91728642220,2840.17,2840.17,1,125569.2
CUST91729155271,564.84,564.84,1,345449.1
CUST91730034748,1186.29,1186.29,1,263122.41
CUST91730302089,94.78,94.78,1,170344.05
CUST91737024534,2583.31,2583.31,1,171461.8
CUST91737055045,764.66,764.66,1,1792.6
CUST91744843341,14164.55,14164.55,1,366575.92
CUST91746019384,199.89,199.89,1,143032.81
CUST91751426131,370.26,370.26,1,75075.12
CUST91763332994,388.11,388.11,1,23307.63
CUST91764940536,2610.31,2610.31,1,340673.33
CUST91766641320,2152.7,2152.7,1,265804.22
CUST91767230129,1316.02,1316.02,1,152150.94
CUST91775955874,1016.0,1016.0,1,7586.2
CUST91779076707,459.26,459.26,1,176858.27
CUST91780055293,287.73,287.73,1,446643.35
CUST91795489592,380.98,380.98,1,363246.32
CUST91800839798,612.65,612.65,1,250667.33
CUST91807165498,241.51,241.51,1,63731.08
CUST91807827568,157.04,157.04,1,410568.23
CUST91808186116,486.83,486.83,1,336187.6
CUST91819643561,828.91,828.91,1,217334.31
CUST91819817336,3407.48,3407.48,1,325903.68
CUST91834734732,199.98,199.98,1,422389.58
CUST91849858452,1280.87,1280.87,1,459230.89
CUST91853455167,160.67,160.67,1,324621.89
CUST91863065808,1171.75,1171.75,1,283691.58
CUST91871530236,127.91,127.91,1,366612.38
CUST91872621043,2376.7,2376.7,1,277069.33
CUST91873851968,534.42,534.42,1,181360.07
CUST91877585824,462.34,462.34,1,225117.67
CUST91879408025,3129.61,3129.61,1,61683.01
CUST91882130549,622.98,622.98,1,224394.9
CUST91883317242,2230.91,2230.91,1,392813.83
CUST91884184631,133.54,133.54,1,311255.2
CUST91887365680,721.55,721.55,1,415807.61
CUST91888099500,933.76,933.76,1,113988.31
CUST91888600532,4704.24,4704.24,1,328251.94
CUST91891614286,691.44,691.44,1,224982.15
CUST91891629608,4392.42,4392.42,1,411392.32
CUST91892575563,688.71,688.71,1,324716.85
CUST91897987482,1304.91,1304.91,1,46509.58
CUST91899254966,71.93,71.93,1,361232.58
CUST91903373904,351.32,351.32,1,219334.83
CUST91909720112,2013.76,2013.76,1,14554.64
CUST91911491747,536.78,536.78,1,430869.01
CUST91914232089,6327.7,6327.7,1,294462.42
CUST91915809396,199.06,199.06,1,191502.57
CUST91920855703,1006.12,1006.12,1,355180.7
CUST91922872440,2416.33,2416.33,1,356559.46
CUST91929144579,285.51,285.51,1,465654.27
CUST91934993305,934.26,934.26,1,412199.08
CUST91947868749,373.06,373.06,1,280608.3
CUST91952061762,2382.52,2382.52,1,40980.79
CUST91959388120,694.73,694.73,1,54939.06
CUST91989121409,1870.2,1870.2,1,376783.56
CUST91989223200,6767.17,6767.17,1,56293.25
CUST92015062529,504.18,504.18,1,414551.23
CUST92015714747,858.28,858.28,1,219481.25
CUST92022013833,676.86,676.86,1,231153.37
CUST92022465533,601.1,601.1,1,101209.13
CUST92024788701,768.32,768.32,1,14924.54
CUST92027717028,300.17,300.17,1,73482.98
CUST92031427317,1174.67,1174.67,1,336171.91
CUST92035362906,83484.82,83484.82,1,192260.73
CUST92038164379,584.18,584.18,1,242948.65
CUST92045908781,268.76,268.76,1,453688.17
CUST92056196357,77.39,77.39,1,63118.43
CUST92056907047,1256.54,1256.54,1,295224.82
CUST92060843219,302.26,302.26,1,154893.32
CUST92061311474,2080.77,2080.77,1,134183.7
CUST92065686005,593.0,593.0,1,417775.73
CUST92066984318,157.34,157.34,1,5646.16
CUST92068248418,207.73,207.73,1,374977.27
CUST92076104690,1123.27,1123.27,1,389981.83
CUST92083664151,1470.74,1470.74,1,319755.69
CUST92084750668,364.68,364.68,1,474544.86
CUST92086047438,1162.56,1162.56,1,272612.75
CUST92094720540,45.19,45.19,1,182245.32
CUST92096864532,370.27,370.27,1,3415.69
CUST92098077572,2537.99,2537.99,1,431353.17
CUST92098799028,388.29,388.29,1,37156.84
CUST92100378679,724.75,724.75,1,399088.87
CUST92103240018,2038.68,2038.68,1,69589.66
CUST92107071640,215.51,215.51,1,53231.25
CUST92108146815,1815.7,1815.7,1,249354.45
CUST92108166574,1508.56,1508.56,1,440539.75
CUST92108784120,213.42,213.42,1,126999.97
CUST92109298268,724.58,724.58,1,257207.98
CUST92113370854,1559.04,1559.04,1,229659.09
CUST92122301935,217.78,217.78,1,345508.93
CUST92122878506,1257.64,1257.64,1,124605.99
CUST92129174440,182.64,182.64,1,417082.69
CUST92135703573,371.26,371.26,1,222251.19
CUST92136556788,327.97,327.97,1,114205.18
CUST92141692168,1079.89,1079.89,1,471723.62
CUST92150266097,1035.48,1035.48,1,349384.77
CUST92159520351,858.5,858.5,1,379441.26
CUST92162062303,1331.65,1331.65,1,247646.61
CUST92164547366,251.89,251.89,1,472844.32
CUST92167578186,378.66,378.66,1,172065.46
CUST92173963979,1344.31,1344.31,1,400765.92
CUST92182057240,471.87,471.87,1,275519.27
CUST92182072270,993.27,993.27,1,256546.28
CUST92192828093,1662.07,1662.07,1,370594.85
CUST92194505546,319.31,319.31,1,282195.34
CUST92195626468,459.6,459.6,1,340032.65
CUST92200195524,3027.54,3027.54,1,204844.75
CUST92204090618,165.44,165.44,1,259381.61
CUST92205587498,9261.67,9261.67,1,359868.5
CUST92214690435,1289.12,1289.12,1,385682.85
CUST92221334675,5796.88,5796.88,1,471146.61
CUST92225371997,1066.21,1066.21,1,78491.44
CUST92226670830,317.06,317.06,1,461786.55
CUST92232419067,429.51,429.51,1,403354.6
CUST92235857756,4614.61,4614.61,1,73568.02
CUST92236079506,589.07,589.07,1,220646.08
CUST92237808929,37746.53,37746.53,1,227452.96
CUST92239270238,4021.97,4021.97,1,44423.11
CUST92240471566,336.11,336.11,1,179149.32
CUST92243650405,3081.75,3081.75,1,173029.14
CUST92263487709,52.12,52.12,1,310536.95
CUST92269957664,221.79,221.79,1,181684.68
CUST92279112140,157.4,157.4,1,329485.45
CUST92281753190,644.13,644.13,1,119013.85
CUST92282288176,237.84,237.84,1,485427.62
CUST92285071271,541.1,541.1,1,110179.14
CUST92286338893,3287.72,3287.72,1,336819.63
CUST92296783527,575.5,575.5,1,58022.49
CUST92303930551,213.46,213.46,1,213426.64
CUST92304180201,6818.03,6818.03,1,325375.9
CUST92314302184,1286.25,1286.25,1,229751.77
CUST92316081421,4571.85,4571.85,1,238162.09
CUST92317440470,753.35,753.35,1,416982.92
CUST92318252465,722.86,722.86,1,74838.27
CUST92321426966,10122.47,10122.47,1,27175.39
CUST92322989974,3535.29,3535.29,1,373091.91
CUST92330244742,428.31,428.31,1,87170.2
CUST92345250098,2041.54,2041.54,1,195345.34
CUST92346919498,6046.48,6046.48,1,63732.19
CUST92364274347,328.99,328.99,1,101696.07
CUST92377733635,776.02,776.02,1,301822.16
CUST92381255685,628.14,628.14,1,100266.95
CUST92381472182,1022.72,1022.72,1,254447.39
CUST92398488329,3378.16,3378.16,1,79450.62
CUST92398504177,178.89,178.89,1,371294.78
CUST92398610747,329.27,329.27,1,358382.01
CUST92400922262,731.95,731.95,1,15187.84
CUST92402948149,14546.43,14546.43,1,368214.34
CUST92403490877,281.62,281.62,1,427662.06
CUST92403738285,1856.36,1856.36,1,282933.29
CUST92410850406,459.53,459.53,1,367510.84
CUST92412842239,1014.86,1014.86,1,486127.9
CUST92415405770,79.1,79.1,1,300915.86
CUST92416380475,612.99,612.99,1,117653.99
CUST92417800968,1180.85,1180.85,1,369830.99
CUST92419769467,766.39,766.39,1,347831.0
CUST92431103776,1614.63,1614.63,1,175283.03
CUST92436653329,1328.11,1328.11,1,323864.93
CUST92438013580,1012.16,1012.16,1,199488.85
CUST92441321049,871.61,871.61,1,212484.89
CUST92443320061,1331.6,1331.6,1,63842.31
CUST92445546121,1083.86,1083.86,1,410350.15
CUST92447095333,2394.19,2394.19,1,304651.85
CUST92447324867,1635.21,1635.21,1,287087.12
CUST92452292639,975.89,975.89,1,154228.97
CUST92455138394,545.12,545.12,1,177860.5
CUST92461976383,268.47,268.47,1,37053.62
CUST92464026942,452.05,452.05,1,76974.11
CUST92464723817,1347.3,1347.3,1,401884.54
CUST92473801398,249.24,249.24,1,356235.85
CUST92476311773,899.17,899.17,1,70155.23
CUST92478407574,1916.73,1916.73,1,302759.35
CUST92479887900,524.53,524.53,1,464687.64
CUST92483024398,1993.47,1993.47,1,280477.78
CUST92484667704,1262.73,1262.73,1,425384.39
CUST92486049422,572.66,572.66,1,81744.27
CUST92489096784,894.25,894.25,1,197558.51
CUST92492538096,283.79,283.79,1,351203.81
CUST92493036289,808.9,808.9,1,52489.0
CUST92493542709,185.29,185.29,1,144152.73
CUST92505873440,587.23,587.23,1,77179.16
CUST92506736171,3002.16,3002.16,1,336196.7
CUST92506902760,447.5,447.5,1,265325.72
CUST92508796567,128.69,128.69,1,417106.45
CUST92514692583,579.22,579.22,1,69572.64
CUST92518198895,386.06,386.06,1,113238.02
CUST92522077991,94.34,94.34,1,456047.38
CUST92534449693,1478.31,1478.31,1,47971.9
CUST92537427446,2601.48,2601.48,1,122170.16
CUST92544684672,619.5,619.5,1,219916.67
CUST92548096090,833.37,833.37,1,289038.2
CUST92549823099,324.55,324.55,1,297406.5
CUST92563458585,113.82,113.82,1,151192.66
CUST92568580800,543.85,543.85,1,322236.56
CUST92579210101,617.13,617.13,1,246565.53
CUST92579915280,2163.15,2163.15,1,290600.75
CUST92580689137,2943.22,2943.22,1,117487.65
CUST92583600178,2244.73,2244.73,1,280743.63
CUST92589646643,887.86,887.86,1,82550.52
CUST92591975901,1590.74,1590.74,1,228536.5
CUST92596409021,360.06,360.06,1,200605.98
CUST92603488327,205.41,205.41,1,45833.02
CUST92605234197,776.31,776.31,1,183264.64
CUST92609268753,1233.43,1233.43,1,382701.53
CUST92623632024,218.74,218.74,1,370544.75
CUST92626080708,307.81,307.81,1,185740.64
CUST92627564660,493.2,493.2,1,167790.11
CUST92630130440,31.44,31.44,1,469371.61
CUST92630452156,1691.59,1691.59,1,410683.39
CUST92637863191,646.23,646.23,1,231416.5
CUST92642492663,1421.99,1421.99,1,66167.79
CUST92646218141,2546.51,2546.51,1,90488.97
CUST92649178647,2331.71,2331.71,1,486184.5
CUST92651474959,9489.67,9489.67,1,305553.13
CUST92655556973,2587.27,2587.27,1,447908.62
CUST92657754483,1236.66,1236.66,1,43019.59
CUST92659388617,2557.81,2557.81,1,47630.89
CUST92667878996,1167.29,1167.29,1,131574.37
CUST92669238130,1582.67,1582.67,1,281332.25
CUST92675243295,2068.02,2068.02,1,431712.59
CUST92679188254,867.91,867.91,1,30107.65
CUST92680041838,46.33,46.33,1,251607.17
CUST92685889639,907.76,907.76,1,223542.76
CUST92685969188,243.09,243.09,1,187919.63
CUST92688981702,95.95,95.95,1,316817.95
CUST92692741066,507.24,507.24,1,55920.86
CUST92700416208,667.49,667.49,1,496927.9
CUST92701131929,158.67,158.67,1,352167.42
CUST92709354861,1845.33,1845.33,1,201049.24
CUST92709983027,1904.46,1904.46,1,188061.45
CUST92722108739,673.97,673.97,1,7161.32
CUST92741391184,97.92,97.92,1,217907.23
CUST92744784584,947.7,947.7,1,426091.22
CUST92748777200,280.84,280.84,1,3539.27
CUST92752913561,440.49,440.49,1,359764.74
CUST92755146767,502.4,502.4,1,255971.18
CUST92756601923,3729.19,3729.19,1,37667.86
CUST92763168339,185.43,185.43,1,144290.71
CUST92763852769,169.11,169.11,1,158173.01
CUST92779569507,176.57,176.57,1,53282.73
CUST92780081261,33.85,33.85,1,356465.68
CUST92780403674,938.06,938.06,1,461336.31
CUST92781766305,2186.73,2186.73,1,41565.86
CUST92783188468,1370.64,1370.64,1,257981.24
CUST92784001813,3335.03,3335.03,1,318027.05
CUST92789547794,1048.58,1048.58,1,198141.12
CUST92789589334,329.79,329.79,1,256314.88
CUST92794610241,336.71,336.71,1,237277.84
CUST92801605080,422.89,422.89,1,35782.08
CUST92823653001,110.57,110.57,1,136403.15
CUST92824388196,211.22,211.22,1,173781.83
CUST92829374505,1943.78,1943.78,1,152121.58
CUST92838563206,1254.51,1254.51,1,19883.61
CUST92839075501,1997.06,1997.06,1,40578.23
CUST92841280430,3338.86,3338.86,1,415055.9
CUST92843028243,739.67,739.67,1,68468.7
CUST92845338710,268.77,268.77,1,158533.71
CUST92862414022,103.25,103.25,1,139334.38
CUST92872087669,218.19,218.19,1,110925.12
CUST92874112207,459.52,459.52,1,444729.26
CUST92878700819,1258.71,1258.71,1,443348.69
CUST92885458552,486.13,486.13,1,182708.01
CUST92888447948,263.42,263.42,1,458143.01
CUST92888583319,780.14,780.14,1,180610.21
CUST92900989809,451.07,451.07,1,478686.6
CUST92901556056,1895.0,1895.0,1,210538.63
CUST92903942578,2155.62,2155.62,1,171514.0
CUST92904263962,4456.07,4456.07,1,61513.26
CUST92908788356,575.65,575.65,1,53308.32
CUST92913942241,4620.06,4620.06,1,310038.06
CUST92918627246,3485.12,3485.12,1,191919.65
CUST92920186251,55.0,55.0,1,484314.93
CUST92922454972,190.37,190.37,1,271635.0
CUST92925843966,605.53,605.53,1,453043.96
CUST92926111451,245.38,245.38,1,232436.01
CUST92932640101,733.22,733.22,1,181246.34
CUST92937945689,803.36,803.36,1,448426.15
CUST92941092095,630.61,630.61,1,29914.58
CUST92942675091,1337.24,1337.24,1,444095.15
CUST92945116721,3715.26,3715.26,1,375635.09
CUST92945668367,1906.66,1906.66,1,344570.29
CUST92973648605,39.09,39.09,1,162807.93
CUST92975039936,677.49,677.49,1,200747.01
CUST92979753478,443.69,443.69,1,254761.87
CUST92991833130,96.88,96.88,1,318951.48
CUST92995853981,901.51,901.51,1,453583.79
CUST93004701527,886.73,886.73,1,8924.89
CUST93006026699,518.49,518.49,1,359460.39
CUST93007315587,1193.69,1193.69,1,311689.94
CUST93019448854,1113.81,1113.81,1,185061.13
CUST93020990056,665.65,665.65,1,29102.24
CUST93034966171,2270.06,2270.06,1,340672.16
CUST93038096658,5667.16,5667.16,1,335535.0
CUST93043604303,227.69,227.69,1,140577.38
CUST93043878624,1805.69,1805.69,1,322951.82
CUST93062752300,672.69,672.69,1,417878.8
CUST93065806714,4625.82,4625.82,1,149443.17
CUST93067433333,508.31,508.31,1,341945.63
CUST93073092353,155.52,155.52,1,116740.53
CUST93074375317,1754.65,1754.65,1,85872.77
CUST93075373090,3072.76,3072.76,1,427974.75
CUST93080135052,450.58,450.58,1,31852.42
CUST93083338453,371.48,371.48,1,65886.42
CUST93083519892,6513.47,6513.47,1,454923.01
CUST93087118413,150.28,150.28,1,417149.54
CUST93088824553,312.33,312.33,1,257703.18
CUST93097488824,679.47,679.47,1,94607.09
CUST93105789200,64.62,64.62,1,108400.08
CUST93106399114,2278.35,2278.35,1,84325.08
CUST93113080356,2312.42,2312.42,1,286241.14
CUST93121683136,1930.02,1930.02,1,400351.39
CUST93126922734,395.94,395.94,1,12339.64
CUST93130507338,547.23,547.23,1,31566.61
CUST93131580012,3212.68,3212.68,1,119375.68
CUST93131887797,2067.65,2067.65,1,96968.26
CUST93132374260,38760.56,38760.56,1,399836.99
CUST93136568200,4578.12,4578.12,1,132934.61
CUST93138727469,129.28,129.28,1,331839.36
CUST93139506760,207.76,207.76,1,466276.4
CUST93140868713,162.29,162.29,1,366143.45
CUST93141515985,568.31,568.31,1,330306.25
CUST93143356528,1430.16,1430.16,1,245328.16
CUST93144303211,8785.89,8785.89,1,64038.34
CUST93144909004,836.51,836.51,1,78754.7
CUST93145056534,12322.6,12322.6,1,168862.06
CUST93149429392,698.57,698.57,1,469018.27
CUST93155122099,1061.83,1061.83,1,160296.85
CUST93161401507,31195.67,31195.67,1,417905.33
CUST93163414464,276.13,276.13,1,48839.94
CUST93165669860,552.6,552.6,1,101018.92
CUST93171315811,3868.76,3868.76,1,415107.65
CUST93188795287,178.71,178.71,1,266355.31
CUST93198240655,18743.39,18743.39,1,27048.03
CUST93209585447,58.08,58.08,1,439629.28
CUST93212343851,243.26,243.26,1,425450.02
CUST93213880749,245.52,245.52,1,61549.66
CUST93217116907,2869.92,2869.92,1,314341.67
CUST93218994194,7459.2,7459.2,1,98983.55
CUST93224375868,208.13,208.13,1,309367.8
CUST93230191670,450.61,450.61,1,92024.1
CUST93234643808,71.84,71.84,1,118850.87
CUST93237987142,1113.54,1113.54,1,87298.78
CUST93238079446,1836.15,1836.15,1,122391.12
CUST93240562092,1106.42,1106.42,1,248743.76
CUST93246974100,1029.14,1029.14,1,348486.97
CUST93246987717,908.0,908.0,1,449116.52
CUST93248850729,182.93,182.93,1,214668.42
CUST93249540648,490.57,490.57,1,166005.18
CUST93253828836,83.21,83.21,1,441772.3
CUST93255021398,513.47,513.47,1,427032.38
CUST93255250150,120.37,120.37,1,245794.96
CUST93260351232,22295.11,22295.11,1,364411.6
CUST93264812303,939.4,939.4,1,480399.35
CUST93272205336,3313.85,3313.85,1,80118.56
CUST93273237229,171.9,171.9,1,95830.79
CUST93275933522,289.09,289.09,1,17946.65
CUST93279642914,905.23,905.23,1,372601.18
CUST93283451226,272.59,272.59,1,211527.89
CUST93284049068,1577.02,1577.02,1,39293.77
CUST93286441250,260.86,260.86,1,469740.92
CUST93298688380,251.04,251.04,1,106627.82
CUST93306752568,2687.77,2687.77,1,352721.84
CUST93306963090,1884.07,1884.07,1,5007.03
CUST93316702675,4802.09,4802.09,1,494905.48
CUST93321922126,1868.18,1868.18,1,18920.75
CUST93325978305,6328.71,6328.71,1,410378.59
CUST93326011789,839.96,839.96,1,389066.75
CUST93335892489,270.56,270.56,1,301956.47
CUST93336088265,5141.62,5141.62,1,41604.68
CUST93336167523,127.41,127.41,1,319695.6
CUST93342680751,211.06,211.06,1,5427.37
CUST93343905677,1601.59,1601.59,1,228652.41
CUST93347987776,7440.55,7440.55,1,233776.63
CUST93352827976,611.66,611.66,1,20494.62
CUST93354574929,5319.29,5319.29,1,354584.41
CUST93356133616,742.41,742.41,1,18304.72
CUST93362200769,612.99,612.99,1,195298.07
CUST93385439999,129.01,129.01,1,418105.19
CUST93385443961,5790.44,5790.44,1,106065.89
CUST93388413208,10552.44,10552.44,1,113102.15
CUST93394403861,5829.65,5829.65,1,144871.72
CUST93396964627,2543.11,2543.11,1,448037.62
CUST93400041063,829.98,829.98,1,386797.08
CUST93400495759,566.26,566.26,1,363935.51
CUST93407969831,328.38,328.38,1,150032.48
CUST93410603578,1599.01,1599.01,1,83221.43
CUST93421947864,231.29,231.29,1,93064.82
CUST93432764125,49.84,49.84,1,208511.88
CUST93434766068,1053.2,1053.2,1,428249.27
CUST93458884852,6653.26,6653.26,1,314507.38
CUST93463472003,187.69,187.69,1,284329.14
CUST93467022263,317.28,317.28,1,430656.44
CUST93468117198,359.12,359.12,1,371798.45
CUST93469823573,1252.77,1252.77,1,79978.5
CUST93475153447,3879.46,3879.46,1,256957.67
CUST93480385859,350.74,350.74,1,197319.88
CUST93480468766,799.31,799.31,1,163421.72
CUST93484981847,386.81,386.81,1,312174.78
CUST93494585650,2097.54,2097.54,1,87479.28
CUST93503934110,719.18,719.18,1,439588.47
CUST93510582961,368.02,368.02,1,214394.27
CUST93511049483,2239.64,2239.64,1,181266.32
CUST93511425258,462.07,462.07,1,44744.0
CUST93521828396,347.74,347.74,1,297030.39
CUST93525495044,36.33,36.33,1,201587.84
CUST93526510662,633.8,633.8,1,377378.65
CUST93539318867,742.03,742.03,1,101615.5
CUST93546252285,331.05,331.05,1,489642.43
CUST93552018050,1725.67,1725.67,1,174261.37
CUST93555034221,2690.48,2690.48,1,289664.68
CUST93555139867,426.86,426.86,1,408021.25
CUST93556538417,239.43,239.43,1,10105.83
CUST93561642038,1099.65,1099.65,1,56057.71
CUST93563532013,62.53,62.53,1,158986.15
CUST93575309184,263.8,263.8,1,98678.25
CUST93580744610,1012.2,1012.2,1,223927.24
CUST93582309283,781.28,781.28,1,189012.71
CUST93593295143,805.06,805.06,1,184319.11
CUST93596114291,32.04,32.04,1,127459.08
CUST93607197865,72.26,72.26,1,416425.02
CUST93613756009,253.27,253.27,1,388925.82
CUST93618947320,901.01,901.01,1,311033.95
CUST93634933721,5752.76,5752.76,1,156246.96
CUST93636379121,1661.28,1661.28,1,188730.75
CUST93637071635,3527.51,3527.51,1,357166.15
CUST93646360664,192.28,192.28,1,11957.61
CUST93655263829,363.61,363.61,1,159695.27
CUST93657038263,1058.68,1058.68,1,16254.07
CUST93661013411,592.23,592.23,1,427935.37
CUST93664781589,492.17,492.17,1,260562.72
CUST93675142956,2907.93,2907.93,1,338723.07
CUST93680773195,988.93,988.93,1,257750.09
CUST93695600141,454.12,454.12,1,87682.82
CUST93696480463,69.64,69.64,1,270649.37
CUST93698986697,3538.1,3538.1,1,130235.31
CUST93701739949,4392.9,4392.9,1,313300.72
CUST93701889867,685.7,685.7,1,441312.89
CUST93702126000,6601.55,6601.55,1,478705.95
CUST93702843281,568.1,568.1,1,55422.93
CUST93705645249,258.13,258.13,1,466070.94
CUST93706696690,617.97,617.97,1,383675.55
CUST93707371283,525.73,525.73,1,147675.53
CUST93713725485,1281.01,1281.01,1,12780.2
CUST93716919513,67.16,67.16,1,379832.56
CUST93720358084,1033.58,1033.58,1,389719.83
CUST93721227976,1251.69,1251.69,1,21552.58
CUST93739007294,935.94,935.94,1,190234.57
CUST93740993901,3324.06,3324.06,1,392680.19
CUST93752827554,33.38,33.38,1,499133.05
CUST93762051766,497.76,497.76,1,77085.65
CUST93773188666,265.54,265.54,1,888.84
CUST93773895167,161.92,161.92,1,12781.52
CUST93774470129,759.58,759.58,1,484666.55
CUST93774863057,348.99,348.99,1,109751.36
CUST93775703967,1955.22,1955.22,1,146942.79
CUST93782819299,815.27,815.27,1,318883.84
CUST93786161581,2786.3,2786.3,1,181234.67
CUST93789528082,959.69,959.69,1,51948.08
CUST93795878370,1754.83,1754.83,1,374222.15
CUST93802021441,97.72,97.72,1,205866.6
CUST93803907342,20068.16,20068.16,1,144243.4
CUST93804025197,617.04,617.04,1,272306.87
CUST93807751389,73.62,73.62,1,411152.9
CUST93809192026,114.11,114.11,1,82814.01
CUST93811283598,559.63,559.63,1,212055.67
CUST93812039405,1149.37,1149.37,1,60791.69
CUST93814369670,25105.36,25105.36,1,118241.73
CUST93820116459,1108.18,1108.18,1,489969.48
CUST93820291783,490.72,490.72,1,448501.22
CUST93823366072,646.81,646.81,1,402962.33
CUST93823446068,1232.09,1232.09,1,430183.98
CUST93834510823,479.18,479.18,1,445014.5
CUST93840504250,425.35,425.35,1,278078.46
CUST93840709102,1238.37,1238.37,1,76608.47
CUST93841215439,591.15,591.15,1,401546.83
CUST93846390367,178.63,178.63,1,417542.32
CUST93848371836,621.66,621.66,1,490197.62
CUST93849404710,87.06,87.06,1,296055.23
CUST93855403262,2153.73,2153.73,1,350085.65
CUST93874929354,4935.79,4935.79,1,471854.39
CUST93879219733,840.52,840.52,1,143127.98
CUST93895628568,242.74,242.74,1,258945.18
CUST93896234164,3319.7,3319.7,1,449899.23
CUST93896690999,4749.65,4749.65,1,248430.97
CUST93899608220,87.99,87.99,1,320898.26
CUST93902897463,756.65,756.65,1,259148.35
CUST93903485789,1351.66,1351.66,1,364888.42
CUST93909279338,227.69,227.69,1,224804.35
CUST93920357579,501.15,501.15,1,386915.75
CUST93924223874,549.19,549.19,1,465572.29
CUST93929058810,156.25,156.25,1,8303.75
CUST93930109164,979.92,979.92,1,347063.12
CUST93939466767,1180.27,1180.27,1,88633.32
CUST93948155400,179.58,179.58,1,443586.39
CUST93969085440,962.09,962.09,1,107101.3
CUST93975507292,300.58,300.58,1,231649.16
CUST93980559614,231.21,231.21,1,418299.64
CUST93989121718,2831.8,2831.8,1,260258.2
CUST93989568870,118.01,118.01,1,367416.25
CUST93989682071,926.64,926.64,1,74359.28
CUST93997566313,5052.07,5052.07,1,284578.33
CUST94000635933,89.85,89.85,1,368575.34
CUST94008358608,33.31,33.31,1,88225.38
CUST94009937700,230.45,230.45,1,456401.63
CUST94010672931,546.36,546.36,1,149151.14
CUST94017860370,218.18,218.18,1,193455.73
CUST94022604725,4715.03,4715.03,1,247250.76
CUST94023969418,789.51,789.51,1,55790.99
CUST94024314158,1148.52,1148.52,1,185983.06
CUST94025288353,619.12,619.12,1,61638.75
CUST94027535542,179.0,179.0,1,119762.98
CUST94035760161,1484.14,1484.14,1,65230.34
CUST94042730666,90.22,90.22,1,282726.06
CUST94044667719,178.86,178.86,1,37138.39
CUST94052590241,1396.34,1396.34,1,277978.96
CUST94057385728,3536.74,3536.74,1,284464.59
CUST94059160861,479.44,479.44,1,190620.72
CUST94068697397,8770.83,8770.83,1,158591.51
CUST94078451101,289.66,289.66,1,464556.01
CUST94084348796,507.44,507.44,1,105553.47
CUST94084369523,919.7,919.7,1,376869.75
CUST94101726359,2962.8,2962.8,1,115894.18
CUST94103307167,69.34,69.34,1,85593.17
CUST94106230962,172.4,172.4,1,492119.14
CUST94123468725,542.75,542.75,1,207788.38
CUST94125109511,772.68,772.68,1,70916.77
CUST94127222751,159.14,159.14,1,77520.74
CUST94132438797,1521.76,1521.76,1,360674.92
CUST94145903260,1582.02,1582.02,1,489469.92
CUST94151996845,158.75,158.75,1,215986.73
CUST94154184212,90.13,90.13,1,234473.21
CUST94157581258,225.92,225.92,1,366749.53
CUST94163847256,1404.32,1404.32,1,253297.61
CUST94169554893,2459.61,2459.61,1,68763.33
CUST94172828580,296.51,296.51,1,374101.43
CUST94172922941,432.1,432.1,1,445944.09
CUST94175983627,3304.79,3304.79,1,61593.62
CUST94181207403,2255.35,2255.35,1,117914.22
CUST94181600367,1315.29,1315.29,1,155691.87
CUST94195838175,72.86,72.86,1,355364.14
CUST94196098190,1199.95,1199.95,1,423069.31
CUST94220703909,3447.44,3447.44,1,185766.11
CUST94223695602,722.4,722.4,1,423643.84
CUST94225198896,1759.14,1759.14,1,62057.4
CUST94226767717,1141.22,1141.22,1,463407.11
CUST94228230193,1432.65,1432.65,1,38905.19
CUST94233785986,1014.73,1014.73,1,295446.43
CUST94239693210,8112.2,8112.2,1,164891.03
CUST94241677173,297.26,297.26,1,311707.38
CUST94242330469,4201.43,4201.43,1,39296.49
CUST94249696714,201.6,201.6,1,319617.22
CUST94249963259,5111.24,5111.24,1,429229.95
CUST94263970344,434.17,434.17,1,223920.71
CUST94266181170,448.39,448.39,1,135292.24
CUST94268272359,204.48,204.48,1,351452.71
CUST94274662027,342.23,342.23,1,214784.86
CUST94274825511,159.59,159.59,1,84674.11
CUST94275705509,208.72,208.72,1,77215.59
CUST94280152163,4660.34,4660.34,1,47526.28
CUST94282020147,1411.13,1411.13,1,117354.15
CUST94290242661,1645.18,1645.18,1,353777.28
CUST94291388301,642.68,642.68,1,213072.59
CUST94297735668,2935.23,2935.23,1,379261.46
CUST94309924680,1694.78,1694.78,1,456586.82
CUST94314993564,562.87,562.87,1,124692.52
CUST94316304147,624.66,624.66,1,3345.39
CUST94323037203,207.28,207.28,1,397564.4
CUST94328458918,6184.83,6184.83,1,54109.42
CUST94328478912,527.6,527.6,1,448183.76
CUST94328898501,284.92,284.92,1,393018.57
CUST94331393165,1311.15,1311.15,1,320506.83
CUST94332107914,2944.85,2944.85,1,456110.02
CUST94347914042,145.11,145.11,1,162181.02
CUST94348803812,501.38,501.38,1,280795.54
CUST94353792200,378.74,378.74,1,306897.79
CUST94356224477,31744.9,31744.9,1,171976.28
CUST94360385106,11889.61,11889.61,1,428814.67
CUST94361003171,5740.48,5740.48,1,380876.46
CUST94366592245,156.79,156.79,1,484393.76
CUST94368367414,527.95,527.95,1,122816.92
CUST94379685748,460.42,460.42,1,97467.54
CUST94381994619,164.98,164.98,1,333614.08
CUST94386315088,28047.29,28047.29,1,278719.33
CUST94387331232,720.07,720.07,1,167480.52
CUST94388334157,307.04,307.04,1,433587.82
CUST94401833351,249.65,249.65,1,169921.35
CUST94416461952,29971.94,29971.94,1,25933.9
CUST94417274724,587.88,587.88,1,217412.5
CUST94418034120,984.61,984.61,1,425463.22
CUST94421422644,2749.42,2749.42,1,226201.59
CUST94424079287,531.2,531.2,1,197184.63
CUST94429194999,555.83,555.83,1,74952.87
CUST94429665874,389.44,389.44,1,147609.15
CUST94431151366,1521.41,1521.41,1,305486.49
CUST94431740865,16338.69,16338.69,1,102955.3
CUST94436862406,419.91,419.91,1,305019.57
CUST94437018220,487.01,487.01,1,381474.64
CUST94446417089,1643.7,1643.7,1,9563.46
CUST94450220033,852.36,852.36,1,307541.99
CUST94452790908,1230.29,1230.29,1,136944.75
CUST94458456211,184.78,184.78,1,240539.28
CUST94461094733,1286.69,1286.69,1,222761.77
CUST94465818382,1141.59,1141.59,1,292153.87
CUST94472800204,270.34,270.34,1,92524.07
CUST94472977088,392.9,392.9,1,186875.37
CUST94474676168,268.24,268.24,1,180253.13
CUST94480511379,167.01,167.01,1,90078.06
CUST94491931880,5312.2,5312.2,1,415381.64
CUST94494787075,86.78,86.78,1,284491.81
CUST94503039424,2524.49,2524.49,1,403557.64
CUST94519702356,938.28,938.28,1,459872.28
CUST94523902965,6674.24,6674.24,1,249939.66
CUST94529598456,634.81,634.81,1,180743.6
CUST94535326414,453.51,453.51,1,286462.52
CUST94538026458,233.73,233.73,1,67601.1
CUST94549352066,2654.2,2654.2,1,150657.02
CUST94550797989,477.11,477.11,1,218603.93
CUST94558438880,7458.3,7458.3,1,14020.41
CUST94559247859,2079.81,2079.81,1,245427.65
CUST94559986950,56.75,56.75,1,74505.77
CUST94563200027,934.81,934.81,1,123876.9
CUST94567310360,712.11,712.11,1,264852.39
CUST94568795773,340.64,340.64,1,348582.95
CUST94569426053,915.73,915.73,1,282940.01
CUST94570069710,5520.53,5520.53,1,159118.22
CUST94576472791,363.06,363.06,1,321736.56
CUST94578330280,5748.66,5748.66,1,401794.28
CUST94583704902,775.37,775.37,1,22924.05
CUST94586459536,369.72,369.72,1,209289.73
CUST94591301144,68.46,68.46,1,410969.1
CUST94594593732,258.85,258.85,1,196949.57
CUST94601119857,1283.19,1283.19,1,358633.7
CUST94601841007,168.47,168.47,1,104648.15
CUST94603958459,191.63,191.63,1,36352.57
CUST94604240823,161.13,161.13,1,138183.62
CUST94605904870,8688.52,8688.52,1,411960.22
CUST94616009969,2854.93,2854.93,1,390669.18
CUST94617809172,466.06,466.06,1,159136.75
CUST94618909718,1379.98,1379.98,1,379603.48
CUST94623603076,2789.21,2789.21,1,249923.72
CUST94625536585,5069.85,5069.85,1,300127.57
CUST94626220643,198.66,198.66,1,130100.08
CUST94633455003,2652.42,2652.42,1,39109.19
CUST94636140640,2568.11,2568.11,1,21153.45
CUST94645211087,196.12,196.12,1,340171.26
CUST94646922128,2587.23,2587.23,1,354727.4
CUST94649120112,492.62,492.62,1,33194.65
CUST94652118897,846.46,846.46,1,284094.4
CUST94652715980,890.72,890.72,1,415403.43
CUST94654554568,57.45,57.45,1,181073.74
CUST94659311797,1433.69,1433.69,1,265623.35
CUST94665359768,94.42,94.42,1,443834.77
CUST94670013870,1011.16,1011.16,1,132097.14
CUST94676521487,915.41,915.41,1,492944.5
CUST94680242978,5439.36,5439.36,1,329989.45
CUST94683856465,103.02,103.02,1,112301.93
CUST94687992522,372.67,372.67,1,108989.14
CUST94689884971,240.38,240.38,1,72912.01
CUST94695193996,2533.18,2533.18,1,27051.56
CUST94699437206,691.53,691.53,1,174299.27
CUST94702838657,1268.9,1268.9,1,176464.84
CUST94703772883,2228.33,2228.33,1,9472.36
CUST94713301545,742.52,742.52,1,483768.62
CUST94721791289,1118.55,1118.55,1,840.64
CUST94723728016,181.4,181.4,1,457208.81
CUST94724452053,251.23,251.23,1,308367.74
CUST94728961802,934.45,934.45,1,373070.1
CUST94735632659,504.9,504.9,1,244554.24
CUST94736460155,746.95,746.95,1,230650.4
CUST94740347803,281.45,281.45,1,435607.15
CUST94748345025,920.6,920.6,1,268247.72
CUST94751295661,558.73,558.73,1,67229.78
CUST94751869181,377.66,377.66,1,174231.92
CUST94752093287,687.57,687.57,1,355263.88
CUST94761158004,2545.71,2545.71,1,313694.49
CUST94761779220,2480.08,2480.08,1,440585.6
CUST94765539321,1037.12,1037.12,1,489703.32
CUST94767461075,590.41,590.41,1,286763.21
CUST94784526303,1199.35,1199.35,1,441902.52
CUST94786616241,399.42,399.42,1,211876.75
CUST94792818257,190.99,190.99,1,404287.14
CUST94799067974,94.44,94.44,1,486525.08
CUST94806648177,3326.01,3326.01,1,81999.12
CUST94813857764,522.52,522.52,1,442579.92
CUST94817242151,755.6,755.6,1,73910.15
CUST94817822346,1402.35,1402.35,1,341699.32
CUST94826138201,212.55,212.55,1,450032.53
CUST94827890179,6596.92,6596.92,1,257054.43
CUST94827941473,2773.43,2773.43,1,3596.7
CUST94841122682,132.76,132.76,1,291038.16
CUST94841695205,328.77,328.77,1,467941.16
CUST94867328017,2023.08,2023.08,1,321091.47
CUST94871895437,5397.93,5397.93,1,478003.97
CUST94877721422,84.16,84.16,1,240065.6
CUST94881269976,320.65,320.65,1,260246.42
CUST94886901292,384.76,384.76,1,337171.57
CUST94890298718,332.35,332.35,1,279136.81
CUST94893982228,213.09,213.09,1,271937.0
CUST94894418246,1427.7,1427.7,1,413081.24
CUST94897022939,5185.53,5185.53,1,320143.75
CUST94897318593,3321.41,3321.41,1,167254.85
CUST94899378009,1215.2,1215.2,1,94630.66
CUST94901164616,1261.45,1261.45,1,457593.52
CUST94904007628,638.34,638.34,1,135522.0
CUST94905088453,2175.11,2175.11,1,446324.36
CUST94923979118,82.35,82.35,1,473013.48
CUST94924879115,272.92,272.92,1,79663.36
CUST94925964981,111.87,111.87,1,79977.71
CUST94926559997,408.42,408.42,1,364888.19
CUST94932659686,232.69,232.69,1,32713.8
CUST94941690539,554.05,554.05,1,297666.08
CUST94944336720,3276.91,3276.91,1,272676.24
CUST94944750466,291.56,291.56,1,429221.3
CUST94947470355,9508.04,9508.04,1,472400.13
CUST94954367374,275.23,275.23,1,196823.68
CUST94963416681,6788.31,6788.31,1,41643.3
CUST94974362973,764.8,764.8,1,330738.54
CUST94977188082,1107.84,1107.84,1,85767.2
CUST94984917894,315.52,315.52,1,197428.95
CUST94999108623,1216.43,1216.43,1,498699.47
CUST95009096995,58.24,58.24,1,196390.49
CUST95011607064,2195.33,2195.33,1,445539.74
CUST95014035269,2682.23,2682.23,1,363816.1
CUST95016047226,7448.59,7448.59,1,116124.57
CUST95019772875,79.79,79.79,1,107047.55
CUST95020803105,6637.36,6637.36,1,110512.84
CUST95022258736,605.99,605.99,1,301174.68
CUST95023771365,7703.37,7703.37,1,283675.56
CUST95024209490,374.22,374.22,1,96749.73
CUST95029315222,348.43,348.43,1,112296.98
CUST95030578379,259.54,259.54,1,17277.51
CUST95031767203,1862.46,1862.46,1,493955.67
CUST95037986715,137.0,137.0,1,13905.26
CUST95058313508,368.35,368.35,1,441658.71
CUST95066819862,983.09,983.09,1,229337.64
CUST95075860297,1528.3,1528.3,1,440021.83
CUST95078241388,203.55,203.55,1,317846.13
CUST95081564090,136.09,136.09,1,308140.95
CUST95099240853,105.48,105.48,1,395120.92
CUST95106819629,279.84,279.84,1,386082.05
CUST95109953515,2387.58,2387.58,1,209709.25
CUST95113357714,382.16,382.16,1,148600.52
CUST95116942492,74.46,74.46,1,24844.59
CUST95126167470,4510.05,4510.05,1,215656.57
CUST95126963885,3875.84,3875.84,1,264811.07
CUST95127746576,105.74,105.74,1,221458.7
CUST95129017885,622.89,622.89,1,105714.2
CUST95131702785,420.44,420.44,1,451823.92
CUST95143276078,102.12,102.12,1,78791.31
CUST95144664104,469.9,469.9,1,432211.57
CUST95153267667,3331.46,3331.46,1,235879.14
CUST95154672896,1314.06,1314.06,1,261879.96
CUST95155152183,203.09,203.09,1,249975.6
CUST95160213907,679.5,679.5,1,356356.86
CUST95160845031,1011.27,1011.27,1,455000.04
CUST95162489407,4421.07,4421.07,1,53553.4
CUST95166285333,521.81,521.81,1,8790.67
CUST95177044015,3480.97,3480.97,1,177849.01
CUST95178796020,1004.48,1004.48,1,143055.32
CUST95178967136,841.0,841.0,1,18017.74
CUST95182778983,41.82,41.82,1,385524.04
CUST95185046506,2346.89,2346.89,1,105713.94
CUST95185921210,1545.15,1545.15,1,131480.45
CUST95186586363,71.38,71.38,1,173539.56
CUST95187031954,195.77,195.77,1,339150.75
CUST95187620774,236.75,236.75,1,38674.27
CUST95188263058,206.89,206.89,1,167329.89
CUST95201143999,1955.02,1955.02,1,38788.57
CUST95205818400,377.62,377.62,1,45577.32
CUST95207942411,1029.52,1029.52,1,299350.78
CUST95215111586,288.14,288.14,1,150526.44
CUST95215708456,373.32,373.32,1,115099.69
CUST95218181785,473.8,473.8,1,436529.61
CUST95219929521,1196.38,1196.38,1,12703.92
CUST95226088607,1658.9,1658.9,1,496584.25
CUST95228859557,1007.41,1007.41,1,101430.94
CUST95234734918,2836.57,2836.57,1,290579.05
CUST95236259190,347.16,347.16,1,7190.78
CUST95240568833,423.51,423.51,1,280430.71
CUST95244129317,372.91,372.91,1,110090.98
CUST95248334804,1475.12,1475.12,1,346302.75
CUST95253348442,300.97,300.97,1,105129.55
CUST95253489723,1863.95,1863.95,1,433876.26
CUST95256280228,2025.36,2025.36,1,46984.8
CUST95259522408,351.01,351.01,1,91311.6
CUST95266921779,692.65,692.65,1,207486.73
CUST95278885808,2275.18,2275.18,1,318185.24
CUST95289938528,124.57,124.57,1,424110.0
CUST95299083198,1357.23,1357.23,1,481518.4
CUST95308401588,210.47,210.47,1,43062.77
CUST95310221036,847.42,847.42,1,265995.14
CUST95317303709,224.0,224.0,1,53924.56
CUST95321322101,1369.5,1369.5,1,349247.16
CUST95336090921,560.82,560.82,1,239385.49
CUST95342912752,229.54,229.54,1,182532.81
CUST95345596685,1562.12,1562.12,1,113962.5
CUST95349261502,1673.74,1673.74,1,300298.68
CUST95350121657,473.41,473.41,1,143575.03
CUST95379063126,212.8,212.8,1,286233.45
CUST95379559577,878.59,878.59,1,71832.45
CUST95394649330,1577.57,1577.57,1,64876.02
CUST95395228743,1249.5,1249.5,1,4282.47
CUST95395902751,6579.28,6579.28,1,227422.42
CUST95403999220,221.1,221.1,1,122933.85
CUST95404025104,2229.54,2229.54,1,293015.65
CUST95406096922,887.03,887.03,1,48652.22
CUST95411114140,646.89,646.89,1,217748.85
CUST95413605693,1613.48,1613.48,1,198333.12
CUST95415283303,90.55,90.55,1,344873.66
CUST95415704870,1349.35,1349.35,1,328748.14
CUST95417663923,148.33,148.33,1,480608.62
CUST95419295438,166.62,166.62,1,489687.4
CUST95422864615,205.51,205.51,1,40093.83
CUST95423085750,6179.11,6179.11,1,85424.7
CUST95428006455,890.32,890.32,1,233627.8
CUST95434183923,3389.01,3389.01,1,64895.17
CUST95440704327,715.69,715.69,1,265102.1
CUST95445760573,528.87,528.87,1,116919.54
CUST95450101238,683.18,683.18,1,391906.1
CUST95454599324,587.38,587.38,1,85638.74
CUST95455889852,515.14,515.14,1,207375.42
CUST95458359318,27699.94,27699.94,1,232745.79
CUST95461527981,395.62,395.62,1,435080.49
CUST95463546653,970.08,970.08,1,164117.42
CUST95474963720,665.66,665.66,1,9096.16
CUST95479285725,1700.62,1700.62,1,372335.52
CUST95484045777,549.16,549.16,1,339041.46
CUST95498842442,799.95,799.95,1,200493.48
CUST95502093015,1016.15,1016.15,1,203037.13
CUST95502343252,373.28,373.28,1,79390.33
CUST95513907274,2094.38,2094.38,1,230123.08
CUST95514896720,1033.95,1033.95,1,284667.63
CUST95515624499,1734.09,1734.09,1,45710.91
CUST95521399286,7465.02,7465.02,1,79046.66
CUST95522812281,651.7,651.7,1,23803.22
CUST95524787453,900.52,900.52,1,143129.51
CUST95526118126,496.27,496.27,1,348748.46
CUST95529185796,3155.54,3155.54,1,235480.64
CUST95531355689,422.76,422.76,1,58236.42
CUST95532275873,124.6,124.6,1,115313.23
CUST95533677322,1375.89,1375.89,1,50163.94
CUST95538488013,1329.22,1329.22,1,142711.33
CUST95541766466,529.75,529.75,1,33206.73
CUST95542584950,50137.95,50137.95,1,285123.26
CUST95546723453,320.45,320.45,1,268724.45
CUST95551540813,260.12,260.12,1,327450.65
CUST95555658748,1138.79,1138.79,1,442851.27
CUST95561254579,236.19,236.19,1,379607.17
CUST95565931779,241.16,241.16,1,451956.17
CUST95569390224,399.48,399.48,1,294317.69
CUST95570193318,10396.38,10396.38,1,304486.76
CUST95572282022,1004.03,1004.03,1,116238.4
CUST95574467594,9775.81,9775.81,1,27133.51
CUST95574646048,331.41,331.41,1,94257.33
CUST95577650697,384.0,384.0,1,445438.26
CUST95578801853,305.37,305.37,1,290735.28
CUST95582280064,209.15,209.15,1,433617.25
CUST95589568746,58.68,58.68,1,437571.4
CUST95593403520,1452.47,1452.47,1,413623.57
CUST95597042765,5664.85,5664.85,1,159605.92
CUST95597100731,132.4,132.4,1,58339.9
CUST95606364696,437.0,437.0,1,99345.31
CUST95618198866,1710.5,1710.5,1,293061.05
CUST95619987897,222.94,222.94,1,43620.78
CUST95620134099,2968.16,2968.16,1,435037.93
CUST95622100572,3350.67,3350.67,1,382738.29
CUST95632770748,129.98,129.98,1,499622.34
CUST95633613896,182.35,182.35,1,192291.7
CUST95635138768,1164.7,1164.7,1,429277.45
CUST95635258835,529.01,529.01,1,325814.89
CUST95636938425,9025.14,9025.14,1,488744.17
CUST95639244930,2726.92,2726.92,1,380873.62
CUST95641137519,908.21,908.21,1,173398.05
CUST95650890465,1591.89,1591.89,1,169139.72
CUST95658018739,317.43,317.43,1,480825.39
CUST95658374989,325.56,325.56,1,285611.3
CUST95660474924,2241.68,2241.68,1,479478.95
CUST95665250405,98.85,98.85,1,245186.65
CUST95666356083,1966.35,1966.35,1,186743.06
CUST95666566972,3750.24,3750.24,1,359748.97
CUST95667827828,1167.2,1167.2,1,18750.03
CUST95672097502,108.11,108.11,1,409303.44
CUST95679349328,7042.09,7042.09,1,491735.48
CUST95685319937,505.94,505.94,1,34354.11
CUST95688794659,495.96,495.96,1,87846.76
CUST95690484434,84.9,84.9,1,458006.0
CUST95696235854,2118.41,2118.41,1,297166.43
CUST95696712770,443.8,443.8,1,298593.43
CUST95697106310,181.03,181.03,1,278460.87
CUST95705708292,1195.82,1195.82,1,240586.48
CUST95709577659,352.63,352.63,1,438018.8
CUST95711564586,6646.85,6646.85,1,246617.48
CUST95715087629,822.51,822.51,1,158317.92
CUST95715422588,107.27,107.27,1,429047.29
CUST95718483278,3051.95,3051.95,1,373846.61
CUST95726521119,1359.38,1359.38,1,52830.75
CUST95729219170,1552.9,1552.9,1,1684.96
CUST95729887452,134.0,134.0,1,103178.55
CUST95730681791,1441.34,1441.34,1,471067.43
CUST95733251310,233.4,233.4,1,331106.44
CUST95736866289,3195.67,3195.67,1,419900.95
CUST95740269232,2455.22,2455.22,1,296025.02
CUST95740451523,488.44,488.44,1,425044.1
CUST95741711756,6032.0,6032.0,1,364306.88
CUST95742581081,606.83,606.83,1,71983.45
CUST95748361687,551.97,551.97,1,454217.97
CUST95748976651,45027.63,45027.63,1,392654.82
CUST95751621851,148.24,148.24,1,10886.81
CUST95752131796,1068.58,1068.58,1,456734.46
CUST95760667386,13006.53,13006.53,1,17739.52
CUST95761034093,2348.05,2348.05,1,326342.2
CUST95762837634,559.88,559.88,1,98667.04
CUST95766423019,248.12,248.12,1,153562.38
CUST95779188953,536.59,536.59,1,362827.24
CUST95779226154,4210.03,4210.03,1,261053.87
CUST95779367546,432.83,432.83,1,186130.7
CUST95781193185,1485.43,1485.43,1,279103.62
CUST95785727754,108.93,108.93,1,109733.93
CUST95799549045,1082.62,1082.62,1,304084.48
CUST95811302340,4551.44,4551.44,1,190642.08
CUST95811373109,1503.96,1503.96,1,180528.17
CUST95819685502,80.98,80.98,1,381383.8
CUST95822241915,5477.27,5477.27,1,14727.47
CUST95825278204,110.24,110.24,1,18219.28
CUST95828705475,801.13,801.13,1,162620.72
CUST95828781019,226.7,226.7,1,175741.17
CUST95831211945,349.88,349.88,1,469092.59
CUST95835700676,6340.1,6340.1,1,339645.93
CUST95841852174,1681.37,1681.37,1,231280.47
CUST95843468338,1621.0,1621.0,1,199303.6
CUST95853379966,1094.83,1094.83,1,114707.98
CUST95862928040,93.13,93.13,1,162789.34
CUST95872895890,3675.83,3675.83,1,201424.68
CUST95875010962,2073.79,2073.79,1,91080.53
CUST95876119020,1412.85,1412.85,1,189012.53
CUST95883342304,4152.79,4152.79,1,390988.37
CUST95884048246,180.11,180.11,1,159145.04
CUST95884067182,1008.1,1008.1,1,200004.47
CUST95886037041,1387.34,1387.34,1,116899.22
CUST95886502159,2601.63,2601.63,1,459391.41
CUST95888139133,843.14,843.14,1,205626.6
CUST95888558567,236.83,236.83,1,280186.6
CUST95899336647,1784.87,1784.87,1,227762.1
CUST95901262521,8847.29,8847.29,1,223965.39
CUST95905411797,2019.31,2019.31,1,105784.99
CUST95920651281,192.12,192.12,1,268072.64
CUST95934919381,538.47,538.47,1,2236.55
CUST95938142779,526.66,526.66,1,251881.77
CUST95947455229,194.45,194.45,1,202154.39
CUST95947570125,630.53,630.53,1,28774.03
CUST95953529462,2562.03,2562.03,1,446579.82
CUST95960340465,270.91,270.91,1,330271.48
CUST95966424423,219.74,219.74,1,269167.5
CUST95970388855,112.03,112.03,1,302629.5
CUST95979619107,256.58,256.58,1,130081.73
CUST95980008029,950.13,950.13,1,99071.96
CUST95985364184,1449.23,1449.23,1,94566.76
CUST95997776931,111.33,111.33,1,268985.94
CUST95999680945,159.94,159.94,1,306333.37
CUST96000483366,1029.33,1029.33,1,96905.34
CUST96006205214,1640.32,1640.32,1,427385.61
CUST96010297845,891.43,891.43,1,438822.25
CUST96012968704,649.31,649.31,1,405260.23
CUST96020829700,877.74,877.74,1,197984.77
CUST96021764927,10617.72,10617.72,1,89505.22
CUST96027995510,516.33,516.33,1,35954.27
CUST96038338631,693.16,693.16,1,394914.56
CUST96039098618,612.01,612.01,1,161639.62
CUST96042793914,115.58,115.58,1,328399.22
CUST96047983087,493.74,493.74,1,45154.4
CUST96050473527,348.31,348.31,1,79460.66
CUST96068778478,137.36,137.36,1,331150.72
CUST96073773515,222.14,222.14,1,474436.69
CUST96075613607,24.92,24.92,1,266072.16
CUST96077917530,343.3,343.3,1,37801.69
CUST96079155937,12955.26,12955.26,1,215912.29
CUST96079934346,523.84,523.84,1,282084.25
CUST96080827638,856.07,856.07,1,200184.16
CUST96087344599,2096.08,2096.08,1,376086.2
CUST96106800782,129.32,129.32,1,498704.55
CUST96109733838,1772.76,1772.76,1,447822.89
CUST96116798478,888.39,888.39,1,83492.12
CUST96119742115,663.61,663.61,1,5730.2
CUST96124759130,107.54,107.54,1,279177.06
CUST96131503951,1086.75,1086.75,1,300372.06
CUST96135386778,11254.64,11254.64,1,411697.04
CUST96138648621,2032.97,2032.97,1,307278.51
CUST96147185367,2313.48,2313.48,1,318370.84
CUST96148179414,604.5,604.5,1,124099.67
CUST96151596250,4761.43,4761.43,1,83832.32
CUST96157639574,596.97,596.97,1,377470.18
CUST96158853978,14357.88,14357.88,1,382218.3
CUST96165445723,133.14,133.14,1,376990.76
CUST96166774281,1237.99,1237.99,1,280531.48
CUST96166915429,653.89,653.89,1,142866.07
CUST96167553829,12125.37,12125.37,1,464623.31
CUST96171238757,410.23,410.23,1,279962.31
CUST96179784083,67.2,67.2,1,111589.24
CUST96181346178,329.69,329.69,1,132305.81
CUST96182685951,1778.8,1778.8,1,425335.06
CUST96186398579,215.59,215.59,1,132981.22
CUST96186408216,54.28,54.28,1,444607.82
CUST96191912579,638.87,638.87,1,53690.81
CUST96196369855,454.04,454.04,1,71810.34
CUST96202478514,2090.42,2090.42,1,48040.94
CUST96205264900,575.41,575.41,1,322509.65
CUST96206590725,1565.34,1565.34,1,439651.65
CUST96213452481,263.1,263.1,1,301453.5
CUST96213697109,197.81,197.81,1,43501.06
CUST96216049261,1670.53,1670.53,1,46061.08
CUST96222679845,2331.72,2331.72,1,324155.72
CUST96231954995,773.43,773.43,1,348276.08
CUST96232099413,2525.21,2525.21,1,423644.7
CUST96233244544,771.77,771.77,1,230771.67
CUST96234619324,806.2,806.2,1,21719.45
CUST96244945436,1741.7,1741.7,1,432530.21
CUST96248001253,812.94,812.94,1,53887.8
CUST96251761703,5267.33,5267.33,1,259669.89
CUST96255888175,22884.99,22884.99,1,399567.9
CUST96260969066,342.75,342.75,1,209686.21
CUST96268693340,2721.61,2721.61,1,463461.65
CUST96270173724,1168.08,1168.08,1,56743.21
CUST96271559904,285.35,285.35,1,157189.72
CUST96273321194,882.6,882.6,1,100087.56
CUST96279530718,229.62,229.62,1,148162.88
CUST96284085600,37.86,37.86,1,181067.53
CUST96287567767,3346.67,3346.67,1,332408.54
CUST96288754891,668.72,668.72,1,249836.71
CUST96292793293,280.39,280.39,1,87897.45
CUST96293397016,170.83,170.83,1,17604.36
CUST96295796320,1014.49,1014.49,1,58335.23
CUST96297778058,708.57,708.57,1,122759.76
CUST96298310279,3335.92,3335.92,1,66677.69
CUST96314660175,1386.4,1386.4,1,406377.37
CUST96315626306,1342.22,1342.22,1,131527.3
CUST96325004397,13001.3,13001.3,1,383876.24
CUST96325681742,165.39,165.39,1,99719.7
CUST96325923350,223.75,223.75,1,275155.85
CUST96326956739,2697.12,2697.12,1,456921.12
CUST96338211699,306.45,306.45,1,467155.44
CUST96338914251,636.23,636.23,1,316734.63
CUST96345772366,431.98,431.98,1,56346.45
CUST96349168515,597.24,597.24,1,128752.5
CUST96362535754,461.06,461.06,1,480052.19
CUST96365600341,463.05,463.05,1,485824.43
CUST96370072134,726.34,726.34,1,220208.02
CUST96372668766,674.96,674.96,1,302306.81
CUST96373269978,231.93,231.93,1,144472.75
CUST96378817832,233.72,233.72,1,392302.2
CUST96379784810,86.66,86.66,1,286656.19
CUST96389814936,2889.55,2889.55,1,462300.9
CUST96393002857,9297.15,9297.15,1,454072.82
CUST96394014754,113.23,113.23,1,344101.27
CUST96400594120,135.6,135.6,1,238269.09
CUST96403914780,237.79,237.79,1,125091.85
CUST96405973635,2878.35,2878.35,1,65420.38
CUST96418212459,1242.34,1242.34,1,276438.36
CUST96419182930,4363.99,4363.99,1,174222.59
CUST96420511074,1592.75,1592.75,1,229209.1
CUST96421447733,329.47,329.47,1,386235.16
CUST96422043503,579.58,579.58,1,68295.59
CUST96436060334,4189.23,4189.23,1,51468.08
CUST96442679778,17984.04,17984.04,1,451701.08
CUST96443028631,302.2,302.2,1,289178.85
CUST96444454751,234.81,234.81,1,118055.83
CUST96450394160,482.94,482.94,1,53493.5
CUST96452483661,1275.46,1275.46,1,323091.69
CUST96454861357,222.85,222.85,1,273034.99
CUST96458108195,1039.2,1039.2,1,452934.87
CUST96463949017,6252.59,6252.59,1,334260.97
CUST96470505143,449.06,449.06,1,67887.23
CUST96481165729,2747.97,2747.97,1,323494.5
CUST96485916751,96.84,96.84,1,42108.42
CUST96487819855,282.64,282.64,1,280827.55
CUST96490587507,7210.33,7210.33,1,128357.28
CUST96499976123,2380.18,2380.18,1,377596.25
CUST96501886452,185.49,185.49,1,390583.22
CUST96509673966,653.1,653.1,1,184073.77
CUST96518487455,580.92,580.92,1,74172.17
CUST96522770710,308.04,308.04,1,68182.95
CUST96539589706,4428.51,4428.51,1,335611.97
CUST96539679201,2110.77,2110.77,1,300012.01
CUST96545989022,2336.0,2336.0,1,201961.87
CUST96552103599,333.2,333.2,1,462843.02
CUST96552783766,914.28,914.28,1,120865.45
CUST96554184888,5518.01,5518.01,1,131219.24
CUST96573061822,281.93,281.93,1,203547.74
CUST96576157747,14107.2,14107.2,1,475504.79
CUST96581892158,397.19,397.19,1,366192.64
CUST96595196084,415.76,415.76,1,149911.57
CUST96595413888,246.7,246.7,1,414785.09
CUST96604492919,631.93,631.93,1,312148.14
CUST96607933354,29121.52,29121.52,1,207778.55
CUST96612214044,621.16,621.16,1,27384.98
CUST96613139264,288.02,288.02,1,459702.29
CUST96617485999,1114.0,1114.0,1,75081.07
CUST96626987660,224.42,224.42,1,489647.7
CUST96633043216,6662.19,6662.19,1,125736.83
CUST96633056224,252.28,252.28,1,267643.2
CUST96638484813,232.47,232.47,1,360963.02
CUST96642091328,825.14,825.14,1,278418.29
CUST96642680061,444.08,444.08,1,308195.15
CUST96644295821,411.45,411.45,1,242008.56
CUST96644994811,658.02,658.02,1,227610.89
CUST96652129671,462.72,462.72,1,481338.66
CUST96654072259,997.36,997.36,1,65269.53
CUST96666430334,393.53,393.53,1,369822.68
CUST96671269432,20.29,20.29,1,31193.58
CUST96676621477,317.49,317.49,1,384970.78
CUST96678531883,926.54,926.54,1,364629.36
CUST96684503408,726.02,726.02,1,76449.4
CUST96687367690,569.98,569.98,1,492920.12
CUST96689334506,14727.33,14727.33,1,416303.46
CUST96689405047,1784.5,1784.5,1,126985.69
CUST96697950356,865.57,865.57,1,409672.73
CUST96699407763,1274.49,1274.49,1,468962.12
CUST96701384733,736.62,736.62,1,13575.57
CUST96701693253,4019.04,4019.04,1,266923.89
CUST96706606601,2042.79,2042.79,1,166886.27
CUST96706824284,306.12,306.12,1,138172.95
CUST96707501500,1489.55,1489.55,1,66027.26
CUST96707996346,233.51,233.51,1,283776.57
CUST96720865325,379.26,379.26,1,479370.51
CUST96732690320,721.08,721.08,1,393937.88
CUST96740719515,1093.62,1093.62,1,156731.87
CUST96741162882,1427.99,1427.99,1,456049.15
CUST96741575331,987.58,987.58,1,139887.58
CUST96754929610,260.93,260.93,1,208172.7
CUST96758056363,429.11,429.11,1,83247.8
CUST96763021780,106.22,106.22,1,7716.26
CUST96766876687,401.22,401.22,1,235270.65
CUST96768470934,253.69,253.69,1,174739.66
CUST96772772044,70.48,70.48,1,382286.76
CUST96775828566,608.02,608.02,1,286457.51
CUST96776629172,400.69,400.69,1,158330.72
CUST96779267396,330.67,330.67,1,213974.36
CUST96779848720,526.33,526.33,1,87416.33
CUST96783687077,880.49,880.49,1,201716.32
CUST96799451425,289.05,289.05,1,39526.59
CUST96805407344,677.05,677.05,1,27515.45
CUST96814412096,540.54,540.54,1,82353.62
CUST96824319088,233.94,233.94,1,409353.81
CUST96824980041,88.46,88.46,1,440364.79
CUST96828715752,3395.89,3395.89,1,461448.25
CUST96831013281,101.7,101.7,1,134836.98
CUST96835885758,691.77,691.77,1,125354.37
CUST96837624193,577.22,577.22,1,39266.82
CUST96839963238,1219.99,1219.99,1,400007.44
CUST96846572165,116.37,116.37,1,221302.28
CUST96846786266,4973.06,4973.06,1,222622.87
CUST96847392002,1160.95,1160.95,1,79874.01
CUST96849635707,511.56,511.56,1,389602.03
CUST96851350050,1950.78,1950.78,1,447017.65
CUST96853312068,496.95,496.95,1,107509.82
CUST96856957370,1097.08,1097.08,1,439415.64
CUST96869213171,1976.07,1976.07,1,492024.24
CUST96880832285,918.38,918.38,1,377974.02
CUST96891063545,2134.62,2134.62,1,133892.54
CUST96894398295,39.35,39.35,1,342946.04
CUST96895915419,10211.69,10211.69,1,300143.99
CUST96895943582,470.31,470.31,1,269532.92
CUST96897943329,982.24,982.24,1,151424.88
CUST96902459839,523.07,523.07,1,49226.37
CUST96918341116,4807.68,4807.68,1,358835.93
CUST96927387263,69.61,69.61,1,54015.21
CUST96934967535,4617.55,4617.55,1,62149.61
CUST96935757162,3721.26,3721.26,1,294583.7
CUST96937860735,286.3,286.3,1,137846.76
CUST96942320067,2596.75,2596.75,1,38336.62
CUST96951455534,222.46,222.46,1,111811.72
CUST96951548871,57.37,57.37,1,110189.12
CUST96952094711,1462.91,1462.91,1,376447.06
CUST96959370078,138.29,138.29,1,141972.57
CUST96962475710,507.98,507.98,1,135329.84
CUST96971519956,1357.71,1357.71,1,421247.73
CUST96974743259,4509.42,4509.42,1,332384.77
CUST96976454081,404.11,404.11,1,60375.37
CUST96999731146,698.57,698.57,1,238719.21
CUST97001551237,2514.9,2514.9,1,347528.62
CUST97002122731,2004.67,2004.67,1,75652.16
CUST97004465740,1998.72,1998.72,1,427870.7
CUST97006367019,466.79,466.79,1,299812.12
CUST97006970952,562.44,562.44,1,481196.28
CUST97006992106,228.93,228.93,1,261291.75
CUST97012745562,3674.85,3674.85,1,432965.83
CUST97017429094,10357.19,10357.19,1,198829.09
CUST97024151511,2036.22,2036.22,1,220401.59
CUST97026238278,1458.45,1458.45,1,344858.87
CUST97027697109,545.76,545.76,1,125917.85
CUST97032964212,383.68,383.68,1,237235.25
CUST97036686302,701.5,701.5,1,70836.0
CUST97038046596,5919.13,5919.13,1,153648.54
CUST97039622623,1017.39,1017.39,1,198068.26
CUST97040400436,1049.15,1049.15,1,202697.81
CUST97048063424,2156.81,2156.81,1,121454.2
CUST97049044027,864.35,864.35,1,199009.06
CUST97049303085,275.52,275.52,1,350027.73
CUST97056229476,673.16,673.16,1,3983.39
CUST97060548277,10161.02,10161.02,1,109434.61
CUST97063666051,1343.53,1343.53,1,300696.74
CUST97071598860,5334.74,5334.74,1,393356.05
CUST97073484352,336.65,336.65,1,463171.16
CUST97083711724,2217.59,2217.59,1,87899.0
CUST97085489721,808.04,808.04,1,121821.17
CUST97091282415,3139.69,3139.69,1,318495.38
CUST97096930064,454.12,454.12,1,375541.72
CUST97101328469,702.27,702.27,1,156990.01
CUST97105424520,240.19,240.19,1,401549.28
CUST97107031326,601.07,601.07,1,104480.12
CUST97110548070,995.09,995.09,1,472198.74
CUST97115235998,1763.29,1763.29,1,124434.34
CUST97118399799,2281.93,2281.93,1,23813.62
CUST97123943718,232.22,232.22,1,233174.14
CUST97124431943,1106.65,1106.65,1,12212.13
CUST97132131357,777.94,777.94,1,54489.25
CUST97137089076,199.04,199.04,1,209493.15
CUST97138538117,481.71,481.71,1,65203.49
CUST97138644553,2060.33,2060.33,1,453991.14
CUST97139143404,379.58,379.58,1,257067.29
CUST97145610502,888.25,888.25,1,426890.41
CUST97145949872,259.16,259.16,1,463488.23
CUST97146242009,278.62,278.62,1,98398.01
CUST97147823317,333.4,333.4,1,231259.12
CUST97152159449,1893.12,1893.12,1,170484.8
CUST97152544619,179.48,179.48,1,192193.42
CUST97153652186,1945.64,1945.64,1,351016.44
CUST97167065938,9763.88,9763.88,1,174320.58
CUST97168997769,640.39,640.39,1,5533.36
CUST97169279209,198.62,198.62,1,378159.87
CUST97173655010,1016.99,1016.99,1,268427.97
CUST97175367151,136.53,136.53,1,469711.69
CUST97178033504,499.4,499.4,1,192377.15
CUST97181247558,1900.63,1900.63,1,69369.45
CUST97184533976,1883.75,1883.75,1,377408.89
CUST97189464595,1103.14,1103.14,1,35060.61
CUST97190787006,402.05,402.05,1,19734.02
CUST97192011649,1894.63,1894.63,1,459647.5
CUST97193029231,1323.93,1323.93,1,367265.56
CUST97211970593,608.69,608.69,1,162506.66
CUST97217313813,1530.8,1530.8,1,46355.5
CUST97241435702,1394.65,1394.65,1,492166.87
CUST97247300410,213.28,213.28,1,233000.2
CUST97251345401,184.2,184.2,1,255848.4
CUST97252493965,395.65,395.65,1,105062.61
CUST97258596259,327.03,327.03,1,175332.5
CUST97259071152,3009.16,3009.16,1,409929.64
CUST97261492079,820.56,820.56,1,93221.09
CUST97266085685,1173.68,1173.68,1,248335.28
CUST97281318123,362.9,362.9,1,48721.32
CUST97285095267,952.15,952.15,1,293921.68
CUST97285369193,287.23,287.23,1,89923.6
CUST97294427953,443.63,443.63,1,498607.59
CUST97295055340,643.21,643.21,1,158439.95
CUST97310271475,1388.63,1388.63,1,206237.48
CUST97310670976,5592.73,5592.73,1,228752.0
CUST97310889723,5504.02,5504.02,1,190461.27
CUST97315230782,256.68,256.68,1,388948.56
CUST97318145033,391.2,391.2,1,442321.55
CUST97319214159,35.09,35.09,1,124395.6
CUST97319544126,403.41,403.41,1,341810.9
CUST97322198377,554.23,554.23,1,341984.42
CUST97322943645,92.63,92.63,1,447422.33
CUST97337811394,273.77,273.77,1,108976.17
CUST97342398029,867.87,867.87,1,331139.83
CUST97343498917,2474.81,2474.81,1,393555.83
CUST97351289427,692.62,692.62,1,276763.53
CUST97353468528,159.26,159.26,1,116815.41
CUST97354645552,760.54,760.54,1,320903.81
CUST97356260843,7181.89,7181.89,1,169785.96
CUST97359466726,4451.52,4451.52,1,6066.82
CUST97360213745,552.31,552.31,1,101293.51
CUST97373899369,1708.65,1708.65,1,409088.43
CUST97388612732,768.67,768.67,1,397502.5
CUST97389247950,198.25,198.25,1,224365.32
CUST97394143045,1709.27,1709.27,1,411934.56
CUST97395776967,7303.65,7303.65,1,233132.41
CUST97396587532,304.38,304.38,1,468837.54
CUST97401539258,91.66,91.66,1,277734.64
CUST97404280962,58.27,58.27,1,362437.79
CUST97406432496,1136.8,1136.8,1,348476.4
CUST97408510420,1564.91,1564.91,1,390290.16
CUST97416215469,1287.68,1287.68,1,148025.08
CUST97422224766,505.39,505.39,1,50563.61
CUST97422566793,832.44,832.44,1,360226.18
CUST97422734472,2746.95,2746.95,1,164986.28
CUST97427491397,947.45,947.45,1,442726.25
CUST97437200860,472.63,472.63,1,441587.99
CUST97437659357,457.12,457.12,1,495808.83
CUST97446485036,3173.1,3173.1,1,312890.43
CUST97456071647,100.43,100.43,1,174745.13
CUST97459235835,2756.18,2756.18,1,273978.72
CUST97474714388,1820.18,1820.18,1,406095.26
CUST97478489634,2173.87,2173.87,1,314545.85
CUST97480807218,1148.11,1148.11,1,388278.35
CUST97489820828,155.99,155.99,1,103321.19
CUST97493673980,8362.97,8362.97,1,230102.37
CUST97493833715,6019.65,6019.65,1,430420.84
CUST97497180006,3275.03,3275.03,1,409639.18
CUST97501558870,236.66,236.66,1,260927.64
CUST97504268104,315.37,315.37,1,114954.9
CUST97515165693,393.46,393.46,1,153387.08
CUST97516109033,1598.39,1598.39,1,199297.47
CUST97516785055,1008.3,1008.3,1,67532.82
CUST97518039645,7043.91,7043.91,1,380390.73
CUST97518720063,2373.47,2373.47,1,453508.81
CUST97538100384,984.59,984.59,1,349795.53
CUST97539452199,5736.04,5736.04,1,339063.98
CUST97542289743,263.39,263.39,1,5548.43
CUST97553399986,336.04,336.04,1,425271.09
CUST97558746653,3955.98,3955.98,1,377937.57
CUST97562099012,426.72,426.72,1,74327.6
CUST97576225972,1297.78,1297.78,1,112658.3
CUST97586013520,826.56,826.56,1,219735.32
CUST97589402259,180.52,180.52,1,161748.82
CUST97592923847,395.97,395.97,1,312129.16
CUST97595710751,9242.6,9242.6,1,199012.49
CUST97602259166,1340.56,1340.56,1,27118.13
CUST97617342760,7469.54,7469.54,1,108959.39
CUST97632083659,989.8,989.8,1,174561.86
CUST97638352324,180.53,180.53,1,365542.61
CUST97638678024,528.57,528.57,1,87951.31
CUST97639729750,1637.31,1637.31,1,449863.82
CUST97639904881,3058.41,3058.41,1,41306.68
CUST97643746738,754.24,754.24,1,302867.4
CUST97644325662,1133.41,1133.41,1,221125.84
CUST97657822382,350.76,350.76,1,45660.12
CUST97669999010,211.33,211.33,1,278304.45
CUST97670016136,203.04,203.04,1,488482.9
CUST97671874149,516.3,516.3,1,117312.17
CUST97683000074,565.73,565.73,1,472161.24
CUST97683579364,292.72,292.72,1,421879.72
CUST97695772353,78.46,78.46,1,243454.8
CUST97701958744,177.33,177.33,1,484662.56
CUST97702498703,796.67,796.67,1,467189.79
CUST97709876741,461.97,461.97,1,384511.45
CUST97710866964,159.12,159.12,1,394246.07
CUST97711904260,2075.69,2075.69,1,493589.81
CUST97718199560,1518.36,1518.36,1,185668.7
CUST97731654806,2273.79,2273.79,1,307960.81
CUST97742666229,797.99,797.99,1,37459.85
CUST97746845424,1769.04,1769.04,1,336949.0
CUST97750181873,2641.81,2641.81,1,314073.66
CUST97751074815,399.31,399.31,1,346176.55
CUST97757835366,4652.26,4652.26,1,496423.61
CUST97758214927,248.23,248.23,1,473855.26
CUST97764476798,1715.42,1715.42,1,12786.4
CUST97771457666,820.05,820.05,1,497655.74
CUST97774663409,7589.99,7589.99,1,94509.25
CUST97785436958,2012.95,2012.95,1,205440.41
CUST97787775076,823.78,823.78,1,5778.33
CUST97793458225,356.56,356.56,1,163628.99
CUST97797572899,1821.35,1821.35,1,358309.83
CUST97816742683,2486.06,2486.06,1,91009.08
CUST97818205813,3170.71,3170.71,1,221955.56
CUST97820868610,11519.01,11519.01,1,459612.41
CUST97827996016,1433.16,1433.16,1,171731.41
CUST97829741116,156.28,156.28,1,498143.57
CUST97832574745,642.53,642.53,1,498440.33
CUST97832753187,85.45,85.45,1,201577.79
CUST97839657571,479.73,479.73,1,223848.31
CUST97840653717,160.15,160.15,1,416555.19
CUST97841184642,1747.79,1747.79,1,407441.57
CUST97842282990,2654.15,2654.15,1,341313.12
CUST97844454944,2526.5,2526.5,1,400052.69
CUST97844796881,682.41,682.41,1,403174.21
CUST97848893697,1211.46,1211.46,1,414043.02
CUST97851703078,196.88,196.88,1,25166.67
CUST97858939903,2237.3,2237.3,1,62607.46
CUST97862336943,4864.09,4864.09,1,17838.06
CUST97867688056,3086.28,3086.28,1,242695.72
CUST97870848176,1566.39,1566.39,1,261743.82
CUST97894891357,134.03,134.03,1,257723.62
CUST97905155297,166.15,166.15,1,407594.25
CUST97909057580,17427.42,17427.42,1,124611.67
CUST97911373360,1544.02,1544.02,1,33047.6
CUST97916215738,334.33,334.33,1,400741.61
CUST97918068705,223.4,223.4,1,278456.48
CUST97924327687,716.0,716.0,1,486245.59
CUST97926587631,2580.07,2580.07,1,325997.98
CUST97937855576,1794.38,1794.38,1,282632.81
CUST97947567475,1764.54,1764.54,1,17924.68
CUST97950409204,31919.86,31919.86,1,162254.15
CUST97951124631,7117.66,7117.66,1,60789.6
CUST97953309867,113.47,113.47,1,419763.68
CUST97965653553,563.38,563.38,1,263138.04
CUST97978307441,1753.15,1753.15,1,170466.64
CUST97978388090,2361.7,2361.7,1,111152.29
CUST97988145768,460.4,460.4,1,330448.7
CUST97997097014,297.43,297.43,1,375446.46
CUST97997219357,474.57,474.57,1,345352.83
CUST97998936701,435.62,435.62,1,27696.33
CUST98001551491,904.95,904.95,1,332359.73
CUST98018416243,1344.48,1344.48,1,53515.3
CUST98019888730,231.81,231.81,1,269750.75
CUST98020383053,16720.94,16720.94,1,370690.14
CUST98021366118,107.1,107.1,1,395435.08
CUST98022027155,166.32,166.32,1,338026.25
CUST98022440629,2480.05,2480.05,1,108401.99
CUST98023107972,464.75,464.75,1,278172.09
CUST98028343226,1660.27,1660.27,1,323284.94
CUST98035901964,401.97,401.97,1,277580.34
CUST98043649664,702.69,702.69,1,236285.48
CUST98047426137,169.6,169.6,1,447378.62
CUST98050741841,2820.3,2820.3,1,440790.84
CUST98056493396,1761.75,1761.75,1,285590.91
CUST98056937921,442.7,442.7,1,459093.75
CUST98069561135,1169.79,1169.79,1,464419.56
CUST98077882641,263.15,263.15,1,444856.21
CUST98079329268,114.25,114.25,1,353724.29
CUST98092566829,2911.28,2911.28,1,113395.36
CUST98103686839,705.66,705.66,1,337785.22
CUST98103800843,107.68,107.68,1,399143.04
CUST98122511115,330.96,330.96,1,280338.95
CUST98123199410,694.89,694.89,1,18170.16
CUST98130777308,1593.72,1593.72,1,120765.18
CUST98132432998,306.29,306.29,1,308219.82
CUST98142810778,605.82,605.82,1,332062.79
CUST98145061221,273.35,273.35,1,459035.85
CUST98146464447,121.92,121.92,1,436297.51
CUST98152769206,572.58,572.58,1,82663.79
CUST98155193870,497.03,497.03,1,296812.06
CUST98159829792,1649.54,1649.54,1,227114.14
CUST98163990747,10615.16,10615.16,1,455461.55
CUST98171056033,138.58,138.58,1,15577.75
CUST98173443749,83.88,83.88,1,343694.73
CUST98175359721,1183.71,1183.71,1,441934.74
CUST98178726153,2334.76,2334.76,1,463238.93
CUST98186367500,837.0,837.0,1,134243.91
CUST98189684961,85.6,85.6,1,7282.56
CUST98194124857,1873.3,1873.3,1,376700.05
CUST98195191932,286.26,286.26,1,238388.6
CUST98200847572,12541.66,12541.66,1,389555.9
CUST98204348271,462.06,462.06,1,308173.63
CUST98205778488,114.1,114.1,1,441882.3
CUST98215502622,358.19,358.19,1,69796.89
CUST98223912859,145.96,145.96,1,237036.93
CUST98226159599,8887.85,8887.85,1,499492.38
CUST98228110705,155.53,155.53,1,419571.25
CUST98233575855,1659.61,1659.61,1,316768.17
CUST98246740546,220.99,220.99,1,195903.04
CUST98248628357,178.43,178.43,1,482689.39
CUST98251810328,117.99,117.99,1,497824.36
CUST98252003087,1004.87,1004.87,1,51728.27
CUST98269846802,394.16,394.16,1,228221.52
CUST98273152750,2367.3,2367.3,1,207638.88
CUST98274710012,714.16,714.16,1,138013.21
CUST98278933782,741.92,741.92,1,67257.21
CUST98282135522,1377.64,1377.64,1,341835.78
CUST98285415775,821.83,821.83,1,440229.6
CUST98293135150,68.15,68.15,1,298590.44
CUST98294959435,641.81,641.81,1,54953.79
CUST98309832953,336.42,336.42,1,476436.08
CUST98311720425,503.24,503.24,1,271994.29
CUST98312819417,263.88,263.88,1,334146.08
CUST98313013551,660.61,660.61,1,20273.75
CUST98323113754,1121.45,1121.45,1,476285.09
CUST98328444553,472.52,472.52,1,114132.21
CUST98329237688,5722.19,5722.19,1,157129.94
CUST98332857923,3116.08,3116.08,1,72438.42
CUST98337369410,923.82,923.82,1,103101.08
CUST98348420124,940.44,940.44,1,303162.01
CUST98350810209,903.31,903.31,1,101796.61
CUST98354480105,182.31,182.31,1,40218.78
CUST98360644029,96.61,96.61,1,155802.58
CUST98360871399,30430.73,30430.73,1,372210.08
CUST98366375647,124.96,124.96,1,449056.08
CUST98369765496,2529.68,2529.68,1,238661.92
CUST98376045986,862.52,862.52,1,32009.6
CUST98376660743,1840.75,1840.75,1,191903.28
CUST98377312676,903.67,903.67,1,68471.61
CUST98377606542,756.85,756.85,1,111981.55
CUST98380965747,81.38,81.38,1,130987.8
CUST98389024050,3028.04,3028.04,1,110768.38
CUST98395454527,761.65,761.65,1,127989.5
CUST98408712414,4395.17,4395.17,1,26910.78
CUST98409956868,2514.2,2514.2,1,288463.84
CUST98413862760,454.39,454.39,1,368043.38
CUST98420394040,851.8,851.8,1,76267.26
CUST98423276879,1737.02,1737.02,1,43808.13
CUST98424584953,702.41,702.41,1,353660.52
CUST98434703567,648.0,648.0,1,123446.58
CUST98454563429,2305.41,2305.41,1,402655.32
CUST98459114490,1166.79,1166.79,1,58070.61
CUST98469273920,476.4,476.4,1,78483.5
CUST98474805468,1430.1,1430.1,1,381341.79
CUST98477051471,328.25,328.25,1,405838.01
CUST98484050767,520.96,520.96,1,254482.87
CUST98491140998,8935.82,8935.82,1,280644.03
CUST98492801461,303.8,303.8,1,298460.84
CUST98493184315,163.61,163.61,1,450606.75
CUST98495370889,278.32,278.32,1,96649.37
CUST98511676370,186.02,186.02,1,5043.1
CUST98516921144,210.75,210.75,1,211468.02
CUST98520400395,155.03,155.03,1,430508.27
CUST98521070735,1760.31,1760.31,1,406477.57
CUST98530356551,545.12,545.12,1,324433.33
CUST98534062303,402.94,402.94,1,179149.75
CUST98534853381,311.34,311.34,1,446037.27
CUST98542165188,323.32,323.32,1,245449.89
CUST98544192548,168.13,168.13,1,185163.04
CUST98548385551,852.1,852.1,1,258713.61
CUST98548399769,1665.78,1665.78,1,25167.53
CUST98560707567,1604.53,1604.53,1,237583.13
CUST98561399296,2091.12,2091.12,1,224891.17
CUST98563819322,2364.25,2364.25,1,460266.26
CUST98567091398,423.66,423.66,1,394028.32
CUST98573848062,13213.92,13213.92,1,73119.02
CUST98577360720,925.97,925.97,1,490350.56
CUST98581404394,588.95,588.95,1,98756.46
CUST98583177669,1250.3,1250.3,1,336448.85
CUST98588305211,623.97,623.97,1,433988.42
CUST98588726480,460.18,460.18,1,289997.91
CUST98591195524,412.47,412.47,1,192474.69
CUST98593072670,500.57,500.57,1,425455.22
CUST98593562957,204.75,204.75,1,247142.24
CUST98596722882,662.33,662.33,1,96998.98
CUST98603160005,335.71,335.71,1,276781.58
CUST98603963296,554.22,554.22,1,422213.3
CUST98606962490,355.88,355.88,1,60786.84
CUST98611547158,128.45,128.45,1,446901.48
CUST98619446197,894.59,894.59,1,350533.78
CUST98625846687,2221.2,2221.2,1,440813.33
CUST98629130980,257.32,257.32,1,438272.85
CUST98635226164,566.21,566.21,1,409728.55
CUST98636952136,799.42,799.42,1,289834.64
CUST98637434757,601.59,601.59,1,115059.57
CUST98640867744,4747.8,4747.8,1,304941.67
CUST98643750028,160.6,160.6,1,202942.28
CUST98643874603,3113.02,3113.02,1,361797.27
CUST98655189062,346.19,346.19,1,256250.86
CUST98657686165,259.62,259.62,1,92376.77
CUST98660453033,370.44,370.44,1,465009.56
CUST98661967887,1192.48,1192.48,1,309052.5
CUST98672320259,3843.89,3843.89,1,123846.63
CUST98672786805,2281.1,2281.1,1,75492.45
CUST98675920543,177.39,177.39,1,444371.02
CUST98681747236,1880.56,1880.56,1,432495.91
CUST98687079241,882.62,882.62,1,15093.47
CUST98693967658,1277.74,1277.74,1,43345.23
CUST98697180248,825.05,825.05,1,283889.85
CUST98711006173,151.36,151.36,1,2782.16
CUST98712018914,462.92,462.92,1,80189.68
CUST98732824028,443.18,443.18,1,39041.79
CUST98733422714,298.15,298.15,1,283701.58
CUST98735774465,135.73,135.73,1,338567.8
CUST98743915285,4891.49,4891.49,1,488386.26
CUST98749110824,26805.0,26805.0,1,246035.5
CUST98751418184,2577.32,2577.32,1,472511.2
CUST98754366412,24117.53,24117.53,1,25699.91
CUST98759846575,2717.43,2717.43,1,106755.93
CUST98762193624,2854.64,2854.64,1,451075.78
CUST98766578907,235.44,235.44,1,346713.23
CUST98774204232,297.61,297.61,1,213332.99
CUST98779148299,1497.02,1497.02,1,491870.78
CUST98780518993,3484.25,3484.25,1,243570.51
CUST98781702847,214.72,214.72,1,457110.81
CUST98798794709,493.09,493.09,1,48685.56
CUST98801096522,928.73,928.73,1,129222.51
CUST98802872179,960.47,960.47,1,383787.26
CUST98805060835,1822.45,1822.45,1,282482.39
CUST98818597838,452.48,452.48,1,283008.23
CUST98820557327,3018.11,3018.11,1,385238.81
CUST98821110418,15077.41,15077.41,1,159731.2
CUST98823769835,620.76,620.76,1,445519.86
CUST98836174817,1098.65,1098.65,1,474716.89
CUST98837525058,794.76,794.76,1,357531.98
CUST98839995541,2327.99,2327.99,1,448002.89
CUST98840217232,1293.26,1293.26,1,487072.39
CUST98851144872,1274.36,1274.36,1,97058.89
CUST98851878924,10744.68,10744.68,1,423442.44
CUST98853609912,5333.8,5333.8,1,206411.64
CUST98865332766,91.47,91.47,1,50128.89
CUST98865849545,441.28,441.28,1,115894.05
CUST98865968296,748.44,748.44,1,194057.37
CUST98872696663,1815.68,1815.68,1,31280.63
CUST98882117236,842.15,842.15,1,166586.99
CUST98884721042,412.6,412.6,1,50103.1
CUST98901194521,3782.56,3782.56,1,45672.42
CUST98901961474,1512.24,1512.24,1,338625.1
CUST98924802436,558.54,558.54,1,342279.97
CUST98927722548,296.21,296.21,1,239632.6
CUST98936097458,1517.31,1517.31,1,49974.06
CUST98940260101,41951.1,41951.1,1,148766.76
CUST98941468669,2867.41,2867.41,1,239444.4
CUST98943088978,995.84,995.84,1,121599.38
CUST98959854711,1025.07,1025.07,1,473311.74
CUST98960594458,347.29,347.29,1,74028.54
CUST98962287141,434.52,434.52,1,157211.66
CUST98966137589,97.19,97.19,1,379457.42
CUST98966467429,716.71,716.71,1,377807.17
CUST98990164721,3024.13,3024.13,1,363067.75
CUST98995918534,1107.21,1107.21,1,16756.36
CUST98996212047,597.44,597.44,1,37669.53
CUST98998568376,324.05,324.05,1,373312.7
CUST99002261884,942.5,942.5,1,221615.88
CUST99004130570,1952.84,1952.84,1,157556.2
CUST99015192506,438.96,438.96,1,429141.42
CUST99017549534,339.46,339.46,1,357316.89
CUST99018432781,331.07,331.07,1,489339.01
CUST99023507520,3464.88,3464.88,1,169807.88
CUST99026978846,154.76,154.76,1,41986.87
CUST99031195586,5565.87,5565.87,1,421559.65
CUST99032437070,1287.92,1287.92,1,151536.42
CUST99041358406,108.42,108.42,1,203554.33
CUST99047933171,9171.95,9171.95,1,75181.77
CUST99048071560,462.61,462.61,1,143811.58
CUST99049480055,5810.44,5810.44,1,127064.57
CUST99055491499,218.28,218.28,1,287967.51
CUST99061367739,1388.8,1388.8,1,141550.15
CUST99065786054,380.4,380.4,1,50931.42
CUST99072456666,1013.39,1013.39,1,7476.57
CUST99073543655,215.96,215.96,1,265361.42
CUST99082738032,4998.2,4998.2,1,392264.86
CUST99083190730,579.77,579.77,1,216934.3
CUST99097930246,1774.36,1774.36,1,474982.97
CUST99098507079,4285.74,4285.74,1,210021.23
CUST99099988047,232.41,232.41,1,458967.47
CUST99113488614,1397.5,1397.5,1,162875.1
CUST99115892694,222.7,222.7,1,79314.72
CUST99117908892,686.44,686.44,1,27885.33
CUST99123282844,1223.53,1223.53,1,177477.43
CUST99123386688,77.59,77.59,1,243271.33
CUST99138522980,463.09,463.09,1,14404.91
CUST99150777218,288.78,288.78,1,479894.94
CUST99156502630,963.55,963.55,1,256965.78
CUST99161446755,840.19,840.19,1,367021.17
CUST99163279574,1235.24,1235.24,1,174849.46
CUST99164395321,3158.82,3158.82,1,117456.22
CUST99165621069,1906.3,1906.3,1,40004.75
CUST99173883465,1341.32,1341.32,1,159631.72
CUST99184433029,183.27,183.27,1,47135.51
CUST99188984281,21560.14,21560.14,1,331717.28
CUST99190444733,174.18,174.18,1,72456.77
CUST99190712892,854.14,854.14,1,493955.76
CUST99194496426,116.02,116.02,1,160516.32
CUST99196289017,1690.11,1690.11,1,165712.39
CUST99207417694,556.09,556.09,1,23700.16
CUST99210432841,1185.49,1185.49,1,240892.83
CUST99220771434,444.12,444.12,1,120233.7
CUST99224710420,9972.11,9972.11,1,158360.6
CUST99230301645,451.36,451.36,1,295366.2
CUST99233668828,45.97,45.97,1,22274.59
CUST99238888845,2571.21,2571.21,1,157684.84
CUST99241056103,934.64,934.64,1,301441.23
CUST99246464053,434.85,434.85,1,352139.18
CUST99249616053,414.45,414.45,1,108000.48
CUST99250571520,1083.0,1083.0,1,358573.2
CUST99251819480,5550.87,5550.87,1,241320.25
CUST99264459030,191.73,191.73,1,179585.02
CUST99265319059,730.91,730.91,1,37429.5
CUST99266114145,197.75,197.75,1,462470.54
CUST99268119322,14157.25,14157.25,1,344895.04
CUST99268239950,610.87,610.87,1,204086.77
CUST99276548225,1674.19,1674.19,1,327256.68
CUST99277995812,1193.7,1193.7,1,245167.03
CUST99283899767,439.81,439.81,1,462245.28
CUST99292439354,1248.97,1248.97,1,25572.49
CUST99294460500,1669.84,1669.84,1,346311.88
CUST99294809991,818.11,818.11,1,212793.61
CUST99297729107,2452.33,2452.33,1,35508.21
CUST99299003772,302.47,302.47,1,448221.64
CUST99310735924,4265.05,4265.05,1,145614.82
CUST99311201554,1376.25,1376.25,1,393135.82
CUST99319019687,6215.95,6215.95,1,24304.08
CUST99323651673,422.96,422.96,1,366514.63
CUST99330116818,397.83,397.83,1,147708.51
CUST99330668908,747.83,747.83,1,291562.23
CUST99357742031,341.37,341.37,1,19259.47
CUST99364536959,184.38,184.38,1,387909.94
CUST99366506798,124.75,124.75,1,167648.34
CUST99369857550,407.81,407.81,1,380021.63
CUST99377061960,685.6,685.6,1,139726.4
CUST99377707352,457.2,457.2,1,446941.18
CUST99377720304,3295.77,3295.77,1,241476.46
CUST99380006497,416.71,416.71,1,174326.26
CUST99382452318,1018.45,1018.45,1,394699.75
CUST99386306871,1045.0,1045.0,1,320357.77
CUST99386629163,2921.01,2921.01,1,375015.09
CUST99390347593,441.9,441.9,1,315070.61
CUST99397407227,399.97,399.97,1,277364.9
CUST99398395085,35072.42,35072.42,1,90141.35
CUST99401850787,980.15,980.15,1,4127.34
CUST99402855402,6147.9,6147.9,1,138734.06
CUST99407108011,734.58,734.58,1,233266.44
CUST99411349317,4737.87,4737.87,1,340081.92
CUST99413210191,840.44,840.44,1,267330.75
CUST99414264847,3768.09,3768.09,1,335193.64
CUST99420255017,1619.01,1619.01,1,65434.84
CUST99429797619,554.79,554.79,1,46069.86
CUST99430602417,285.93,285.93,1,189272.52
CUST99433691950,979.98,979.98,1,82591.53
CUST99438077714,540.17,540.17,1,356171.84
CUST99449800164,88.44,88.44,1,154675.39
CUST99453483761,108.0,108.0,1,340133.15
CUST99460535767,372.74,372.74,1,137466.4
CUST99466003359,120.24,120.24,1,121242.45
CUST99466195014,60.74,60.74,1,474525.55
CUST99469835827,715.96,715.96,1,60749.1
CUST99472311596,421.82,421.82,1,246003.52
CUST99479120282,449.99,449.99,1,287314.27
CUST99481779908,1490.3,1490.3,1,220177.9
CUST99489035621,3407.4,3407.4,1,267398.49
CUST99502738729,856.5,856.5,1,327161.85
CUST99509535616,931.51,931.51,1,248076.82
CUST99514031905,409.29,409.29,1,125479.35
CUST99514773560,3138.02,3138.02,1,417661.2
CUST99530982239,1398.36,1398.36,1,295589.66
CUST99532460898,87.18,87.18,1,61416.73
CUST99534976330,312.9,312.9,1,136625.36
CUST99538076954,298.84,298.84,1,401650.77
CUST99540566158,203.34,203.34,1,114465.04
CUST99546100684,4118.65,4118.65,1,237480.74
CUST99548203999,2658.44,2658.44,1,21275.84
CUST99549757408,124.02,124.02,1,156097.94
CUST99552253681,889.33,889.33,1,218860.1
CUST99568604133,321.78,321.78,1,344548.64
CUST99568784840,679.18,679.18,1,172200.22
CUST99570083138,1738.99,1738.99,1,254532.86
CUST99570961274,288.46,288.46,1,394962.73
CUST99576560069,247.34,247.34,1,139909.47
CUST99582380524,285.89,285.89,1,420580.09
CUST99582861420,152.11,152.11,1,242579.84
CUST99587496100,113.54,113.54,1,381101.88
CUST99588467200,870.29,870.29,1,216876.62
CUST99590906665,1859.66,1859.66,1,408099.34
CUST99594284656,1288.62,1288.62,1,256717.64
CUST99599421283,139.68,139.68,1,157207.57
CUST99617120944,264.51,264.51,1,196342.62
CUST99622955024,785.88,785.88,1,332088.49
CUST99623146514,2311.04,2311.04,1,293083.42
CUST99632912584,1248.42,1248.42,1,331607.99
CUST99634690880,148.01,148.01,1,174008.6
CUST99635761559,10780.58,10780.58,1,104644.33
CUST99637139678,7403.17,7403.17,1,44205.35
CUST99640489906,132.75,132.75,1,445304.93
CUST99642434834,1492.51,1492.51,1,24595.62
CUST99642482264,272.95,272.95,1,376766.94
CUST99655200291,237.49,237.49,1,213118.6
CUST99657170989,643.77,643.77,1,236606.99
CUST99659839591,305.0,305.0,1,439821.08
CUST99670037470,352.42,352.42,1,269923.81
CUST99671064882,46.73,46.73,1,279473.84
CUST99671273291,1884.38,1884.38,1,118528.2
CUST99681605003,223.37,223.37,1,300411.69
CUST99683887017,16496.87,16496.87,1,75456.43
CUST99691923128,237.49,237.49,1,57597.5
CUST99699490006,1604.75,1604.75,1,153927.48
CUST99702386962,11757.5,11757.5,1,121992.8
CUST99706963674,1234.11,1234.11,1,48604.69
CUST99709013616,585.24,585.24,1,388208.04
CUST99724337591,2088.16,2088.16,1,108096.87
CUST99755569969,306.44,306.44,1,192166.84
CUST99756777186,71.43,71.43,1,121146.32
CUST99758282826,842.78,842.78,1,364824.73
CUST99776422279,2043.0,2043.0,1,431217.65
CUST99780465996,191.86,191.86,1,343985.47
CUST99785784522,708.43,708.43,1,317877.27
CUST99792225554,598.51,598.51,1,93363.55
CUST99796192934,12721.43,12721.43,1,371437.95
CUST99798112774,372.06,372.06,1,49631.26
CUST99798166404,346.39,346.39,1,446212.05
CUST99802857248,522.62,522.62,1,301688.01
CUST99807284123,2458.64,2458.64,1,268538.53
CUST99807359373,2207.33,2207.33,1,231184.27
CUST99810640778,754.65,754.65,1,327167.99
CUST99820570644,4615.77,4615.77,1,89161.23
CUST99820912440,5855.5,5855.5,1,99465.37
CUST99825320631,81.11,81.11,1,14958.26
CUST99827395924,672.82,672.82,1,444024.97
CUST99835584392,660.2,660.2,1,481178.57
CUST99838271759,301.73,301.73,1,400008.49
CUST99843832543,282.91,282.91,1,401118.96
CUST99852722191,136.46,136.46,1,489975.99
CUST99853129184,619.48,619.48,1,101741.35
CUST99855520231,134.59,134.59,1,146034.67
CUST99865644079,179.46,179.46,1,55563.36
CUST99868408373,64.22,64.22,1,154198.0
CUST99877222757,689.3,689.3,1,206504.76
CUST99880148476,1938.72,1938.72,1,339595.58
CUST99890593347,206.61,206.61,1,242800.05
CUST99893545540,525.83,525.83,1,139835.22
CUST99899020454,2717.71,2717.71,1,169566.24
CUST99902578598,1535.57,1535.57,1,473537.31
CUST99904671037,92.22,92.22,1,471154.22
CUST99906338405,1547.97,1547.97,1,173433.27
CUST99916605122,10684.0,10684.0,1,137244.87
CUST99917950022,240.26,240.26,1,90782.69
CUST99918773152,276.4,276.4,1,468888.86
CUST99920166241,2067.79,2067.79,1,324835.59
CUST99920867394,329.8,329.8,1,122771.63
CUST99921691919,3291.26,3291.26,1,142425.58
CUST99925628562,2528.14,2528.14,1,435694.48
CUST99928332730,1687.79,1687.79,1,131.04
CUST99940288074,434.04,434.04,1,174007.75
CUST99941329167,480.87,480.87,1,40430.29
CUST99943356843,504.24,504.24,1,135768.24
CUST99947731615,27070.85,27070.85,1,207347.29
CUST99951917393,327.95,327.95,1,428713.02
CUST99953088821,13452.79,13452.79,1,242882.03
CUST99965763863,365.51,365.51,1,12947.87
CUST99967979906,2954.24,2954.24,1,122090.76
CUST99978859931,493.23,493.23,1,76523.93
CUST99981788250,826.75,826.75,1,135451.04
CUST99986613575,1115.17,1115.17,1,279891.78
CUST99993967892,1600.98,1600.98,1,104695.22
